VehicleNumber,EventTime,label_next2h,risk_next2h,time_from_prev_h_clipped,events_6h,downtime_6h,events_24h,downtime_24h,hour_sin,hour_cos,weekday_sin,weekday_cos
1,2025-12-08 06:13:33,0,0.31786270513677023,0.0,1.0,3.0,1.0,3.0,0.9983916705573488,-0.05669278756337747,0.0,1.0
1,2025-12-08 23:12:50,0,0.316325294577034,16.988055555555555,1.0,1.0,2.0,4.0,-0.20791169081775987,0.9781476007338056,0.0,1.0
1,2025-12-09 08:38:09,0,0.27066224647661313,9.421944444444444,1.0,2.0,2.0,3.0,0.7716245833877202,-0.6360782202777637,0.7818314824680298,0.6234898018587336
1,2025-12-09 16:19:23,1,0.27352964967865495,7.687222222222222,1.0,0.0,3.0,3.0,-0.9044551454543679,-0.4265687399014586,0.7818314824680298,0.6234898018587336
1,2025-12-09 16:29:19,0,0.3879306767608911,0.16555555555555557,2.0,0.0,4.0,3.0,-0.9222009716704517,-0.38671096163682095,0.7818314824680298,0.6234898018587336
1,2025-12-09 22:36:36,0,0.3253938895939352,6.121388888888889,1.0,1.0,5.0,4.0,-0.35836794954529994,0.9335804264972019,0.7818314824680298,0.6234898018587336
1,2025-12-10 16:53:45,1,0.41529877508903873,18.285833333333333,1.0,5.0,2.0,6.0,-0.9575713608048145,-0.2881962681340891,0.9749279121818236,-0.22252093395631434
1,2025-12-10 16:58:51,1,0.3906109326069277,0.085,2.0,5.0,3.0,6.0,-0.963630453208623,-0.26723837607825707,0.9749279121818236,-0.22252093395631434
1,2025-12-10 16:59:10,0,0.33965302397227654,0.005277777777777778,3.0,5.0,4.0,6.0,-0.964787323828813,-0.2630312144579744,0.9749279121818236,-0.22252093395631434
1,2025-12-10 20:55:40,0,0.43304326956356193,3.941666666666667,4.0,7.0,5.0,8.0,-0.7223639620597554,0.6915130557822696,0.9749279121818236,-0.22252093395631434
1,2025-12-11 19:26:11,0,0.29420308801291833,22.50861111111111,1.0,3.0,2.0,5.0,-0.9304175679820244,0.3665012267242977,0.43388373911755823,-0.900968867902419
1,2025-12-12 18:32:56,0,0.3481402793627508,23.1125,1.0,1.0,2.0,4.0,-0.9902680687415704,0.13917310096006547,-0.433883739117558,-0.9009688679024191
1,2025-12-12 23:23:41,0,0.3586201098403721,4.845833333333333,2.0,3.0,2.0,3.0,-0.16074256560382694,0.9869963665602318,-0.433883739117558,-0.9009688679024191
1,2025-12-13 02:45:08,0,0.42542258683891404,3.3575,2.0,27.0,3.0,28.0,0.6593458151000688,0.7518398074789775,-0.9749279121818236,-0.2225209339563146
1,2025-12-13 13:29:39,1,0.642687293948021,10.741944444444444,1.0,0.0,4.0,28.0,-0.3786486173524327,-0.9255405040175665,-0.9749279121818236,-0.2225209339563146
1,2025-12-13 13:30:04,0,0.5182583691477278,0.006944444444444444,2.0,0.0,5.0,28.0,-0.38268343236508967,-0.9238795325112868,-0.9749279121818236,-0.2225209339563146
1,2025-12-13 17:21:55,1,0.7024577164765098,3.8641666666666667,3.0,1.0,6.0,29.0,-0.9855560590580776,-0.16934950384902486,-0.9749279121818236,-0.2225209339563146
1,2025-12-13 17:22:16,1,0.6834435336644278,0.005833333333333334,4.0,1.0,7.0,29.0,-0.9862856015372314,-0.1650476058606773,-0.9749279121818236,-0.2225209339563146
1,2025-12-13 17:22:23,1,0.6800992851996253,0.0019444444444444444,5.0,2.0,8.0,30.0,-0.9862856015372314,-0.1650476058606773,-0.9749279121818236,-0.2225209339563146
1,2025-12-13 17:27:54,0,0.47513467927561825,0.09194444444444444,6.0,6.0,9.0,34.0,-0.9896513868196702,-0.1434926219911794,-0.9749279121818236,-0.2225209339563146
1,2025-12-14 17:55:08,1,0.3844202309523422,24.0,1.0,1.0,1.0,1.0,-0.9997620270799091,-0.021814885034560836,-0.7818314824680299,0.6234898018587334
1,2025-12-14 17:57:10,1,0.49632343812956636,0.03388888888888889,2.0,3.0,2.0,3.0,-0.999914327574007,-0.013089595571344698,-0.7818314824680299,0.6234898018587334
1,2025-12-14 18:00:31,0,0.4244616356278609,0.05583333333333333,3.0,4.0,3.0,4.0,-1.0,-1.8369701987210297e-16,-0.7818314824680299,0.6234898018587334
1,2025-12-15 06:06:53,1,0.42101954359971494,12.106111111111112,1.0,0.0,4.0,4.0,0.9996573249755573,-0.026176948307873017,0.0,1.0
1,2025-12-15 06:39:20,1,0.4723712152614322,0.5408333333333334,2.0,0.0,5.0,4.0,0.9855560590580777,-0.1693495038490246,0.0,1.0
1,2025-12-15 06:39:37,0,0.44956615934243827,0.004722222222222222,3.0,20.0,6.0,24.0,0.9855560590580777,-0.1693495038490246,0.0,1.0
1,2025-12-15 13:01:02,0,0.35539063473232163,6.356944444444444,1.0,3.0,7.0,27.0,-0.26303121445797495,-0.9647873238288129,0.0,1.0
1,2025-12-16 15:02:20,0,0.34732909460122646,24.0,1.0,14.0,1.0,14.0,-0.7132504491541815,-0.7009092642998511,0.7818314824680298,0.6234898018587336
1,2025-12-17 00:26:50,0,0.3585658446405873,9.408333333333333,1.0,4.0,2.0,18.0,0.11320321376790672,0.9935718556765875,0.9749279121818236,-0.22252093395631434
1,2025-12-18 00:58:24,0,0.3266544790002556,24.0,1.0,2.0,1.0,2.0,0.2503800040544414,0.9681476403781077,0.43388373911755823,-0.900968867902419
1,2025-12-18 13:26:18,0,0.34772504119373715,12.465,1.0,1.0,2.0,3.0,-0.36650122672429736,-0.9304175679820245,0.43388373911755823,-0.900968867902419
1,2025-12-18 21:34:16,0,0.3147319767277784,8.132777777777777,1.0,0.0,3.0,3.0,-0.5948227867513417,0.8038568606172171,0.43388373911755823,-0.900968867902419
1,2025-12-19 05:20:06,0,0.3240966791802886,7.763888888888889,1.0,0.0,3.0,1.0,0.984807753012208,0.17364817766693041,-0.433883739117558,-0.9009688679024191
1,2026-01-08 11:12:48,0,0.43889981361572034,24.0,1.0,0.0,1.0,0.0,0.20791169081775931,-0.9781476007338057,0.43388373911755823,-0.900968867902419
1,2026-01-09 06:18:31,1,0.35643956575776703,19.095277777777778,1.0,0.0,2.0,0.0,0.996917333733128,-0.07845909572784467,-0.433883739117558,-0.9009688679024191
1,2026-01-09 06:51:01,1,0.4636376999000235,0.5416666666666666,2.0,0.0,3.0,0.0,0.9753423205085128,-0.22069743502150074,-0.433883739117558,-0.9009688679024191
1,2026-01-09 06:51:49,1,0.4800637729577427,0.013333333333333334,3.0,0.0,4.0,0.0,0.9753423205085128,-0.22069743502150074,-0.433883739117558,-0.9009688679024191
1,2026-01-09 06:52:17,0,0.49526387435320546,0.0077777777777777776,4.0,129.0,5.0,129.0,0.9743700647852352,-0.22495105434386503,-0.433883739117558,-0.9009688679024191
1,2026-01-10 06:20:08,0,0.48237962780349186,23.464166666666667,1.0,0.0,4.0,129.0,0.9961946980917455,-0.08715574274765801,-0.9749279121818236,-0.2225209339563146
1,2026-01-10 15:24:47,0,0.5331169856805836,9.0775,1.0,5.0,2.0,5.0,-0.7771459614569711,-0.6293203910498371,-0.9749279121818236,-0.2225209339563146
1,2026-01-10 18:50:40,0,0.6114282079999287,3.431388888888889,2.0,7.0,3.0,7.0,-0.9762960071199335,0.21643961393810246,-0.9749279121818236,-0.2225209339563146
2,2025-12-07 12:55:15,1,0.47249900467840183,0.0,1.0,19.0,1.0,19.0,-0.2376858923261727,-0.9713420698132615,-0.7818314824680299,0.6234898018587334
2,2025-12-07 13:14:18,1,0.6328366749372326,0.3175,2.0,19.0,2.0,19.0,-0.3173046564050919,-0.9483236552061994,-0.7818314824680299,0.6234898018587334
2,2025-12-07 13:15:05,1,0.6228442733014338,0.013055555555555556,3.0,19.0,3.0,19.0,-0.32143946530316153,-0.9469301294951057,-0.7818314824680299,0.6234898018587334
2,2025-12-07 13:15:47,1,0.679304218385242,0.011666666666666667,4.0,20.0,4.0,20.0,-0.32143946530316153,-0.9469301294951057,-0.7818314824680299,0.6234898018587334
2,2025-12-07 13:16:25,1,0.6863793772641616,0.010555555555555556,5.0,21.0,5.0,21.0,-0.32556815445715676,-0.9455185755993167,-0.7818314824680299,0.6234898018587334
2,2025-12-07 13:17:16,1,0.8234449295926044,0.014166666666666666,6.0,22.0,6.0,22.0,-0.32969064526278713,-0.9440890203927843,-0.7818314824680299,0.6234898018587334
2,2025-12-07 13:18:43,1,0.8306413723377513,0.024166666666666666,7.0,24.0,7.0,24.0,-0.33380685923377096,-0.9426414910921784,-0.7818314824680299,0.6234898018587334
2,2025-12-07 13:20:19,1,0.8282285976789966,0.02666666666666667,8.0,25.0,8.0,25.0,-0.34202014332566866,-0.9396926207859084,-0.7818314824680299,0.6234898018587334
2,2025-12-07 13:21:06,1,0.8368729909729238,0.013055555555555556,9.0,26.0,9.0,26.0,-0.34611705707749263,-0.9381913359224843,-0.7818314824680299,0.6234898018587334
2,2025-12-07 13:22:54,1,0.8362220629943472,0.03,10.0,26.0,10.0,26.0,-0.3502073812594677,-0.9366721892483976,-0.7818314824680299,0.6234898018587334
2,2025-12-07 13:23:48,1,0.8498942758400243,0.015,11.0,27.0,11.0,27.0,-0.3542910379977154,-0.9351352096860118,-0.7818314824680299,0.6234898018587334
2,2025-12-07 13:25:07,0,0.7391423481345137,0.021944444444444444,12.0,29.0,12.0,29.0,-0.36243803828370114,-0.9320078692827987,-0.7818314824680299,0.6234898018587334
2,2025-12-08 23:27:08,0,0.3269681606345609,24.0,1.0,2.0,1.0,2.0,-0.14349262199117946,0.9896513868196702,0.0,1.0
2,2025-12-09 04:45:27,0,0.4237626447991502,5.3052777777777775,2.0,11.0,2.0,11.0,0.9469301294951056,0.3214394653031617,0.7818314824680298,0.6234898018587336
2,2025-12-11 06:32:31,0,0.28307156356070046,24.0,1.0,5.0,1.0,5.0,0.9902680687415704,-0.13917310096006535,0.43388373911755823,-0.900968867902419
2,2025-12-13 01:06:26,1,0.6218331363017124,24.0,1.0,7.0,1.0,7.0,0.28401534470392265,0.958819734868193,-0.9749279121818236,-0.2225209339563146
2,2025-12-13 01:14:28,0,0.46745099780039534,0.1338888888888889,2.0,9.0,2.0,9.0,0.31730465640509214,0.9483236552061993,-0.9749279121818236,-0.2225209339563146
2,2025-12-13 07:39:35,1,0.5981419312470302,6.418611111111111,1.0,6.0,3.0,15.0,0.9081431738250813,-0.41865973753742824,-0.9749279121818236,-0.2225209339563146
2,2025-12-13 07:51:39,1,0.5862311804350919,0.2011111111111111,2.0,6.0,4.0,15.0,0.8849876374630421,-0.465614520325111,-0.9749279121818236,-0.2225209339563146
2,2025-12-13 07:51:51,1,0.6273006972591562,0.0033333333333333335,3.0,6.0,5.0,15.0,0.8849876374630421,-0.465614520325111,-0.9749279121818236,-0.2225209339563146
2,2025-12-13 07:56:33,0,0.5993612502303836,0.07833333333333334,4.0,7.0,6.0,16.0,0.8746197071393959,-0.484809620246337,-0.9749279121818236,-0.2225209339563146
2,2025-12-13 19:20:19,1,0.7063591818636488,11.39611111111111,1.0,1.0,7.0,17.0,-0.9396926207859085,0.34202014332566816,-0.9749279121818236,-0.2225209339563146
2,2025-12-13 19:33:13,1,0.6513975805198575,0.215,2.0,1.0,8.0,17.0,-0.9187912101488985,0.39474385638426673,-0.9749279121818236,-0.2225209339563146
2,2025-12-13 19:34:04,1,0.6369976522068438,0.014166666666666666,3.0,1.0,9.0,17.0,-0.917060074385124,0.39874906892524625,-0.9749279121818236,-0.2225209339563146
2,2025-12-13 19:37:03,1,0.6676182232126312,0.04972222222222222,4.0,1.0,10.0,17.0,-0.9117620435770885,0.4107188526134774,-0.9749279121818236,-0.2225209339563146
2,2025-12-13 19:37:13,1,0.7388285854427332,0.002777777777777778,5.0,2.0,11.0,18.0,-0.9117620435770885,0.4107188526134774,-0.9749279121818236,-0.2225209339563146
2,2025-12-13 19:38:17,1,0.7479254771246293,0.017777777777777778,6.0,3.0,12.0,19.0,-0.9099612708765432,0.4146932426562389,-0.9749279121818236,-0.2225209339563146
2,2025-12-13 19:39:36,1,0.7447441257474848,0.021944444444444444,7.0,3.0,13.0,19.0,-0.9081431738250815,0.4186597375374277,-0.9749279121818236,-0.2225209339563146
2,2025-12-13 20:16:41,1,0.7110231411803936,0.6180555555555556,8.0,3.0,14.0,19.0,-0.8290375725550421,0.5591929034707462,-0.9749279121818236,-0.2225209339563146
2,2025-12-13 20:49:41,0,0.3485119023502902,0.55,9.0,850.0,15.0,866.0,-0.7402181274868327,0.6723668074346675,-0.9749279121818236,-0.2225209339563146
2,2025-12-14 11:54:42,1,0.4991530588215553,15.08361111111111,1.0,0.0,10.0,850.0,0.026176948307873423,-0.9996573249755573,-0.7818314824680299,0.6234898018587334
2,2025-12-14 11:55:01,0,0.3449179037568624,0.005277777777777778,2.0,0.0,11.0,850.0,0.021814885034561218,-0.9997620270799091,-0.7818314824680299,0.6234898018587334
2,2025-12-14 14:38:41,0,0.2681047114263867,2.727777777777778,3.0,0.0,12.0,850.0,-0.6360782202777636,-0.7716245833877202,-0.7818314824680299,0.6234898018587334
2,2025-12-15 13:42:02,0,0.30777132529569323,23.055833333333332,1.0,2.0,2.0,2.0,-0.43051109680829447,-0.902585284349861,0.0,1.0
2,2025-12-15 20:27:31,0,0.3228180072770714,6.758055555555556,1.0,4.0,2.0,6.0,-0.8012538126910608,0.598324600570659,0.0,1.0
2,2025-12-16 15:54:02,0,0.2536783361945426,19.441944444444445,1.0,0.0,2.0,4.0,-0.8526401643540918,-0.5224985647159494,0.7818314824680298,0.6234898018587336
2,2025-12-17 07:47:27,1,0.3021114835804105,15.890277777777778,1.0,4.0,2.0,4.0,0.8929789434111371,-0.4500984410374348,0.9749279121818236,-0.22252093395631434
4,2025-12-08 11:18:26,1,0.4957636279801897,0.0,1.0,2.0,1.0,2.0,0.18223552549214728,-0.9832549075639546,0.0,1.0
4,2025-12-08 12:37:01,1,0.5239757975121919,1.3097222222222222,2.0,4.0,2.0,4.0,-0.16074256560382613,-0.9869963665602319,0.0,1.0
4,2025-12-08 12:39:04,1,0.5689727525904962,0.034166666666666665,3.0,5.0,3.0,5.0,-0.169349503849025,-0.9855560590580776,0.0,1.0
4,2025-12-08 12:54:40,1,0.6868580343727104,0.26,4.0,36.0,4.0,36.0,-0.23344536385590528,-0.9723699203976767,0.0,1.0
4,2025-12-08 12:54:40,1,0.6819795784115893,0.26,4.0,36.0,5.0,67.0,-0.23344536385590528,-0.9723699203976767,0.0,1.0
4,2025-12-08 12:54:40,1,0.6924547305958716,0.26,4.0,36.0,4.0,18.0,-0.23344536385590528,-0.9723699203976767,0.0,1.0
4,2025-12-08 12:54:40,1,0.6911166554227877,0.26,4.0,36.0,5.0,19.0,-0.23344536385590528,-0.9723699203976767,0.0,1.0
4,2025-12-08 12:54:40,1,0.6927472561324792,0.26,5.0,67.0,4.0,36.0,-0.23344536385590528,-0.9723699203976767,0.0,1.0
4,2025-12-08 12:54:40,1,0.6874426189148762,0.26,5.0,67.0,5.0,67.0,-0.23344536385590528,-0.9723699203976767,0.0,1.0
4,2025-12-08 12:54:40,1,0.7053396191515039,0.26,5.0,67.0,4.0,18.0,-0.23344536385590528,-0.9723699203976767,0.0,1.0
4,2025-12-08 12:54:40,1,0.7054083677067511,0.26,5.0,67.0,5.0,19.0,-0.23344536385590528,-0.9723699203976767,0.0,1.0
4,2025-12-08 12:54:40,1,0.5995834998501237,0.26,3.0,5.0,4.0,36.0,-0.23344536385590528,-0.9723699203976767,0.0,1.0
4,2025-12-08 12:54:40,1,0.5975529541177801,0.26,3.0,5.0,5.0,67.0,-0.23344536385590528,-0.9723699203976767,0.0,1.0
4,2025-12-08 12:54:40,1,0.596640724307524,0.26,3.0,5.0,4.0,18.0,-0.23344536385590528,-0.9723699203976767,0.0,1.0
4,2025-12-08 12:54:40,1,0.5953026491344401,0.26,3.0,5.0,5.0,19.0,-0.23344536385590528,-0.9723699203976767,0.0,1.0
4,2025-12-08 12:54:40,1,0.6665592234933189,0.26,4.0,6.0,4.0,36.0,-0.23344536385590528,-0.9723699203976767,0.0,1.0
4,2025-12-08 12:54:40,1,0.666818726339422,0.26,4.0,6.0,5.0,67.0,-0.23344536385590528,-0.9723699203976767,0.0,1.0
4,2025-12-08 12:54:40,1,0.6649236771695202,0.26,4.0,6.0,4.0,18.0,-0.23344536385590528,-0.9723699203976767,0.0,1.0
4,2025-12-08 12:54:40,1,0.6635856019964362,0.26,4.0,6.0,5.0,19.0,-0.23344536385590528,-0.9723699203976767,0.0,1.0
4,2025-12-08 12:54:40,0,0.21749938963948512,0.0,4.0,36.0,4.0,36.0,-0.23344536385590528,-0.9723699203976767,0.0,1.0
4,2025-12-08 12:54:40,0,0.20888352030244015,0.0,4.0,36.0,5.0,67.0,-0.23344536385590528,-0.9723699203976767,0.0,1.0
4,2025-12-08 12:54:40,0,0.21687408461602112,0.0,4.0,36.0,4.0,18.0,-0.23344536385590528,-0.9723699203976767,0.0,1.0
4,2025-12-08 12:54:40,0,0.21639491794935445,0.0,4.0,36.0,5.0,19.0,-0.23344536385590528,-0.9723699203976767,0.0,1.0
4,2025-12-08 12:54:40,0,0.19925628000984905,0.0,5.0,67.0,4.0,36.0,-0.23344536385590528,-0.9723699203976767,0.0,1.0
4,2025-12-08 12:54:40,0,0.2002142294163224,0.0,5.0,67.0,5.0,67.0,-0.23344536385590528,-0.9723699203976767,0.0,1.0
4,2025-12-08 12:54:40,0,0.19993664063559113,0.0,5.0,67.0,4.0,18.0,-0.23344536385590528,-0.9723699203976767,0.0,1.0
4,2025-12-08 12:54:40,0,0.2058642976972557,0.0,5.0,67.0,5.0,19.0,-0.23344536385590528,-0.9723699203976767,0.0,1.0
4,2025-12-08 12:54:40,0,0.22233524224648335,0.0,3.0,5.0,4.0,36.0,-0.23344536385590528,-0.9723699203976767,0.0,1.0
4,2025-12-08 12:54:40,0,0.20435767872677854,0.0,3.0,5.0,5.0,67.0,-0.23344536385590528,-0.9723699203976767,0.0,1.0
4,2025-12-08 12:54:40,0,0.21794543191408933,0.0,3.0,5.0,4.0,18.0,-0.23344536385590528,-0.9723699203976767,0.0,1.0
4,2025-12-08 12:54:40,0,0.21746626524742269,0.0,3.0,5.0,5.0,19.0,-0.23344536385590528,-0.9723699203976767,0.0,1.0
4,2025-12-08 12:54:40,0,0.19859102241713672,0.0,4.0,6.0,4.0,36.0,-0.23344536385590528,-0.9723699203976767,0.0,1.0
4,2025-12-08 12:54:40,0,0.189749694354852,0.0,4.0,6.0,5.0,67.0,-0.23344536385590528,-0.9723699203976767,0.0,1.0
4,2025-12-08 12:54:40,0,0.19531126085495498,0.0,4.0,6.0,4.0,18.0,-0.23344536385590528,-0.9723699203976767,0.0,1.0
4,2025-12-08 12:54:40,0,0.1948320941882883,0.0,4.0,6.0,5.0,19.0,-0.23344536385590528,-0.9723699203976767,0.0,1.0
4,2025-12-09 21:32:55,1,0.31392141713514965,24.0,1.0,1.0,1.0,1.0,-0.6018150231520483,0.7986355100472928,0.7818314824680298,0.6234898018587336
4,2025-12-09 23:29:42,0,0.365540517265793,1.946388888888889,2.0,5.0,2.0,5.0,-0.13485093027372372,0.9908658973868821,0.7818314824680298,0.6234898018587336
4,2025-12-10 11:31:40,1,0.5273863961126608,12.032777777777778,1.0,0.0,3.0,5.0,0.12619896913582956,-0.992004949679715,0.9749279121818236,-0.22252093395631434
4,2025-12-10 11:31:53,1,0.5573443391594691,0.003611111111111111,2.0,7.0,4.0,12.0,0.12619896913582956,-0.992004949679715,0.9749279121818236,-0.22252093395631434
4,2025-12-10 12:39:38,0,0.4527330322973176,1.1291666666666667,3.0,13.0,5.0,18.0,-0.169349503849025,-0.9855560590580776,0.9749279121818236,-0.22252093395631434
4,2025-12-12 18:37:42,1,0.3627258155105331,24.0,1.0,1.0,1.0,1.0,-0.9869963665602318,0.16074256560382652,-0.433883739117558,-0.9009688679024191
4,2025-12-12 18:38:35,1,0.45788507080256274,0.014722222222222222,2.0,1.0,2.0,1.0,-0.9862856015372315,0.16504760586067693,-0.433883739117558,-0.9009688679024191
4,2025-12-12 18:38:57,0,0.40482260281216753,0.006111111111111111,3.0,2.0,3.0,2.0,-0.9862856015372315,0.16504760586067693,-0.433883739117558,-0.9009688679024191
4,2025-12-13 01:18:17,1,0.6263587185918391,6.655555555555556,1.0,29.0,4.0,31.0,0.3338068592337709,0.9426414910921784,-0.9749279121818236,-0.2225209339563146
4,2025-12-13 02:41:58,1,0.4993249901424766,1.3947222222222222,2.0,31.0,5.0,33.0,0.646123979642964,0.7632324697825288,-0.9749279121818236,-0.2225209339563146
4,2025-12-13 02:43:24,0,0.4492751778399559,0.02388888888888889,3.0,36.0,6.0,38.0,0.6527597524627224,0.7575649843840495,-0.9749279121818236,-0.2225209339563146
4,2025-12-13 20:09:07,1,0.7287693639208546,17.42861111111111,1.0,0.0,4.0,36.0,-0.8457278217039735,0.533614515915611,-0.9749279121818236,-0.2225209339563146
4,2025-12-13 20:12:56,0,0.46051306846717616,0.0636111111111111,2.0,2.0,5.0,38.0,-0.8386705679454243,0.5446390350150266,-0.9749279121818236,-0.2225209339563146
4,2025-12-14 05:29:55,0,0.29835741280875383,9.283055555555556,1.0,1.0,3.0,3.0,0.9908658973868822,0.13485093027372286,-0.7818314824680299,0.6234898018587334
4,2025-12-14 09:50:19,1,0.5069485148161823,4.34,2.0,4.0,4.0,6.0,0.5372996083468238,-0.8433914458128857,-0.7818314824680299,0.6234898018587334
4,2025-12-14 09:53:17,1,0.5636348510963348,0.049444444444444444,3.0,5.0,5.0,7.0,0.5262139236518698,-0.8503522249955627,-0.7818314824680299,0.6234898018587334
4,2025-12-14 09:54:40,1,0.6778673756998951,0.023055555555555555,4.0,5.0,6.0,7.0,0.5224985647159489,-0.8526401643540922,-0.7818314824680299,0.6234898018587334
4,2025-12-14 09:54:56,1,0.7375997117980125,0.0044444444444444444,5.0,10.0,7.0,12.0,0.5224985647159489,-0.8526401643540922,-0.7818314824680299,0.6234898018587334
4,2025-12-14 10:10:11,1,0.8634179651262014,0.25416666666666665,6.0,13.0,8.0,15.0,0.4617486132350339,-0.8870108331782217,-0.7818314824680299,0.6234898018587334
4,2025-12-14 10:13:21,1,0.8729957984182947,0.05277777777777778,7.0,13.0,9.0,15.0,0.45009844103743496,-0.892978943411137,-0.7818314824680299,0.6234898018587334
4,2025-12-14 10:13:28,1,0.9184533074788542,0.0019444444444444444,8.0,13.0,10.0,15.0,0.45009844103743496,-0.892978943411137,-0.7818314824680299,0.6234898018587334
4,2025-12-14 10:13:37,1,0.9201153604798522,0.0025,9.0,13.0,11.0,15.0,0.45009844103743496,-0.892978943411137,-0.7818314824680299,0.6234898018587334
4,2025-12-14 10:13:41,1,0.9258169026349816,0.0011111111111111111,10.0,13.0,12.0,15.0,0.45009844103743496,-0.892978943411137,-0.7818314824680299,0.6234898018587334
4,2025-12-14 10:13:45,1,0.9414741473257188,0.0011111111111111111,11.0,13.0,13.0,15.0,0.45009844103743496,-0.892978943411137,-0.7818314824680299,0.6234898018587334
4,2025-12-14 10:13:49,1,0.9084067618861057,0.0011111111111111111,12.0,19.0,14.0,21.0,0.45009844103743496,-0.892978943411137,-0.7818314824680299,0.6234898018587334
4,2025-12-14 12:03:45,1,0.6752310456936993,1.8322222222222222,12.0,18.0,15.0,21.0,-0.013089595571344391,-0.999914327574007,-0.7818314824680299,0.6234898018587334
4,2025-12-14 12:03:49,1,0.8115039338529596,0.0011111111111111111,13.0,19.0,16.0,22.0,-0.013089595571344391,-0.999914327574007,-0.7818314824680299,0.6234898018587334
4,2025-12-14 12:08:11,0,0.655836033836794,0.07277777777777777,14.0,19.0,17.0,22.0,-0.034899496702500456,-0.9993908270190958,-0.7818314824680299,0.6234898018587334
4,2025-12-14 15:30:01,0,0.41220736109856426,3.363888888888889,15.0,30.0,18.0,33.0,-0.7933533402912349,-0.6087614290087209,-0.7818314824680299,0.6234898018587334
4,2025-12-14 18:22:45,1,0.48977725587514653,2.878888888888889,2.0,20.0,19.0,42.0,-0.9953961983671789,0.09584575252022405,-0.7818314824680299,0.6234898018587334
4,2025-12-14 19:40:27,0,0.42185209330672746,1.295,3.0,24.0,20.0,46.0,-0.9063077870366498,0.4226182617406996,-0.7818314824680299,0.6234898018587334
4,2025-12-15 06:41:31,1,0.5293272486146324,11.017777777777777,1.0,9.0,18.0,52.0,0.9840406976462909,-0.1779435454738419,0.0,1.0
4,2025-12-15 07:03:02,0,0.449235278831893,0.3586111111111111,2.0,10.0,19.0,53.0,0.9624552364536473,-0.2714404498650742,0.0,1.0
4,2025-12-15 17:01:38,1,0.33641236588327705,9.976666666666667,1.0,2.0,5.0,25.0,-0.9670459389139431,-0.25460194820552773,0.0,1.0
4,2025-12-15 18:06:38,0,0.34290220646517466,1.0833333333333333,2.0,2.0,6.0,25.0,-0.9996573249755573,0.026176948307873114,0.0,1.0
4,2025-12-16 09:14:28,1,0.41787105848599454,15.130555555555556,1.0,7.0,3.0,9.0,0.6626200482157377,-0.748955720789002,0.7818314824680298,0.6234898018587336
4,2025-12-16 09:21:00,1,0.48285768318399797,0.10888888888888888,2.0,7.0,4.0,9.0,0.6394390019805848,-0.7688418320734595,0.7818314824680298,0.6234898018587336
4,2025-12-16 09:21:03,1,0.5445087660129065,0.0008333333333333334,3.0,7.0,5.0,9.0,0.6394390019805848,-0.7688418320734595,0.7818314824680298,0.6234898018587336
4,2025-12-16 09:21:11,1,0.6608750660957994,0.0022222222222222222,4.0,8.0,6.0,10.0,0.6394390019805848,-0.7688418320734595,0.7818314824680298,0.6234898018587336
4,2025-12-16 09:22:37,0,0.6091929401815012,0.02388888888888889,5.0,15.0,7.0,17.0,0.6360782202777638,-0.7716245833877201,0.7818314824680298,0.6234898018587336
4,2025-12-17 00:45:47,1,0.40799904612932936,15.386111111111111,1.0,2.0,6.0,17.0,0.19509032201612825,0.9807852804032304,0.9749279121818236,-0.22252093395631434
4,2025-12-17 01:05:12,1,0.580996251498759,0.3236111111111111,2.0,14.0,7.0,29.0,0.27982901403099203,0.9600498543859287,0.9749279121818236,-0.22252093395631434
4,2025-12-17 01:05:12,1,0.6053468305219991,0.3236111111111111,2.0,14.0,8.0,41.0,0.27982901403099203,0.9600498543859287,0.9749279121818236,-0.22252093395631434
4,2025-12-17 01:05:12,1,0.595177178388076,0.3236111111111111,3.0,26.0,7.0,29.0,0.27982901403099203,0.9600498543859287,0.9749279121818236,-0.22252093395631434
4,2025-12-17 01:05:12,1,0.6185775347550819,0.3236111111111111,3.0,26.0,8.0,41.0,0.27982901403099203,0.9600498543859287,0.9749279121818236,-0.22252093395631434
4,2025-12-17 01:05:12,1,0.7091714553098177,0.0,2.0,14.0,7.0,29.0,0.27982901403099203,0.9600498543859287,0.9749279121818236,-0.22252093395631434
4,2025-12-17 01:05:12,1,0.7111641580089532,0.0,2.0,14.0,8.0,41.0,0.27982901403099203,0.9600498543859287,0.9749279121818236,-0.22252093395631434
4,2025-12-17 01:05:12,1,0.7149456391020236,0.0,3.0,26.0,7.0,29.0,0.27982901403099203,0.9600498543859287,0.9749279121818236,-0.22252093395631434
4,2025-12-17 01:05:12,1,0.7224277476278967,0.0,3.0,26.0,8.0,41.0,0.27982901403099203,0.9600498543859287,0.9749279121818236,-0.22252093395631434
4,2025-12-17 01:39:39,1,0.5961169670610887,0.5741666666666667,4.0,28.0,9.0,43.0,0.4186597375374281,0.9081431738250813,0.9749279121818236,-0.22252093395631434
4,2025-12-17 01:41:21,1,0.6498180104698418,0.028333333333333332,5.0,29.0,10.0,44.0,0.4265687399014583,0.904455145454368,0.9749279121818236,-0.22252093395631434
4,2025-12-17 01:42:33,0,0.7315989739349207,0.02,6.0,29.0,11.0,44.0,0.43051109680829514,0.9025852843498606,0.9749279121818236,-0.22252093395631434
4,2025-12-17 04:39:44,0,0.2745839127143103,2.9530555555555558,7.0,33.0,12.0,48.0,0.9381913359224842,0.346117057077493,0.9749279121818236,-0.22252093395631434
4,2025-12-17 11:19:38,0,0.3836585958889723,6.665,1.0,1.0,8.0,34.0,0.17794354547384186,-0.9840406976462909,0.9749279121818236,-0.22252093395631434
4,2025-12-17 16:23:27,0,0.4157473622800996,5.063611111111111,2.0,8.0,9.0,41.0,-0.9117620435770883,-0.41071885261347774,0.9749279121818236,-0.22252093395631434
4,2025-12-17 21:56:04,1,0.4825846121762789,5.543611111111111,2.0,25.0,10.0,59.0,-0.5150380749100537,0.8571673007021126,0.9749279121818236,-0.22252093395631434
4,2025-12-17 22:14:13,1,0.5709373570887211,0.3025,3.0,25.0,11.0,59.0,-0.4461978131098095,0.8949343616020247,0.9749279121818236,-0.22252093395631434
4,2025-12-17 22:14:36,1,0.6511917615629137,0.006388888888888889,4.0,26.0,12.0,60.0,-0.4461978131098095,0.8949343616020247,0.9749279121818236,-0.22252093395631434
4,2025-12-17 23:10:37,1,0.5537324105555047,0.9336111111111111,4.0,25.0,13.0,66.0,-0.21643961393810288,0.9762960071199334,0.9749279121818236,-0.22252093395631434
4,2025-12-17 23:16:29,0,0.5217465034729496,0.09777777777777778,5.0,27.0,14.0,68.0,-0.19080899537654467,0.981627183447664,0.9749279121818236,-0.22252093395631434
4,2025-12-19 01:37:06,0,0.32241307890907356,24.0,1.0,1.0,1.0,1.0,0.4107188526134773,0.9117620435770886,-0.433883739117558,-0.9009688679024191
4,2026-01-10 06:12:42,1,0.5184215983879281,24.0,1.0,0.0,1.0,0.0,0.9986295347545738,-0.05233595624294384,-0.9749279121818236,-0.2225209339563146
4,2026-01-10 06:13:00,1,0.5495596767448369,0.005,2.0,1.0,2.0,1.0,0.9983916705573488,-0.05669278756337747,-0.9749279121818236,-0.2225209339563146
4,2026-01-10 08:04:09,1,0.5211297821031169,1.8525,3.0,5.0,3.0,5.0,0.8571673007021124,-0.5150380749100538,-0.9749279121818236,-0.2225209339563146
4,2026-01-10 08:09:13,0,0.5637142448369603,0.08444444444444445,4.0,8.0,4.0,8.0,0.8457278217039732,-0.5336145159156115,-0.9749279121818236,-0.2225209339563146
4,2026-01-10 10:56:54,0,0.6035835127210967,2.794722222222222,5.0,15.0,5.0,15.0,0.2756373558169992,-0.9612616959383189,-0.9749279121818236,-0.2225209339563146
4,2026-01-10 20:51:27,1,0.5395836349769256,9.909166666666666,1.0,2.0,6.0,17.0,-0.7343225094356852,0.6788007455329421,-0.9749279121818236,-0.2225209339563146
4,2026-01-10 20:55:30,1,0.5023540998785126,0.0675,2.0,2.0,7.0,17.0,-0.7223639620597554,0.6915130557822696,-0.9749279121818236,-0.2225209339563146
4,2026-01-10 20:55:33,1,0.5392101348676053,0.0008333333333333334,3.0,3.0,8.0,18.0,-0.7223639620597554,0.6915130557822696,-0.9749279121818236,-0.2225209339563146
4,2026-01-10 20:57:32,0,0.5776418165032264,0.03305555555555555,4.0,4.0,9.0,19.0,-0.7163019434246545,0.69779045984168,-0.9749279121818236,-0.2225209339563146
5,2025-12-09 16:16:30,0,0.30840309430270585,0.0,1.0,1.0,1.0,1.0,-0.8987940462991668,-0.43837114678907774,0.7818314824680298,0.6234898018587336
5,2025-12-10 17:40:01,0,0.3404758249775856,24.0,1.0,0.0,1.0,0.0,-0.9961946980917455,-0.08715574274765825,0.9749279121818236,-0.22252093395631434
5,2025-12-10 21:43:22,0,0.3566804628612288,4.055833333333333,2.0,0.0,2.0,0.0,-0.5628049276950688,0.8265897491271884,0.9749279121818236,-0.22252093395631434
5,2025-12-11 04:22:39,1,0.378495632704649,6.654722222222222,1.0,2.0,3.0,2.0,0.9099612708765432,0.41469324265623914,0.43388373911755823,-0.900968867902419
5,2025-12-11 05:46:51,1,0.49517249303460376,1.4033333333333333,2.0,5.0,4.0,5.0,0.9981347984218669,0.06104853953485691,0.43388373911755823,-0.900968867902419
5,2025-12-11 06:21:15,1,0.5194912213999826,0.5733333333333334,3.0,12.0,5.0,12.0,0.9958049275746618,-0.09150161866340217,0.43388373911755823,-0.900968867902419
5,2025-12-11 06:29:02,0,0.5193030514119519,0.1297222222222222,4.0,12.0,6.0,12.0,0.992004949679715,-0.1261989691358298,0.43388373911755823,-0.900968867902419
5,2025-12-11 15:45:18,0,0.34055711534419636,9.27111111111111,1.0,42.0,7.0,54.0,-0.8314696123025452,-0.5555702330196022,0.43388373911755823,-0.900968867902419
5,2025-12-12 06:08:24,0,0.3201511000140915,14.385,1.0,3.0,4.0,52.0,0.9993908270190958,-0.03489949670250118,-0.433883739117558,-0.9009688679024191
5,2025-12-12 22:34:35,0,0.2951139828859086,16.43638888888889,1.0,3.0,2.0,6.0,-0.36650122672429725,0.9304175679820246,-0.433883739117558,-0.9009688679024191
5,2025-12-13 04:08:05,1,0.5719554258073318,5.558333333333334,2.0,4.0,3.0,7.0,0.8829475928589269,0.46947156278589086,-0.9749279121818236,-0.2225209339563146
5,2025-12-13 04:09:59,0,0.4762449943038707,0.03166666666666667,3.0,5.0,4.0,8.0,0.8849876374630419,0.4656145203251113,-0.9749279121818236,-0.2225209339563146
5,2025-12-13 06:53:00,1,0.5106383723326958,2.7169444444444446,3.0,40.0,4.0,43.0,0.9733792584604485,-0.22920039092241393,-0.9749279121818236,-0.2225209339563146
5,2025-12-13 07:34:30,1,0.6031114953082918,0.6916666666666667,4.0,40.0,5.0,43.0,0.917060074385124,-0.39874906892524614,-0.9749279121818236,-0.2225209339563146
5,2025-12-13 07:35:20,1,0.6573434530742712,0.013888888888888888,5.0,41.0,6.0,44.0,0.9153114791194472,-0.40274668985873713,-0.9749279121818236,-0.2225209339563146
5,2025-12-13 07:54:32,1,0.772143595077889,0.32,6.0,41.0,7.0,44.0,0.8788171126619654,-0.47715876025960846,-0.9749279121818236,-0.2225209339563146
5,2025-12-13 07:59:33,1,0.7374004311462352,0.08361111111111111,7.0,41.0,8.0,44.0,0.8681988144891423,-0.49621650367520825,-0.9749279121818236,-0.2225209339563146
5,2025-12-13 08:00:32,1,0.7207339127970169,0.01638888888888889,8.0,41.0,9.0,44.0,0.8660254037844387,-0.49999999999999983,-0.9749279121818236,-0.2225209339563146
5,2025-12-13 08:00:50,0,0.6916889406419601,0.005,9.0,41.0,10.0,44.0,0.8660254037844387,-0.49999999999999983,-0.9749279121818236,-0.2225209339563146
5,2025-12-13 20:11:11,1,0.6450019459312357,12.1725,1.0,0.0,11.0,44.0,-0.8410390129643925,0.5409744713679937,-0.9749279121818236,-0.2225209339563146
5,2025-12-13 20:12:38,0,0.41966256454428935,0.024166666666666666,2.0,1.0,12.0,45.0,-0.8386705679454243,0.5446390350150266,-0.9749279121818236,-0.2225209339563146
5,2025-12-14 01:51:57,0,0.377946547797509,5.655277777777778,3.0,6.0,12.0,47.0,0.4656145203251114,0.8849876374630419,-0.7818314824680299,0.6234898018587334
5,2025-12-14 10:31:10,0,0.4116217328969938,8.653611111111111,1.0,2.0,4.0,8.0,0.37864861735243294,-0.9255405040175664,-0.7818314824680299,0.6234898018587334
5,2025-12-15 11:21:17,0,0.3642767727027224,24.0,1.0,1.0,1.0,1.0,0.16934950384902525,-0.9855560590580776,0.0,1.0
5,2025-12-16 08:43:15,0,0.2729856447460916,21.36611111111111,1.0,2.0,2.0,3.0,0.7575649843840495,-0.6527597524627226,0.7818314824680298,0.6234898018587336
5,2025-12-16 15:34:00,0,0.3934929558700786,6.845833333333333,1.0,6.0,2.0,8.0,-0.8038568606172171,-0.5948227867513417,0.7818314824680298,0.6234898018587336
5,2025-12-17 00:55:02,1,0.38094121106792733,9.350555555555555,1.0,1.0,3.0,9.0,0.23768589232617307,0.9713420698132614,0.9749279121818236,-0.22252093395631434
5,2025-12-17 00:56:41,1,0.48822582022224786,0.0275,2.0,3.0,4.0,11.0,0.24192189559966773,0.9702957262759965,0.9749279121818236,-0.22252093395631434
5,2025-12-17 00:58:31,1,0.4938078832849219,0.030555555555555555,3.0,4.0,5.0,12.0,0.2503800040544414,0.9681476403781077,0.9749279121818236,-0.22252093395631434
5,2025-12-17 00:59:22,1,0.5953915749108991,0.014166666666666666,4.0,5.0,6.0,13.0,0.25460194820552756,0.9670459389139432,0.9749279121818236,-0.22252093395631434
5,2025-12-17 01:00:54,1,0.6225487908071675,0.025555555555555557,5.0,6.0,7.0,14.0,0.25881904510252074,0.9659258262890683,0.9749279121818236,-0.22252093395631434
5,2025-12-17 01:01:33,1,0.807865206295428,0.010833333333333334,6.0,7.0,8.0,15.0,0.2630312144579748,0.964787323828813,0.9749279121818236,-0.22252093395631434
5,2025-12-17 01:19:00,1,0.7490361950861626,0.29083333333333333,7.0,32.0,9.0,40.0,0.337916718003327,0.9411760152563706,0.9749279121818236,-0.22252093395631434
5,2025-12-17 01:45:14,1,0.7773637507103912,0.43722222222222223,8.0,34.0,10.0,42.0,0.44228869021900125,0.8968727415326884,0.9749279121818236,-0.22252093395631434
5,2025-12-17 01:47:44,1,0.7873675975122257,0.041666666666666664,9.0,35.0,11.0,43.0,0.45009844103743496,0.892978943411137,0.9749279121818236,-0.22252093395631434
5,2025-12-17 01:48:15,1,0.8084803201825318,0.008611111111111111,10.0,35.0,12.0,43.0,0.4539904997395468,0.8910065241883679,0.9749279121818236,-0.22252093395631434
5,2025-12-17 01:49:07,1,0.806984209610489,0.014444444444444444,11.0,36.0,13.0,44.0,0.45787391511695674,0.8890171414857364,0.9749279121818236,-0.22252093395631434
5,2025-12-17 01:50:32,1,0.807562052233134,0.02361111111111111,12.0,36.0,14.0,44.0,0.46174861323503397,0.8870108331782217,0.9749279121818236,-0.22252093395631434
5,2025-12-17 01:51:10,1,0.8220237074128651,0.010555555555555556,13.0,36.0,15.0,44.0,0.4656145203251114,0.8849876374630419,0.9749279121818236,-0.22252093395631434
5,2025-12-17 01:51:43,1,0.8335293610011384,0.009166666666666667,14.0,36.0,16.0,44.0,0.4656145203251114,0.8849876374630419,0.9749279121818236,-0.22252093395631434
5,2025-12-17 01:52:17,1,0.8192643291500598,0.009444444444444445,15.0,36.0,17.0,44.0,0.4694715627858908,0.882947592858927,0.9749279121818236,-0.22252093395631434
5,2025-12-17 01:52:51,1,0.819492411523445,0.009444444444444445,16.0,37.0,18.0,45.0,0.4694715627858908,0.882947592858927,0.9749279121818236,-0.22252093395631434
5,2025-12-17 01:53:26,0,0.7291703372372607,0.009722222222222222,17.0,37.0,19.0,45.0,0.47331966718484336,0.8808907382053855,0.9749279121818236,-0.22252093395631434
5,2025-12-18 11:47:14,1,0.5117079213444704,24.0,1.0,9.0,1.0,9.0,0.056692787563378096,-0.9983916705573488,0.43388373911755823,-0.900968867902419
5,2025-12-18 12:06:02,0,0.46477547765692656,0.31333333333333335,2.0,9.0,2.0,9.0,-0.026176948307873177,-0.9996573249755573,0.43388373911755823,-0.900968867902419
5,2025-12-18 17:02:44,1,0.4830258613339061,4.945,3.0,11.0,3.0,11.0,-0.9681476403781079,-0.25038000405444094,0.43388373911755823,-0.900968867902419
5,2025-12-18 17:04:47,0,0.46314969437883685,0.034166666666666665,4.0,11.0,4.0,11.0,-0.9702957262759965,-0.24192189559966779,0.43388373911755823,-0.900968867902419
5,2025-12-19 01:08:31,0,0.35117188789223147,8.062222222222223,1.0,1.0,5.0,12.0,0.2923717047227367,0.9563047559630355,-0.433883739117558,-0.9009688679024191
5,2025-12-19 03:35:16,0,0.41606638741540536,2.4458333333333333,2.0,2.0,6.0,13.0,0.8064446042674825,0.5913096483635825,-0.433883739117558,-0.9009688679024191
5,2026-01-08 10:37:10,1,0.3723906834893128,24.0,1.0,2.0,1.0,2.0,0.35429103799771566,-0.9351352096860118,0.43388373911755823,-0.900968867902419
5,2026-01-08 10:39:25,1,0.5491964731595513,0.0375,2.0,3.0,2.0,3.0,0.34611705707749285,-0.9381913359224842,0.43388373911755823,-0.900968867902419
5,2026-01-08 10:41:05,1,0.5532434386032778,0.027777777777777776,3.0,7.0,3.0,7.0,0.3379167180033274,-0.9411760152563705,0.43388373911755823,-0.900968867902419
5,2026-01-08 12:11:36,0,0.5552286297701091,1.5086111111111111,4.0,10.0,4.0,10.0,-0.04797812852134395,-0.9988483864849507,0.43388373911755823,-0.900968867902419
5,2026-01-09 06:46:42,0,0.2563262880251397,18.585,1.0,141.0,5.0,151.0,0.9799247046208296,-0.19936793441719708,-0.433883739117558,-0.9009688679024191
5,2026-01-10 06:12:59,1,0.45082175506954464,23.438055555555554,1.0,1.0,2.0,142.0,0.9986295347545738,-0.05233595624294384,-0.9749279121818236,-0.2225209339563146
5,2026-01-10 06:13:18,0,0.49253265168479693,0.005277777777777778,2.0,2.0,3.0,143.0,0.9983916705573488,-0.05669278756337747,-0.9749279121818236,-0.2225209339563146
5,2026-01-10 13:34:54,1,0.588860336858299,7.36,1.0,5.0,3.0,7.0,-0.3987490689252459,-0.9170600743851242,-0.9749279121818236,-0.2225209339563146
5,2026-01-10 13:42:03,0,0.5632030688412021,0.11916666666666667,2.0,6.0,4.0,8.0,-0.43051109680829447,-0.902585284349861,-0.9749279121818236,-0.2225209339563146
5,2026-01-11 06:36:25,1,0.3474511201060529,16.906111111111112,1.0,5.0,3.0,11.0,0.9876883405951378,-0.1564344650402308,-0.7818314824680299,0.6234898018587334
5,2026-01-11 06:42:20,1,0.5079788932724612,0.09861111111111111,2.0,5.0,4.0,11.0,0.9832549075639546,-0.18223552549214753,-0.7818314824680299,0.6234898018587334
5,2026-01-11 06:42:37,0,0.5414458125807621,0.004722222222222222,3.0,6.0,5.0,12.0,0.9832549075639546,-0.18223552549214753,-0.7818314824680299,0.6234898018587334
5,2026-01-11 10:19:01,0,0.6203603343936627,3.6066666666666665,4.0,9.0,6.0,15.0,0.42656873990145855,-0.9044551454543679,-0.7818314824680299,0.6234898018587334
5,2026-01-11 13:21:41,0,0.5302911013844898,3.0444444444444443,2.0,10.0,7.0,22.0,-0.34611705707749263,-0.9381913359224843,-0.7818314824680299,0.6234898018587334
6,2025-12-08 19:14:49,0,0.24332616326666937,0.0,1.0,5.0,1.0,5.0,-0.9483236552061993,0.31730465640509226,0.0,1.0
6,2025-12-09 05:10:10,0,0.27764597683547465,9.9225,1.0,0.0,2.0,5.0,0.9762960071199334,0.2164396139381029,0.7818314824680298,0.6234898018587336
6,2025-12-09 20:37:53,1,0.3132995173609859,15.461944444444445,1.0,2.0,2.0,2.0,-0.7743926440821857,0.6327053285625159,0.7818314824680298,0.6234898018587336
6,2025-12-09 20:39:11,1,0.46320907067705624,0.021666666666666667,2.0,3.0,3.0,3.0,-0.76884183207346,0.6394390019805842,0.7818314824680298,0.6234898018587336
6,2025-12-09 22:08:35,0,0.3868873971887993,1.49,3.0,4.0,4.0,4.0,-0.4694715627858916,0.8829475928589265,0.7818314824680298,0.6234898018587336
6,2025-12-10 08:55:23,1,0.3590841401509489,10.78,1.0,2.0,4.0,6.0,0.7223639620597556,-0.6915130557822693,0.9749279121818236,-0.22252093395631434
6,2025-12-10 10:13:03,1,0.5241843702014456,1.2944444444444445,2.0,13.0,5.0,17.0,0.45009844103743496,-0.892978943411137,0.9749279121818236,-0.22252093395631434
6,2025-12-10 10:50:59,1,0.5467271289624596,0.6322222222222222,3.0,20.0,6.0,24.0,0.30070579950427334,-0.9537169507482268,0.9749279121818236,-0.22252093395631434
6,2025-12-10 10:57:46,1,0.6205571473587733,0.11305555555555556,4.0,21.0,7.0,25.0,0.2714404498650746,-0.9624552364536472,0.9749279121818236,-0.22252093395631434
6,2025-12-10 12:05:03,0,0.44770379773830316,1.121388888888889,5.0,26.0,8.0,30.0,-0.021814885034560975,-0.9997620270799091,0.9749279121818236,-0.22252093395631434
6,2025-12-10 21:13:00,0,0.26764358004172745,9.1325,1.0,0.0,7.0,27.0,-0.6658816660008344,0.7460573750616993,0.9749279121818236,-0.22252093395631434
6,2025-12-11 06:54:41,0,0.29656497473387605,9.694722222222222,1.0,2.0,7.0,28.0,0.9723699203976766,-0.23344536385590556,0.43388373911755823,-0.900968867902419
6,2025-12-11 14:13:16,1,0.42828573525223956,7.309722222222222,1.0,5.0,3.0,7.0,-0.548293229519914,-0.8362861558477594,0.43388373911755823,-0.900968867902419
6,2025-12-11 14:18:47,0,0.47131231610687463,0.09194444444444444,2.0,6.0,4.0,8.0,-0.5664062369248329,-0.8241261886220156,0.43388373911755823,-0.900968867902419
6,2025-12-11 20:46:07,0,0.3132338418202716,6.455555555555556,1.0,0.0,5.0,8.0,-0.7489557207890021,0.6626200482157375,0.43388373911755823,-0.900968867902419
6,2025-12-12 16:12:45,0,0.2918602732122295,19.44388888888889,1.0,1.0,2.0,1.0,-0.8910065241883678,-0.45399049973954697,-0.433883739117558,-0.9009688679024191
6,2025-12-13 01:18:03,0,0.5327683391382594,9.088333333333333,1.0,8.0,2.0,9.0,0.3338068592337709,0.9426414910921784,-0.9749279121818236,-0.2225209339563146
6,2025-12-13 20:03:33,1,0.7160567122117045,18.758333333333333,1.0,2.0,2.0,10.0,-0.8594064115014526,0.5112930860770523,-0.9749279121818236,-0.2225209339563146
6,2025-12-13 20:08:47,1,0.5307709952747302,0.08722222222222223,2.0,3.0,3.0,11.0,-0.8480480961564262,0.5299192642332047,-0.9749279121818236,-0.2225209339563146
6,2025-12-13 20:29:35,0,0.4682769792746038,0.3466666666666667,3.0,4.0,4.0,12.0,-0.7960020025346219,0.6052939880428946,-0.9749279121818236,-0.2225209339563146
6,2025-12-14 05:37:38,0,0.31962223298819276,9.134166666666667,1.0,1.0,4.0,5.0,0.9949685182509117,0.10018806161207632,-0.7818314824680299,0.6234898018587334
6,2025-12-14 11:36:55,1,0.5111595724078419,5.9880555555555555,2.0,2.0,5.0,6.0,0.10452846326765373,-0.9945218953682733,-0.7818314824680299,0.6234898018587334
6,2025-12-14 11:37:11,1,0.6251655039582148,0.0044444444444444444,3.0,3.0,6.0,7.0,0.10018806161207638,-0.9949685182509117,-0.7818314824680299,0.6234898018587334
6,2025-12-14 11:38:52,1,0.6316870789113302,0.028055555555555556,3.0,3.0,7.0,8.0,0.09584575252022391,-0.9953961983671789,-0.7818314824680299,0.6234898018587334
6,2025-12-14 11:57:15,1,0.6615841200789728,0.3063888888888889,4.0,3.0,8.0,8.0,0.013089595571344636,-0.999914327574007,-0.7818314824680299,0.6234898018587334
6,2025-12-14 11:57:49,1,0.7120293975759554,0.009444444444444445,5.0,4.0,9.0,9.0,0.013089595571344636,-0.999914327574007,-0.7818314824680299,0.6234898018587334
6,2025-12-14 11:58:44,1,0.8160741827918465,0.015277777777777777,6.0,5.0,10.0,10.0,0.008726535498373959,-0.9999619230641713,-0.7818314824680299,0.6234898018587334
6,2025-12-14 12:01:14,1,0.8003984255908442,0.041666666666666664,7.0,6.0,11.0,11.0,-0.0043633092847466205,-0.9999904807207345,-0.7818314824680299,0.6234898018587334
6,2025-12-14 12:23:52,0,0.6044997039073093,0.37722222222222224,8.0,7.0,12.0,12.0,-0.10018806161207613,-0.9949685182509117,-0.7818314824680299,0.6234898018587334
6,2025-12-14 21:09:31,0,0.2698667311875649,8.760833333333334,1.0,3.0,10.0,11.0,-0.6788007455329418,0.7343225094356856,-0.7818314824680299,0.6234898018587334
6,2025-12-15 07:06:59,1,0.41961470400399725,9.957777777777778,1.0,1.0,10.0,11.0,0.9588197348681932,-0.2840153447039224,0.0,1.0
6,2025-12-15 08:37:01,0,0.4776048862328928,1.5005555555555556,2.0,9.0,11.0,19.0,0.7743926440821857,-0.632705328562516,0.0,1.0
6,2025-12-15 21:16:36,1,0.4061310158988254,12.659722222222221,1.0,5.0,3.0,14.0,-0.656059028990508,0.7547095802227713,0.0,1.0
6,2025-12-15 22:08:04,0,0.4449581291878693,0.8577777777777778,2.0,10.0,4.0,19.0,-0.4694715627858916,0.8829475928589265,0.0,1.0
6,2025-12-16 14:50:14,0,0.24896711236684235,16.70277777777778,1.0,0.0,3.0,10.0,-0.6755902076156601,-0.7372773368101241,0.7818314824680298,0.6234898018587336
6,2025-12-16 17:19:51,0,0.3763579613536189,2.493611111111111,2.0,6.0,4.0,16.0,-0.9840406976462909,-0.17794354547384147,0.7818314824680298,0.6234898018587336
6,2025-12-17 04:49:34,1,0.34151967938367483,11.495277777777778,1.0,1.0,3.0,7.0,0.9523957996432784,0.3048642990280109,0.9749279121818236,-0.22252093395631434
6,2025-12-17 04:51:04,0,0.4323016600651464,0.025,2.0,1.0,4.0,7.0,0.9550199444571865,0.29654157497557115,0.9749279121818236,-0.22252093395631434
6,2025-12-17 16:27:59,0,0.2817046044446916,11.615277777777777,1.0,1.0,4.0,8.0,-0.9187912101488984,-0.39474385638426707,0.9749279121818236,-0.22252093395631434
6,2025-12-18 11:42:03,1,0.49332401470767273,19.234444444444446,1.0,22.0,2.0,23.0,0.07845909572784551,-0.996917333733128,0.43388373911755823,-0.900968867902419
6,2025-12-18 12:57:03,0,0.4899067150087357,1.25,2.0,23.0,3.0,24.0,-0.24615329302899255,-0.9692309097067545,0.43388373911755823,-0.900968867902419
6,2025-12-19 00:07:35,1,0.41505625666782126,11.175555555555556,1.0,1.0,3.0,24.0,0.03053851320982266,0.9995335908367129,-0.433883739117558,-0.9009688679024191
6,2025-12-19 01:32:21,0,0.3963547066836676,1.4127777777777777,2.0,2.0,4.0,25.0,0.3907311284892737,0.9205048534524404,-0.433883739117558,-0.9009688679024191
6,2025-12-19 03:55:10,0,0.38026410935093,2.3802777777777777,3.0,2.0,5.0,25.0,0.8549118706729465,0.5187732581605216,-0.433883739117558,-0.9009688679024191
6,2026-01-08 10:51:45,1,0.46970013654691506,24.0,1.0,29.0,1.0,29.0,0.296541574975571,-0.9550199444571866,0.43388373911755823,-0.900968867902419
6,2026-01-08 11:24:26,1,0.6057022208942766,0.5447222222222222,2.0,30.0,2.0,30.0,0.15643446504023054,-0.9876883405951378,0.43388373911755823,-0.900968867902419
6,2026-01-08 11:56:12,0,0.5369682482221837,0.5294444444444445,3.0,31.0,3.0,31.0,0.017452406437283883,-0.9998476951563913,0.43388373911755823,-0.900968867902419
6,2026-01-09 06:18:45,1,0.34838069514804837,18.375833333333333,1.0,0.0,4.0,31.0,0.996917333733128,-0.07845909572784467,-0.433883739117558,-0.9009688679024191
6,2026-01-09 06:47:39,0,0.34715844997915335,0.4816666666666667,2.0,139.0,5.0,170.0,0.9790454724845838,-0.20364175114017732,-0.433883739117558,-0.9009688679024191
6,2026-01-09 10:24:56,0,0.4750169880201873,3.6213888888888888,3.0,145.0,6.0,176.0,0.40673664307580043,-0.9135454576426008,-0.433883739117558,-0.9009688679024191
6,2026-01-10 06:12:43,0,0.4885133187360735,19.796388888888888,1.0,1.0,4.0,146.0,0.9986295347545738,-0.05233595624294384,-0.9749279121818236,-0.2225209339563146
6,2026-01-11 09:04:18,0,0.3199073471577539,24.0,1.0,1.0,1.0,1.0,0.6946583704589975,-0.719339800338651,-0.7818314824680299,0.6234898018587334
6,2026-01-11 11:11:51,0,0.529291649179032,2.1258333333333335,2.0,3.0,2.0,3.0,0.21217767215644642,-0.9772311064626789,-0.7818314824680299,0.6234898018587334
6,2026-01-11 15:23:02,1,0.3741939451860011,4.186388888888889,2.0,2.0,3.0,3.0,-0.7743926440821856,-0.6327053285625162,-0.7818314824680299,0.6234898018587334
7,2025-12-07 12:37:42,1,0.46358197418908687,0.0,1.0,4.0,1.0,4.0,-0.16074256560382613,-0.9869963665602319,-0.7818314824680299,0.6234898018587334
7,2025-12-07 12:41:17,1,0.6161725238457375,0.059722222222222225,2.0,4.0,2.0,4.0,-0.1779435454738416,-0.9840406976462909,-0.7818314824680299,0.6234898018587334
7,2025-12-07 13:26:26,1,0.5407963068150239,0.7525,3.0,6.0,3.0,6.0,-0.36650122672429736,-0.9304175679820245,-0.7818314824680299,0.6234898018587334
7,2025-12-07 13:28:32,1,0.6458008155914964,0.035,4.0,8.0,4.0,8.0,-0.37460659341591157,-0.9271838545667875,-0.7818314824680299,0.6234898018587334
7,2025-12-07 13:30:36,0,0.6175934813052261,0.034444444444444444,5.0,8.0,5.0,8.0,-0.38268343236508967,-0.9238795325112868,-0.7818314824680299,0.6234898018587334
7,2025-12-08 11:31:49,1,0.5073080565427888,22.02027777777778,1.0,0.0,6.0,8.0,0.12619896913582956,-0.992004949679715,0.0,1.0
7,2025-12-08 11:32:23,0,0.49840409853473544,0.009444444444444445,2.0,0.0,7.0,8.0,0.12186934340514755,-0.992546151641322,0.0,1.0
7,2025-12-09 05:09:42,1,0.29332028330872256,17.621944444444445,1.0,4.0,3.0,4.0,0.9753423205085128,0.22069743502150085,0.7818314824680298,0.6234898018587336
7,2025-12-09 05:40:53,0,0.4400421768587712,0.5197222222222222,2.0,5.0,4.0,5.0,0.9961946980917455,0.08715574274765814,0.7818314824680298,0.6234898018587336
7,2025-12-09 11:48:35,1,0.5050609562203142,6.128333333333333,1.0,0.0,3.0,5.0,0.05233595624294381,-0.9986295347545738,0.7818314824680298,0.6234898018587336
7,2025-12-09 11:49:00,0,0.42179075389119036,0.006944444444444444,2.0,0.0,4.0,5.0,0.04797812852134419,-0.9988483864849507,0.7818314824680298,0.6234898018587336
7,2025-12-09 16:32:41,0,0.31338789839150627,4.728055555555556,3.0,1.0,5.0,6.0,-0.9271838545667873,-0.3746065934159123,0.7818314824680298,0.6234898018587336
7,2025-12-10 12:28:04,0,0.39054418545091296,19.923055555555557,1.0,0.0,2.0,1.0,-0.12186934340514731,-0.9925461516413221,0.9749279121818236,-0.22252093395631434
7,2025-12-10 17:08:34,0,0.3074442106669921,4.675,2.0,0.0,2.0,0.0,-0.9743700647852351,-0.22495105434386525,0.9749279121818236,-0.22252093395631434
7,2025-12-11 01:48:10,0,0.31859409646547987,8.66,1.0,1.0,3.0,1.0,0.4539904997395468,0.8910065241883679,0.43388373911755823,-0.900968867902419
7,2025-12-11 09:41:58,1,0.3880581548894157,7.8966666666666665,1.0,1.0,4.0,2.0,0.5699967625963032,-0.8216469379421636,0.43388373911755823,-0.900968867902419
7,2025-12-11 09:42:52,1,0.5485416000463654,0.015,2.0,20.0,5.0,21.0,0.5664062369248332,-0.8241261886220155,0.43388373911755823,-0.900968867902419
7,2025-12-11 10:01:48,0,0.5390856069529071,0.31555555555555553,3.0,21.0,6.0,22.0,0.49621650367520803,-0.8681988144891424,0.43388373911755823,-0.900968867902419
7,2025-12-13 11:20:22,0,0.385157472698717,24.0,1.0,1.0,1.0,1.0,0.17364817766693028,-0.984807753012208,-0.9749279121818236,-0.2225209339563146
7,2025-12-13 19:22:15,1,0.7250994228121302,8.03138888888889,1.0,0.0,2.0,1.0,-0.9366721892483977,0.3502073812594672,-0.9749279121818236,-0.2225209339563146
7,2025-12-13 19:22:44,1,0.6125947055520458,0.008055555555555555,2.0,1.0,3.0,2.0,-0.9366721892483977,0.3502073812594672,-0.9749279121818236,-0.2225209339563146
7,2025-12-13 20:03:46,0,0.5315823327390232,0.6838888888888889,3.0,2.0,4.0,3.0,-0.8594064115014526,0.5112930860770523,-0.9749279121818236,-0.2225209339563146
7,2025-12-14 02:17:46,1,0.3857273282529824,6.233333333333333,1.0,2.0,5.0,5.0,0.5628049276950685,0.8265897491271886,-0.7818314824680299,0.6234898018587334
7,2025-12-14 02:20:38,1,0.5028147995659568,0.04777777777777778,2.0,2.0,6.0,5.0,0.5735764363510462,0.8191520442889918,-0.7818314824680299,0.6234898018587334
7,2025-12-14 02:20:49,1,0.5830455935190397,0.0030555555555555557,3.0,2.0,7.0,5.0,0.5735764363510462,0.8191520442889918,-0.7818314824680299,0.6234898018587334
7,2025-12-14 02:20:55,1,0.6436932024824151,0.0016666666666666668,4.0,2.0,8.0,5.0,0.5735764363510462,0.8191520442889918,-0.7818314824680299,0.6234898018587334
7,2025-12-14 02:21:01,1,0.6733341455358978,0.0016666666666666668,5.0,2.0,9.0,5.0,0.5771451900372336,0.8166415551616789,-0.7818314824680299,0.6234898018587334
7,2025-12-14 02:21:13,1,0.8143943974353922,0.0033333333333333335,6.0,2.0,10.0,5.0,0.5771451900372336,0.8166415551616789,-0.7818314824680299,0.6234898018587334
7,2025-12-14 02:21:33,1,0.7863802639066476,0.005555555555555556,7.0,2.0,11.0,5.0,0.5771451900372336,0.8166415551616789,-0.7818314824680299,0.6234898018587334
7,2025-12-14 02:21:47,1,0.8011763574594883,0.0038888888888888888,8.0,5.0,12.0,8.0,0.5771451900372336,0.8166415551616789,-0.7818314824680299,0.6234898018587334
7,2025-12-14 02:24:26,1,0.7549994638610413,0.04416666666666667,9.0,6.0,13.0,9.0,0.5877852522924731,0.8090169943749475,-0.7818314824680299,0.6234898018587334
7,2025-12-14 02:25:03,0,0.6946161478439906,0.010277777777777778,10.0,6.0,14.0,9.0,0.5913096483635824,0.8064446042674827,-0.7818314824680299,0.6234898018587334
7,2025-12-14 05:38:49,0,0.2810086452346233,3.2294444444444443,11.0,7.0,15.0,10.0,0.9953961983671787,0.09584575252022429,-0.7818314824680299,0.6234898018587334
7,2025-12-14 12:19:36,0,0.34489217429675034,6.679722222222222,1.0,1.0,15.0,10.0,-0.08280820751220395,-0.9965655024977614,-0.7818314824680299,0.6234898018587334
7,2025-12-15 12:13:06,1,0.4620680679670171,23.891666666666666,1.0,5.0,2.0,6.0,-0.05669278756337785,-0.9983916705573488,0.0,1.0
7,2025-12-15 12:18:39,0,0.48198817637640734,0.0925,2.0,7.0,3.0,8.0,-0.07845909572784526,-0.996917333733128,0.0,1.0
7,2025-12-17 01:03:10,0,0.33898137095812464,24.0,1.0,4.0,1.0,4.0,0.27144044986507426,0.9624552364536473,0.9749279121818236,-0.22252093395631434
7,2025-12-18 12:06:37,0,0.34525884215593244,24.0,1.0,1.0,1.0,1.0,-0.026176948307873177,-0.9996573249755573,0.43388373911755823,-0.900968867902419
7,2025-12-18 16:46:00,1,0.4723084330259677,4.6563888888888885,2.0,12.0,2.0,12.0,-0.9483236552061992,-0.31730465640509264,0.43388373911755823,-0.900968867902419
7,2025-12-18 18:44:38,0,0.4219169257843247,1.9772222222222222,2.0,12.0,3.0,13.0,-0.9816271834476639,0.1908089953765451,0.43388373911755823,-0.900968867902419
7,2025-12-20 01:54:27,1,0.5204831537963491,24.0,1.0,8.0,1.0,8.0,0.4771587602596084,0.8788171126619654,-0.9749279121818236,-0.2225209339563146
7,2025-12-20 02:02:46,0,0.49210023431080174,0.1386111111111111,2.0,11.0,2.0,11.0,0.5075383629607041,0.8616291604415258,-0.9749279121818236,-0.2225209339563146
7,2025-12-20 06:48:31,1,0.5138408840589108,4.7625,3.0,12.0,3.0,12.0,0.9781476007338057,-0.20791169081775934,-0.9749279121818236,-0.2225209339563146
7,2025-12-20 07:13:21,1,0.5951139187503844,0.41388888888888886,4.0,12.0,4.0,12.0,0.949699126201877,-0.3131638064837494,-0.9749279121818236,-0.2225209339563146
7,2025-12-20 07:13:46,1,0.629983983535203,0.006944444444444444,5.0,13.0,5.0,13.0,0.949699126201877,-0.3131638064837494,-0.9749279121818236,-0.2225209339563146
7,2025-12-20 07:18:29,0,0.8014671675965781,0.07861111111111112,6.0,14.0,6.0,14.0,0.9426414910921784,-0.3338068592337708,-0.9749279121818236,-0.2225209339563146
7,2025-12-20 10:22:38,1,0.6267022117398097,3.069166666666667,5.0,4.0,7.0,15.0,0.4146932426562392,-0.9099612708765431,-0.9749279121818236,-0.2225209339563146
7,2025-12-20 10:27:34,0,0.7283145486885416,0.08222222222222222,6.0,19.0,8.0,30.0,0.3947438563842674,-0.9187912101488982,-0.9749279121818236,-0.2225209339563146
7,2025-12-21 04:58:55,1,0.3425843831443518,18.5225,1.0,1.0,7.0,20.0,0.9636304532086231,0.26723837607825673,-0.7818314824680299,0.6234898018587334
7,2025-12-21 05:05:48,1,0.4769906082264356,0.11472222222222223,2.0,1.0,8.0,20.0,0.9713420698132614,0.2376858923261731,-0.7818314824680299,0.6234898018587334
7,2025-12-21 05:13:22,1,0.44139375438666734,0.12611111111111112,3.0,2.0,9.0,21.0,0.9790454724845838,0.20364175114017743,-0.7818314824680299,0.6234898018587334
7,2025-12-21 05:50:11,1,0.5159028014633459,0.6136111111111111,4.0,6.0,10.0,25.0,0.9990482215818578,0.04361938736533601,-0.7818314824680299,0.6234898018587334
7,2025-12-21 07:45:24,0,0.49779765014557226,1.9202777777777778,5.0,7.0,7.0,23.0,0.8968727415326884,-0.44228869021900113,-0.7818314824680299,0.6234898018587334
7,2025-12-21 13:29:14,0,0.4372608476454359,5.730555555555555,2.0,2.0,6.0,8.0,-0.3786486173524327,-0.9255405040175665,-0.7818314824680299,0.6234898018587334
7,2025-12-21 19:51:23,0,0.31489438692799376,6.369166666666667,1.0,2.0,7.0,10.0,-0.8849876374630419,0.4656145203251113,-0.7818314824680299,0.6234898018587334
7,2025-12-22 04:58:45,1,0.34986139154353557,9.122777777777777,1.0,1.0,8.0,11.0,0.9636304532086231,0.26723837607825673,0.0,1.0
7,2025-12-22 05:06:39,1,0.4603490126044532,0.13166666666666665,2.0,2.0,7.0,11.0,0.9723699203976766,0.23344536385590567,0.0,1.0
7,2025-12-22 05:09:00,1,0.4558451045699226,0.03916666666666667,3.0,7.0,8.0,16.0,0.9753423205085128,0.22069743502150085,0.0,1.0
7,2025-12-22 05:33:37,0,0.4812775887377554,0.4102777777777778,4.0,10.0,8.0,18.0,0.9930684569549263,0.1175373974578377,0.0,1.0
7,2025-12-22 08:27:43,1,0.4998358439189389,2.901666666666667,5.0,10.0,7.0,13.0,0.8012538126910609,-0.5983246005706587,0.0,1.0
7,2025-12-22 10:25:29,1,0.664097689846618,1.9627777777777777,6.0,14.0,8.0,17.0,0.4027466898587373,-0.9153114791194471,0.0,1.0
7,2025-12-22 10:33:41,1,0.8080669222988291,0.13666666666666666,7.0,15.0,9.0,18.0,0.3705574375098363,-0.9288095528719242,0.0,1.0
7,2025-12-22 12:11:46,0,0.5545499393164206,1.6347222222222222,4.0,6.0,10.0,19.0,-0.04797812852134395,-0.9988483864849507,0.0,1.0
7,2026-01-05 10:59:12,1,0.370184926770084,24.0,1.0,2.0,1.0,2.0,0.2630312144579752,-0.9647873238288128,0.0,1.0
7,2026-01-05 11:00:53,0,0.5650359890517824,0.028055555555555556,2.0,3.0,2.0,3.0,0.258819045102521,-0.9659258262890682,0.0,1.0
7,2026-01-08 10:12:07,0,0.3281526467890306,24.0,1.0,1.0,1.0,1.0,0.4539904997395473,-0.8910065241883676,0.43388373911755823,-0.900968867902419
7,2026-01-09 06:20:37,1,0.33208140500242306,20.141666666666666,1.0,0.0,2.0,1.0,0.9961946980917455,-0.08715574274765801,-0.433883739117558,-0.9009688679024191
7,2026-01-09 06:20:52,0,0.48593449959141016,0.004166666666666667,2.0,1.0,3.0,2.0,0.9961946980917455,-0.08715574274765801,-0.433883739117558,-0.9009688679024191
7,2026-01-09 09:04:22,1,0.45189123681092597,2.725,3.0,2.0,4.0,3.0,0.6946583704589975,-0.719339800338651,-0.433883739117558,-0.9009688679024191
7,2026-01-09 10:08:22,0,0.5463067880816496,1.0666666666666667,4.0,3.0,5.0,4.0,0.4694715627858911,-0.8829475928589268,-0.433883739117558,-0.9009688679024191
7,2026-01-09 15:25:47,0,0.27425948473019335,5.290277777777778,2.0,890.0,5.0,892.0,-0.7798844830928814,-0.6259234721840596,-0.433883739117558,-0.9009688679024191
7,2026-01-10 08:13:07,1,0.42953975026944363,16.788888888888888,1.0,13.0,4.0,904.0,0.8362861558477597,-0.5482932295199137,-0.9749279121818236,-0.2225209339563146
7,2026-01-10 08:29:05,0,0.4711308707353471,0.26611111111111113,2.0,23.0,5.0,914.0,0.7960020025346222,-0.6052939880428942,-0.9749279121818236,-0.2225209339563146
7,2026-01-10 12:43:59,1,0.44637126136156147,4.248333333333333,3.0,32.0,4.0,921.0,-0.18652403600873438,-0.9824503977255098,-0.9749279121818236,-0.2225209339563146
7,2026-01-10 12:53:37,0,0.5072288974298373,0.16055555555555556,4.0,34.0,5.0,923.0,-0.2292003909224143,-0.9733792584604485,-0.9749279121818236,-0.2225209339563146
8,2025-12-08 06:23:50,0,0.30036847423142965,0.0,1.0,4.0,1.0,4.0,0.9949685182509117,-0.1001880616120762,0.0,1.0
8,2025-12-08 15:16:13,1,0.28863703096380233,8.873055555555556,1.0,3.0,2.0,7.0,-0.754709580222772,-0.6560590289905073,0.0,1.0
8,2025-12-08 15:47:43,0,0.4252477636806365,0.525,2.0,4.0,3.0,8.0,-0.8362861558477592,-0.5482932295199142,0.0,1.0
8,2025-12-08 21:57:59,1,0.48803195397026633,6.171111111111111,1.0,11.0,4.0,19.0,-0.5112930860770526,0.8594064115014524,0.0,1.0
8,2025-12-08 22:08:22,1,0.46749590190990886,0.17305555555555555,2.0,12.0,5.0,20.0,-0.4694715627858916,0.8829475928589265,0.0,1.0
8,2025-12-08 23:49:16,0,0.41345310831424315,1.6816666666666666,3.0,23.0,6.0,31.0,-0.04797812852134387,0.9988483864849507,0.0,1.0
8,2025-12-09 03:00:38,0,0.3598830498362309,3.1894444444444443,4.0,24.0,7.0,32.0,0.7071067811865475,0.7071067811865476,0.7818314824680298,0.6234898018587336
8,2025-12-09 11:55:11,1,0.4326121142662891,8.909166666666666,1.0,2.0,7.0,30.0,0.021814885034561218,-0.9997620270799091,0.7818314824680298,0.6234898018587336
8,2025-12-09 11:57:34,1,0.4991869588522191,0.03972222222222222,2.0,2.0,8.0,30.0,0.013089595571344636,-0.999914327574007,0.7818314824680298,0.6234898018587336
8,2025-12-09 11:57:51,0,0.4397187380662082,0.004722222222222222,3.0,3.0,9.0,31.0,0.013089595571344636,-0.999914327574007,0.7818314824680298,0.6234898018587336
8,2025-12-09 17:04:08,0,0.30917338549824963,5.104722222222223,4.0,4.0,8.0,28.0,-0.9702957262759965,-0.24192189559966779,0.7818314824680298,0.6234898018587336
8,2025-12-09 21:40:00,0,0.3182004613456042,4.597777777777778,2.0,1.0,9.0,28.0,-0.5735764363510465,0.8191520442889916,0.7818314824680298,0.6234898018587336
8,2025-12-10 00:29:43,1,0.4416783240659804,2.828611111111111,2.0,3.0,7.0,8.0,0.12619896913582973,0.992004949679715,0.9749279121818236,-0.22252093395631434
8,2025-12-10 00:32:42,0,0.4270418285438552,0.04972222222222222,3.0,3.0,8.0,8.0,0.13917310096006544,0.9902680687415704,0.9749279121818236,-0.22252093395631434
8,2025-12-11 00:33:03,0,0.33665124104965527,24.0,1.0,5.0,1.0,5.0,0.14349262199117932,0.9896513868196702,0.43388373911755823,-0.900968867902419
8,2025-12-11 09:23:40,0,0.22519334467860017,8.84361111111111,1.0,242.0,2.0,247.0,0.6327053285625162,-0.7743926440821856,0.43388373911755823,-0.900968867902419
8,2025-12-12 02:06:53,0,0.29795369248172543,16.720277777777778,1.0,7.0,2.0,249.0,0.5224985647159488,0.8526401643540923,-0.433883739117558,-0.9009688679024191
8,2025-12-12 23:52:55,1,0.38514812740378424,21.767222222222223,1.0,1.0,2.0,8.0,-0.03489949670250171,0.9993908270190957,-0.433883739117558,-0.9009688679024191
8,2025-12-12 23:55:01,1,0.4542669522782869,0.035,2.0,1.0,3.0,8.0,-0.0218148850345609,0.9997620270799091,-0.433883739117558,-0.9009688679024191
8,2025-12-12 23:55:36,0,0.4059099440788082,0.009722222222222222,3.0,2.0,4.0,9.0,-0.0218148850345609,0.9997620270799091,-0.433883739117558,-0.9009688679024191
8,2025-12-13 04:37:13,0,0.4188241502902199,4.693611111111111,4.0,16.0,4.0,16.0,0.9351352096860117,0.3542910379977158,-0.9749279121818236,-0.2225209339563146
8,2025-12-13 22:48:12,1,0.647743159672632,18.183055555555555,1.0,4.0,5.0,20.0,-0.3090169943749468,0.9510565162951538,-0.9749279121818236,-0.2225209339563146
8,2025-12-13 22:52:49,0,0.47458119804011095,0.07694444444444444,2.0,5.0,6.0,21.0,-0.29237170472273627,0.9563047559630357,-0.9749279121818236,-0.2225209339563146
8,2025-12-14 03:59:15,1,0.4555008071063479,5.107222222222222,3.0,5.0,4.0,19.0,0.8638355052043957,0.5037739770455263,-0.7818314824680299,0.6234898018587334
8,2025-12-14 03:59:19,1,0.5626631242942158,0.0011111111111111111,4.0,5.0,5.0,19.0,0.8638355052043957,0.5037739770455263,-0.7818314824680299,0.6234898018587334
8,2025-12-14 03:59:55,0,0.5274276282289037,0.01,5.0,5.0,6.0,19.0,0.8638355052043957,0.5037739770455263,-0.7818314824680299,0.6234898018587334
8,2025-12-14 06:13:58,1,0.5581210402902465,2.234166666666667,4.0,2.0,6.0,7.0,0.9983916705573488,-0.05669278756337747,-0.7818314824680299,0.6234898018587334
8,2025-12-14 06:15:42,1,0.6122220393004549,0.028888888888888888,5.0,2.0,7.0,7.0,0.9978589232386035,-0.06540312923014314,-0.7818314824680299,0.6234898018587334
8,2025-12-14 07:21:35,1,0.7441058698683365,1.0980555555555556,6.0,5.0,8.0,10.0,0.9381913359224842,-0.3461170570774929,-0.7818314824680299,0.6234898018587334
8,2025-12-14 07:24:41,1,0.8627765434401968,0.051666666666666666,7.0,5.0,9.0,10.0,0.9335804264972017,-0.35836794954530027,-0.7818314824680299,0.6234898018587334
8,2025-12-14 07:25:04,1,0.8912805714402482,0.006388888888888889,8.0,5.0,10.0,10.0,0.9320078692827986,-0.3624380382837016,-0.7818314824680299,0.6234898018587334
8,2025-12-14 07:25:20,1,0.8938505328194908,0.0044444444444444444,9.0,5.0,11.0,10.0,0.9320078692827986,-0.3624380382837016,-0.7818314824680299,0.6234898018587334
8,2025-12-14 07:25:24,1,0.8986145695578083,0.0011111111111111111,10.0,6.0,12.0,11.0,0.9320078692827986,-0.3624380382837016,-0.7818314824680299,0.6234898018587334
8,2025-12-14 07:38:53,1,0.880392267726318,0.2247222222222222,11.0,7.0,13.0,12.0,0.9099612708765433,-0.4146932426562388,-0.7818314824680299,0.6234898018587334
8,2025-12-14 07:39:51,1,0.9131220490826099,0.01611111111111111,12.0,7.0,14.0,12.0,0.9081431738250813,-0.41865973753742824,-0.7818314824680299,0.6234898018587334
8,2025-12-14 07:40:09,1,0.9241682041049165,0.005,13.0,7.0,15.0,12.0,0.90630778703665,-0.42261826174069933,-0.7818314824680299,0.6234898018587334
8,2025-12-14 07:40:21,1,0.93902559767414,0.0033333333333333335,14.0,8.0,16.0,13.0,0.90630778703665,-0.42261826174069933,-0.7818314824680299,0.6234898018587334
8,2025-12-14 07:53:07,1,0.8721669478712986,0.2127777777777778,15.0,14.0,17.0,19.0,0.8808907382053855,-0.4733196671848433,-0.7818314824680299,0.6234898018587334
8,2025-12-14 08:00:11,1,0.8759204212866024,0.11777777777777777,16.0,14.0,18.0,19.0,0.8660254037844387,-0.49999999999999983,-0.7818314824680299,0.6234898018587334
8,2025-12-14 08:00:28,1,0.8411360423509733,0.004722222222222222,17.0,38.0,19.0,43.0,0.8660254037844387,-0.49999999999999983,-0.7818314824680299,0.6234898018587334
8,2025-12-14 08:27:25,1,0.8280966448880054,0.44916666666666666,18.0,39.0,20.0,44.0,0.8012538126910609,-0.5983246005706587,-0.7818314824680299,0.6234898018587334
8,2025-12-14 08:29:01,1,0.8618220500113394,0.02666666666666667,19.0,39.0,21.0,44.0,0.7960020025346222,-0.6052939880428942,-0.7818314824680299,0.6234898018587334
8,2025-12-14 08:29:12,1,0.8760268458895304,0.0030555555555555557,20.0,39.0,22.0,44.0,0.7960020025346222,-0.6052939880428942,-0.7818314824680299,0.6234898018587334
8,2025-12-14 08:29:18,1,0.8792391009580371,0.0016666666666666668,21.0,39.0,23.0,44.0,0.7960020025346222,-0.6052939880428942,-0.7818314824680299,0.6234898018587334
8,2025-12-14 08:29:24,1,0.8792391009580371,0.0016666666666666668,22.0,39.0,24.0,44.0,0.7960020025346222,-0.6052939880428942,-0.7818314824680299,0.6234898018587334
8,2025-12-14 08:29:30,1,0.8792391009580371,0.0016666666666666668,23.0,39.0,25.0,44.0,0.7960020025346222,-0.6052939880428942,-0.7818314824680299,0.6234898018587334
8,2025-12-14 08:29:44,1,0.8698963288333852,0.0038888888888888888,24.0,39.0,26.0,44.0,0.7960020025346222,-0.6052939880428942,-0.7818314824680299,0.6234898018587334
8,2025-12-14 08:30:09,0,0.7443580056193712,0.006944444444444444,25.0,39.0,27.0,44.0,0.7933533402912352,-0.6087614290087207,-0.7818314824680299,0.6234898018587334
8,2025-12-15 17:36:12,0,0.31818323498114504,24.0,1.0,1.0,1.0,1.0,-0.9945218953682734,-0.10452846326765336,0.0,1.0
8,2025-12-16 16:13:08,0,0.270516596358693,22.615555555555556,1.0,0.0,2.0,1.0,-0.8929789434111368,-0.4500984410374354,0.7818314824680298,0.6234898018587336
8,2025-12-16 20:08:13,1,0.38573652603140646,3.9180555555555556,2.0,4.0,2.0,4.0,-0.8480480961564262,0.5299192642332047,0.7818314824680298,0.6234898018587336
8,2025-12-16 20:12:24,1,0.4452208889320692,0.06972222222222223,3.0,4.0,3.0,4.0,-0.8386705679454243,0.5446390350150266,0.7818314824680298,0.6234898018587336
8,2025-12-16 20:12:26,0,0.3455683218374226,0.0005555555555555556,4.0,5.0,4.0,5.0,-0.8386705679454243,0.5446390350150266,0.7818314824680298,0.6234898018587336
8,2025-12-17 08:44:05,1,0.364290566536569,12.5275,1.0,0.0,5.0,5.0,0.7547095802227721,-0.6560590289905072,0.9749279121818236,-0.22252093395631434
8,2025-12-17 10:25:19,1,0.4785310962720366,1.6872222222222222,2.0,1.0,6.0,6.0,0.4027466898587373,-0.9153114791194471,0.9749279121818236,-0.22252093395631434
8,2025-12-17 10:26:28,0,0.5429341272348597,0.019166666666666665,3.0,9.0,7.0,14.0,0.39874906892524614,-0.917060074385124,0.9749279121818236,-0.22252093395631434
8,2025-12-17 13:34:47,0,0.4262353638563316,3.138611111111111,4.0,12.0,8.0,17.0,-0.3987490689252459,-0.9170600743851242,0.9749279121818236,-0.22252093395631434
8,2025-12-17 18:47:15,0,0.2875846268630458,5.207777777777777,2.0,3.0,8.0,17.0,-0.9790454724845837,0.20364175114017785,0.9749279121818236,-0.22252093395631434
8,2025-12-17 20:56:17,0,0.3529491967197098,2.1505555555555556,2.0,2.0,6.0,14.0,-0.7193398003386512,0.6946583704589973,0.9749279121818236,-0.22252093395631434
8,2026-01-09 12:49:08,1,0.48631285193403584,24.0,1.0,7.0,1.0,7.0,-0.21217767215644617,-0.9772311064626789,-0.433883739117558,-0.9009688679024191
8,2026-01-09 13:58:58,1,0.543849526759638,1.163888888888889,2.0,31.0,2.0,31.0,-0.49242356010346694,-0.8703556959398998,-0.433883739117558,-0.9009688679024191
8,2026-01-09 15:15:26,0,0.29933148882592403,1.2744444444444445,3.0,928.0,3.0,928.0,-0.7518398074789773,-0.6593458151000691,-0.433883739117558,-0.9009688679024191
8,2026-01-11 06:57:44,0,0.3500253642190654,24.0,1.0,17.0,1.0,17.0,0.9692309097067544,-0.24615329302899283,-0.7818314824680299,0.6234898018587334
8,2026-01-11 11:21:29,1,0.6007299077605156,4.395833333333333,2.0,23.0,2.0,23.0,0.16934950384902525,-0.9855560590580776,-0.7818314824680299,0.6234898018587334
8,2026-01-11 11:27:53,1,0.6337212652343631,0.10666666666666667,3.0,26.0,3.0,26.0,0.1434926219911798,-0.9896513868196701,-0.7818314824680299,0.6234898018587334
8,2026-01-11 11:33:26,1,0.6504733965957163,0.0925,4.0,26.0,4.0,26.0,0.11753739745783798,-0.9930684569549263,-0.7818314824680299,0.6234898018587334
8,2026-01-11 11:34:04,1,0.6825798422014085,0.010555555555555556,5.0,26.0,5.0,26.0,0.11320321376790689,-0.9935718556765875,-0.7818314824680299,0.6234898018587334
8,2026-01-11 11:34:19,0,0.7680810198173299,0.004166666666666667,6.0,30.0,6.0,30.0,0.11320321376790689,-0.9935718556765875,-0.7818314824680299,0.6234898018587334
8,2026-01-11 13:54:37,1,0.5281496100470937,2.3383333333333334,6.0,35.0,7.0,52.0,-0.477158760259608,-0.8788171126619656,-0.7818314824680299,0.6234898018587334
8,2026-01-11 14:29:02,0,0.7248324716361338,0.5736111111111111,7.0,45.0,8.0,62.0,-0.6052939880428939,-0.7960020025346224,-0.7818314824680299,0.6234898018587334
8,2026-01-12 10:12:31,0,0.3729672351170642,19.724722222222223,1.0,4.0,8.0,49.0,0.4539904997395473,-0.8910065241883676,0.0,1.0
9,2025-12-07 01:18:39,1,0.5619164956821197,0.0,1.0,0.0,1.0,0.0,0.3338068592337709,0.9426414910921784,-0.7818314824680299,0.6234898018587334
9,2025-12-07 01:18:57,1,0.5506887923943072,0.005,2.0,1.0,2.0,1.0,0.3338068592337709,0.9426414910921784,-0.7818314824680299,0.6234898018587334
9,2025-12-07 01:19:26,0,0.4932410871193527,0.008055555555555555,3.0,1.0,3.0,1.0,0.337916718003327,0.9411760152563706,-0.7818314824680299,0.6234898018587334
9,2025-12-07 21:09:49,1,0.39905271822657873,19.83972222222222,1.0,0.0,4.0,1.0,-0.6788007455329418,0.7343225094356856,-0.7818314824680299,0.6234898018587334
9,2025-12-07 21:09:53,1,0.5007247768984173,0.0011111111111111111,2.0,1.0,5.0,2.0,-0.6788007455329418,0.7343225094356856,-0.7818314824680299,0.6234898018587334
9,2025-12-07 21:10:39,0,0.4321015557620057,0.012777777777777779,3.0,2.0,6.0,3.0,-0.6755902076156598,0.7372773368101244,-0.7818314824680299,0.6234898018587334
9,2025-12-08 13:40:32,1,0.4986587337220537,16.498055555555556,1.0,7.0,4.0,9.0,-0.4226182617406993,-0.90630778703665,0.0,1.0
9,2025-12-08 15:35:39,0,0.45590150006511876,1.918611111111111,2.0,8.0,5.0,10.0,-0.8064446042674827,-0.5913096483635822,0.0,1.0
9,2025-12-08 17:45:15,1,0.47793078694601404,2.16,3.0,14.0,6.0,16.0,-0.9978589232386035,-0.06540312923014273,0.0,1.0
9,2025-12-08 17:51:36,1,0.5248738285679723,0.10583333333333333,4.0,14.0,7.0,16.0,-0.9992290362407229,-0.039259815759068124,0.0,1.0
9,2025-12-08 17:51:50,0,0.45500435162666525,0.0038888888888888888,5.0,15.0,8.0,17.0,-0.9992290362407229,-0.039259815759068124,0.0,1.0
9,2025-12-09 17:34:36,0,0.30365464611219317,23.712777777777777,1.0,1.0,4.0,8.0,-0.9935718556765875,-0.11320321376790694,0.7818314824680298,0.6234898018587336
9,2025-12-09 23:54:20,0,0.3244047256366214,6.328888888888889,1.0,0.0,2.0,1.0,-0.026176948307873545,0.9996573249755573,0.7818314824680298,0.6234898018587336
9,2025-12-10 10:12:18,1,0.37599375641447247,10.299444444444445,1.0,4.0,3.0,5.0,0.4539904997395473,-0.8910065241883676,0.9749279121818236,-0.22252093395631434
9,2025-12-10 10:17:04,0,0.45949213295446945,0.07944444444444444,2.0,4.0,4.0,5.0,0.4344452574044172,-0.9006982393225879,0.9749279121818236,-0.22252093395631434
9,2025-12-10 20:35:57,1,0.3065355551560188,10.314722222222223,1.0,2.0,4.0,6.0,-0.7798844830928816,0.6259234721840593,0.9749279121818236,-0.22252093395631434
9,2025-12-10 20:37:22,1,0.423861205514997,0.02361111111111111,2.0,2.0,5.0,6.0,-0.7743926440821857,0.6327053285625159,0.9749279121818236,-0.22252093395631434
9,2025-12-10 20:37:45,0,0.3968126361649126,0.006388888888888889,3.0,4.0,6.0,8.0,-0.7743926440821857,0.6327053285625159,0.9749279121818236,-0.22252093395631434
9,2025-12-11 01:00:10,1,0.517568963849575,4.373611111111111,4.0,4.0,6.0,8.0,0.25881904510252074,0.9659258262890683,0.43388373911755823,-0.900968867902419
9,2025-12-11 01:15:21,0,0.512185229568264,0.25305555555555553,5.0,5.0,7.0,9.0,0.3214394653031616,0.9469301294951057,0.43388373911755823,-0.900968867902419
9,2025-12-11 06:50:27,0,0.3735459861452884,5.585,3.0,2.0,8.0,10.0,0.9762960071199334,-0.2164396139381028,0.43388373911755823,-0.900968867902419
9,2025-12-11 14:34:25,0,0.395181795193724,7.732777777777778,1.0,34.0,7.0,40.0,-0.6225146366376191,-0.7826081568524144,0.43388373911755823,-0.900968867902419
9,2025-12-12 02:37:24,0,0.32519309887120956,12.049722222222222,1.0,1.0,3.0,36.0,0.632705328562516,0.7743926440821856,-0.433883739117558,-0.9009688679024191
9,2025-12-12 05:50:12,0,0.37503111608257184,3.2133333333333334,2.0,3.0,4.0,38.0,0.9990482215818578,0.04361938736533601,-0.433883739117558,-0.9009688679024191
9,2025-12-12 15:05:37,1,0.4401165183084673,9.256944444444445,1.0,9.0,3.0,12.0,-0.7223639620597557,-0.6915130557822692,-0.433883739117558,-0.9009688679024191
9,2025-12-12 15:14:19,1,0.5454153455910237,0.145,2.0,9.0,4.0,12.0,-0.7489557207890022,-0.6626200482157374,-0.433883739117558,-0.9009688679024191
9,2025-12-12 15:14:26,1,0.5706235293645253,0.0019444444444444444,3.0,9.0,5.0,12.0,-0.7489557207890022,-0.6626200482157374,-0.433883739117558,-0.9009688679024191
9,2025-12-12 15:14:36,1,0.7241119087299022,0.002777777777777778,4.0,12.0,6.0,15.0,-0.7489557207890022,-0.6626200482157374,-0.433883739117558,-0.9009688679024191
9,2025-12-12 15:41:28,0,0.6115814416442487,0.4477777777777778,5.0,21.0,7.0,24.0,-0.8216469379421638,-0.5699967625963028,-0.433883739117558,-0.9009688679024191
9,2025-12-14 00:16:05,1,0.4130971555406909,24.0,1.0,4.0,1.0,4.0,0.0697564737441253,0.9975640502598242,-0.7818314824680299,0.6234898018587334
9,2025-12-14 00:20:37,0,0.4339972100998738,0.07555555555555556,2.0,6.0,2.0,6.0,0.08715574274765817,0.9961946980917455,-0.7818314824680299,0.6234898018587334
9,2025-12-14 04:55:03,1,0.46882472770136935,4.573888888888889,3.0,12.0,3.0,12.0,0.9600498543859287,0.27982901403099203,-0.7818314824680299,0.6234898018587334
9,2025-12-14 06:41:19,1,0.4937569978736145,1.771111111111111,2.0,6.0,4.0,12.0,0.9840406976462909,-0.1779435454738419,-0.7818314824680299,0.6234898018587334
9,2025-12-14 06:41:30,1,0.5703223689375169,0.0030555555555555557,3.0,6.0,5.0,12.0,0.9840406976462909,-0.1779435454738419,-0.7818314824680299,0.6234898018587334
9,2025-12-14 06:42:05,1,0.5942456296891344,0.009722222222222222,4.0,6.0,6.0,12.0,0.9832549075639546,-0.18223552549214753,-0.7818314824680299,0.6234898018587334
9,2025-12-14 06:43:28,0,0.5846633402795715,0.023055555555555555,5.0,6.0,7.0,12.0,0.9824503977255097,-0.18652403600873466,-0.7818314824680299,0.6234898018587334
9,2025-12-14 12:43:32,1,0.4582154668298781,6.001111111111111,1.0,1.0,8.0,13.0,-0.18652403600873438,-0.9824503977255098,-0.7818314824680299,0.6234898018587334
9,2025-12-14 12:44:48,1,0.6234568426781324,0.021111111111111112,2.0,8.0,9.0,20.0,-0.19080899537654472,-0.981627183447664,-0.7818314824680299,0.6234898018587334
9,2025-12-14 12:52:44,0,0.578795646603523,0.1322222222222222,3.0,12.0,10.0,24.0,-0.22495105434386498,-0.9743700647852352,-0.7818314824680299,0.6234898018587334
9,2025-12-15 01:18:29,1,0.49284319881429517,12.429166666666667,1.0,0.0,9.0,18.0,0.3338068592337709,0.9426414910921784,0.0,1.0
9,2025-12-15 01:18:55,0,0.42240176312503086,0.007222222222222222,2.0,1.0,10.0,19.0,0.3338068592337709,0.9426414910921784,0.0,1.0
9,2025-12-15 07:00:38,0,0.4232637280879751,5.695277777777778,3.0,8.0,6.0,20.0,0.9659258262890683,-0.25881904510252063,0.0,1.0
9,2025-12-17 12:41:03,1,0.3990219382333688,24.0,1.0,2.0,1.0,2.0,-0.1779435454738416,-0.9840406976462909,0.9749279121818236,-0.22252093395631434
9,2025-12-17 13:11:16,0,0.44034015924949693,0.5036111111111111,2.0,5.0,2.0,5.0,-0.3048642990280105,-0.9523957996432785,0.9749279121818236,-0.22252093395631434
9,2025-12-18 11:04:36,0,0.4610118437337256,21.88888888888889,1.0,7.0,3.0,12.0,0.24192189559966817,-0.9702957262759964,0.43388373911755823,-0.900968867902419
9,2025-12-18 13:33:12,1,0.5285502774094983,2.4766666666666666,2.0,9.0,2.0,9.0,-0.3947438563842672,-0.9187912101488983,0.43388373911755823,-0.900968867902419
9,2025-12-18 13:35:07,0,0.528231035765664,0.03194444444444444,3.0,10.0,3.0,10.0,-0.4027466898587371,-0.9153114791194472,0.43388373911755823,-0.900968867902419
9,2025-12-18 22:18:24,1,0.32696243436972716,8.721388888888889,1.0,0.0,4.0,10.0,-0.43051109680829525,0.9025852843498606,0.43388373911755823,-0.900968867902419
9,2025-12-18 22:18:39,0,0.42331667562652414,0.004166666666666667,2.0,1.0,5.0,11.0,-0.43051109680829525,0.9025852843498606,0.43388373911755823,-0.900968867902419
9,2025-12-19 00:28:17,0,0.42471069151504226,2.1605555555555553,3.0,1.0,6.0,11.0,0.12186934340514748,0.992546151641322,-0.433883739117558,-0.9009688679024191
9,2025-12-19 04:52:13,1,0.4116589467204732,4.398888888888889,2.0,3.0,7.0,14.0,0.9563047559630354,0.29237170472273677,-0.433883739117558,-0.9009688679024191
9,2025-12-19 06:50:53,0,0.4257492000414189,1.9777777777777779,2.0,4.0,8.0,15.0,0.9762960071199334,-0.2164396139381028,-0.433883739117558,-0.9009688679024191
9,2025-12-19 09:25:05,1,0.5172178007831194,2.57,3.0,4.0,9.0,15.0,0.6259234721840592,-0.7798844830928817,-0.433883739117558,-0.9009688679024191
9,2025-12-19 09:25:23,1,0.7120010158262595,0.005,4.0,4.0,10.0,15.0,0.6259234721840592,-0.7798844830928817,-0.433883739117558,-0.9009688679024191
9,2025-12-19 11:17:19,1,0.6699186688608603,1.8655555555555556,4.0,24.0,10.0,31.0,0.18652403600873463,-0.9824503977255097,-0.433883739117558,-0.9009688679024191
9,2025-12-19 11:41:57,1,0.6673644254038679,0.41055555555555556,5.0,25.0,11.0,32.0,0.08280820751220419,-0.9965655024977614,-0.433883739117558,-0.9009688679024191
9,2025-12-19 11:47:57,0,0.6191463708718971,0.1,6.0,76.0,12.0,83.0,0.056692787563378096,-0.9983916705573488,-0.433883739117558,-0.9009688679024191
9,2025-12-19 16:13:40,1,0.5731346228580428,4.4286111111111115,4.0,83.0,11.0,88.0,-0.8929789434111368,-0.4500984410374354,-0.433883739117558,-0.9009688679024191
9,2025-12-19 16:21:47,1,0.6878203026671466,0.13527777777777777,5.0,83.0,12.0,88.0,-0.9081431738250814,-0.418659737537428,-0.433883739117558,-0.9009688679024191
9,2025-12-19 16:22:05,1,0.8441694201763476,0.005,6.0,83.0,13.0,88.0,-0.9099612708765431,-0.41469324265623925,-0.433883739117558,-0.9009688679024191
9,2025-12-19 16:26:41,1,0.8170260985490931,0.07666666666666666,7.0,84.0,14.0,89.0,-0.9170600743851239,-0.3987490689252466,-0.433883739117558,-0.9009688679024191
9,2025-12-19 16:27:19,1,0.8661403930351759,0.010555555555555556,8.0,84.0,15.0,89.0,-0.9187912101488984,-0.39474385638426707,-0.433883739117558,-0.9009688679024191
9,2025-12-19 16:29:27,1,0.8611360420463806,0.035555555555555556,9.0,84.0,16.0,89.0,-0.9222009716704517,-0.38671096163682095,-0.433883739117558,-0.9009688679024191
9,2025-12-19 16:30:06,1,0.8742621325521479,0.010833333333333334,10.0,84.0,17.0,89.0,-0.9238795325112868,-0.3826834323650895,-0.433883739117558,-0.9009688679024191
9,2025-12-19 16:34:10,1,0.8505058419667451,0.06777777777777778,11.0,84.0,18.0,89.0,-0.9304175679820242,-0.366501226724298,-0.433883739117558,-0.9009688679024191
9,2025-12-19 16:34:39,1,0.8829400307683777,0.008055555555555555,12.0,84.0,19.0,89.0,-0.9304175679820242,-0.366501226724298,-0.433883739117558,-0.9009688679024191
9,2025-12-19 16:35:05,1,0.8876963563449028,0.007222222222222222,13.0,84.0,20.0,89.0,-0.9320078692827984,-0.3624380382837018,-0.433883739117558,-0.9009688679024191
9,2025-12-19 16:35:22,1,0.8883753359595592,0.004722222222222222,14.0,84.0,21.0,89.0,-0.9320078692827984,-0.3624380382837018,-0.433883739117558,-0.9009688679024191
9,2025-12-19 16:59:42,0,0.5434741912827685,0.40555555555555556,15.0,86.0,22.0,91.0,-0.964787323828813,-0.2630312144579744,-0.433883739117558,-0.9009688679024191
9,2025-12-19 23:00:06,0,0.3635391821751244,6.006666666666667,1.0,1.0,21.0,91.0,-0.25881904510252157,0.9659258262890681,-0.433883739117558,-0.9009688679024191
9,2025-12-20 04:50:14,1,0.4116392708905995,5.835555555555556,2.0,1.0,21.0,91.0,0.9537169507482269,0.3007057995042733,-0.9749279121818236,-0.2225209339563146
9,2025-12-20 05:21:01,0,0.47516062712550683,0.5130555555555556,2.0,11.0,21.0,99.0,0.9855560590580777,0.16934950384902475,-0.9749279121818236,-0.2225209339563146
9,2025-12-20 21:09:39,1,0.6297454763402458,15.810555555555556,1.0,0.0,4.0,12.0,-0.6788007455329418,0.7343225094356856,-0.9749279121818236,-0.2225209339563146
9,2025-12-20 22:34:44,1,0.5461974795460544,1.4180555555555556,2.0,1.0,5.0,13.0,-0.36650122672429725,0.9304175679820246,-0.9749279121818236,-0.2225209339563146
9,2025-12-20 23:37:08,0,0.5176789630621148,1.04,3.0,7.0,5.0,18.0,-0.1001880616120765,0.9949685182509117,-0.9749279121818236,-0.2225209339563146
9,2025-12-22 08:34:10,1,0.3330600109260424,24.0,1.0,0.0,1.0,0.0,0.782608156852414,-0.6225146366376194,0.0,1.0
9,2025-12-22 08:43:35,1,0.5200846653024996,0.15694444444444444,2.0,0.0,2.0,0.0,0.7575649843840495,-0.6527597524627226,0.0,1.0
9,2025-12-22 08:44:00,1,0.5354555678107505,0.006944444444444444,3.0,0.0,3.0,0.0,0.7547095802227721,-0.6560590289905072,0.0,1.0
9,2025-12-22 08:44:51,1,0.5383340738902455,0.014166666666666666,4.0,0.0,4.0,0.0,0.7547095802227721,-0.6560590289905072,0.0,1.0
9,2025-12-22 08:44:55,1,0.5571770756224557,0.0011111111111111111,5.0,0.0,5.0,0.0,0.7547095802227721,-0.6560590289905072,0.0,1.0
9,2025-12-22 08:47:03,1,0.7371212390022306,0.035555555555555556,6.0,0.0,6.0,0.0,0.7460573750616996,-0.6658816660008342,0.0,1.0
9,2025-12-22 08:47:29,1,0.7567835325507423,0.007222222222222222,7.0,1.0,7.0,1.0,0.7460573750616996,-0.6658816660008342,0.0,1.0
9,2025-12-22 08:49:26,1,0.793194917350489,0.0325,8.0,2.0,8.0,2.0,0.7402181274868322,-0.6723668074346679,0.0,1.0
9,2025-12-22 08:51:49,0,0.7934138291596543,0.03972222222222222,9.0,3.0,9.0,3.0,0.7343225094356858,-0.6788007455329416,0.0,1.0
9,2026-01-09 10:50:02,1,0.44006477715994613,24.0,1.0,0.0,1.0,0.0,0.30070579950427334,-0.9537169507482268,-0.433883739117558,-0.9009688679024191
9,2026-01-09 10:52:37,1,0.5513365173015883,0.043055555555555555,2.0,0.0,2.0,0.0,0.2923717047227366,-0.9563047559630355,-0.433883739117558,-0.9009688679024191
9,2026-01-09 10:52:51,0,0.5203303322921284,0.0038888888888888888,3.0,1.0,3.0,1.0,0.2923717047227366,-0.9563047559630355,-0.433883739117558,-0.9009688679024191
9,2026-01-11 06:37:16,1,0.342423893062485,24.0,1.0,0.0,1.0,0.0,0.9869963665602319,-0.160742565603826,-0.7818314824680299,0.6234898018587334
9,2026-01-11 06:37:34,1,0.5375347522506266,0.005,2.0,2.0,2.0,2.0,0.9869963665602319,-0.160742565603826,-0.7818314824680299,0.6234898018587334
9,2026-01-11 08:06:53,0,0.4696210911364581,1.488611111111111,3.0,4.0,3.0,4.0,0.8526401643540923,-0.5224985647159488,-0.7818314824680299,0.6234898018587334
9,2026-01-12 00:58:48,1,0.4327662267130857,16.865277777777777,1.0,0.0,4.0,4.0,0.2503800040544414,0.9681476403781077,0.0,1.0
9,2026-01-12 00:59:10,1,0.4933926318736967,0.006111111111111111,2.0,0.0,5.0,4.0,0.25460194820552756,0.9670459389139432,0.0,1.0
9,2026-01-12 01:02:51,1,0.4771141114514147,0.06138888888888889,3.0,1.0,6.0,5.0,0.26723837607825685,0.963630453208623,0.0,1.0
9,2026-01-12 01:23:12,1,0.519719394067156,0.33916666666666667,4.0,1.0,7.0,5.0,0.3542910379977158,0.9351352096860117,0.0,1.0
9,2026-01-12 01:24:11,1,0.5622235020891203,0.01638888888888889,5.0,2.0,8.0,6.0,0.35836794954530027,0.9335804264972017,0.0,1.0
9,2026-01-12 01:26:04,1,0.7293755390150298,0.03138888888888889,6.0,3.0,9.0,7.0,0.36650122672429725,0.9304175679820246,0.0,1.0
9,2026-01-12 01:36:21,1,0.7050437724579391,0.1713888888888889,7.0,3.0,10.0,7.0,0.40673664307580015,0.9135454576426009,0.0,1.0
9,2026-01-12 01:37:04,1,0.7450809338159798,0.011944444444444445,8.0,3.0,11.0,7.0,0.4107188526134773,0.9117620435770886,0.0,1.0
10,2025-12-08 02:25:49,1,0.5115928466929871,0.0,1.0,0.0,1.0,0.0,0.5913096483635824,0.8064446042674827,0.0,1.0
10,2025-12-08 02:25:55,1,0.5740066461126794,0.0016666666666666668,2.0,0.0,2.0,0.0,0.5913096483635824,0.8064446042674827,0.0,1.0
10,2025-12-08 02:26:00,1,0.5515429891926726,0.001388888888888889,3.0,0.0,3.0,0.0,0.5948227867513413,0.8038568606172173,0.0,1.0
10,2025-12-08 02:26:08,0,0.5225338141093181,0.0022222222222222222,4.0,0.0,4.0,0.0,0.5948227867513413,0.8038568606172173,0.0,1.0
10,2025-12-09 03:05:55,0,0.3098655413336119,24.0,1.0,1.0,1.0,1.0,0.7223639620597555,0.6915130557822694,0.7818314824680298,0.6234898018587336
10,2025-12-09 14:52:26,1,0.2845802663132384,11.775277777777777,1.0,1.0,2.0,2.0,-0.6819983600624984,-0.7313537016191706,0.7818314824680298,0.6234898018587336
10,2025-12-09 15:00:52,0,0.41914081534931774,0.14055555555555554,2.0,2.0,3.0,3.0,-0.7071067811865471,-0.7071067811865479,0.7818314824680298,0.6234898018587336
10,2025-12-09 20:46:35,1,0.4536603440793428,5.7619444444444445,3.0,5.0,4.0,6.0,-0.7489557207890021,0.6626200482157375,0.7818314824680298,0.6234898018587336
10,2025-12-09 20:46:35,1,0.4470118941057988,5.7619444444444445,3.0,5.0,5.0,9.0,-0.7489557207890021,0.6626200482157375,0.7818314824680298,0.6234898018587336
10,2025-12-09 20:46:35,1,0.5161517608935676,5.7619444444444445,4.0,8.0,4.0,6.0,-0.7489557207890021,0.6626200482157375,0.7818314824680298,0.6234898018587336
10,2025-12-09 20:46:35,1,0.49805658839303146,5.7619444444444445,4.0,8.0,5.0,9.0,-0.7489557207890021,0.6626200482157375,0.7818314824680298,0.6234898018587336
10,2025-12-09 20:46:35,0,0.2572462613488826,0.0,3.0,5.0,4.0,6.0,-0.7489557207890021,0.6626200482157375,0.7818314824680298,0.6234898018587336
10,2025-12-09 20:46:35,0,0.2587956536534265,0.0,3.0,5.0,5.0,9.0,-0.7489557207890021,0.6626200482157375,0.7818314824680298,0.6234898018587336
10,2025-12-09 20:46:35,0,0.2835494627154622,0.0,4.0,8.0,4.0,6.0,-0.7489557207890021,0.6626200482157375,0.7818314824680298,0.6234898018587336
10,2025-12-09 20:46:35,0,0.2974233501503786,0.0,4.0,8.0,5.0,9.0,-0.7489557207890021,0.6626200482157375,0.7818314824680298,0.6234898018587336
10,2025-12-12 02:19:29,0,0.3766556464612363,24.0,1.0,0.0,1.0,0.0,0.5699967625963029,0.8216469379421637,-0.433883739117558,-0.9009688679024191
10,2025-12-12 05:07:17,1,0.47413006178369066,2.796666666666667,2.0,1.0,2.0,1.0,0.9733792584604485,0.22920039092241426,-0.433883739117558,-0.9009688679024191
10,2025-12-12 05:08:14,0,0.47053324942775343,0.015833333333333335,3.0,1.0,3.0,1.0,0.9743700647852352,0.22495105434386492,-0.433883739117558,-0.9009688679024191
10,2025-12-12 18:39:56,1,0.3702137278306107,13.528333333333334,1.0,1.0,4.0,2.0,-0.9855560590580777,0.1693495038490245,-0.433883739117558,-0.9009688679024191
10,2025-12-12 18:40:49,0,0.38030254238018,0.014722222222222222,2.0,2.0,5.0,3.0,-0.984807753012208,0.17364817766693083,-0.433883739117558,-0.9009688679024191
10,2025-12-12 22:15:12,1,0.39946017958788865,3.5730555555555554,3.0,2.0,6.0,3.0,-0.4422886902190014,0.8968727415326883,-0.433883739117558,-0.9009688679024191
10,2025-12-12 22:16:20,0,0.5174030023026713,0.01888888888888889,4.0,4.0,7.0,5.0,-0.4383711467890778,0.8987940462991668,-0.433883739117558,-0.9009688679024191
10,2025-12-13 19:34:12,1,0.6948074447316125,21.297777777777778,1.0,8.0,3.0,10.0,-0.917060074385124,0.39874906892524625,-0.9749279121818236,-0.2225209339563146
10,2025-12-13 20:55:58,0,0.1369695680625813,1.3627777777777779,2.0,859.0,4.0,861.0,-0.7223639620597554,0.6915130557822696,-0.9749279121818236,-0.2225209339563146
10,2025-12-14 11:53:20,0,0.3867187500935947,14.956111111111111,1.0,0.0,3.0,859.0,0.030538513209823103,-0.9995335908367129,-0.7818314824680299,0.6234898018587334
10,2025-12-15 06:44:30,0,0.3240196330726333,18.852777777777778,1.0,6.0,2.0,6.0,0.981627183447664,-0.19080899537654458,0.0,1.0
10,2025-12-16 05:42:09,0,0.2939912087855701,22.960833333333333,1.0,0.0,2.0,6.0,0.996917333733128,0.07845909572784478,0.7818314824680298,0.6234898018587336
10,2025-12-16 16:00:58,0,0.2461223212029942,10.313611111111111,1.0,1.0,2.0,1.0,-0.8660254037844384,-0.5000000000000004,0.7818314824680298,0.6234898018587336
10,2025-12-17 00:11:59,1,0.49029143666709757,8.18361111111111,1.0,6.0,3.0,7.0,0.047978128521343935,0.9988483864849507,0.9749279121818236,-0.22252093395631434
10,2025-12-17 00:19:32,0,0.40369443353020656,0.12583333333333332,2.0,7.0,4.0,8.0,0.08280820751220433,0.9965655024977614,0.9749279121818236,-0.22252093395631434
10,2025-12-17 13:24:07,1,0.5278611968667378,13.07638888888889,1.0,10.0,4.0,18.0,-0.35836794954530043,-0.9335804264972016,0.9749279121818236,-0.22252093395631434
10,2025-12-17 13:34:37,0,0.5065635615316838,0.175,2.0,14.0,5.0,22.0,-0.3987490689252459,-0.9170600743851242,0.9749279121818236,-0.22252093395631434
10,2025-12-17 19:56:37,0,0.27073482282195316,6.366666666666666,1.0,2.0,5.0,23.0,-0.8746197071393961,0.4848096202463365,0.9749279121818236,-0.22252093395631434
10,2025-12-18 05:33:25,1,0.2989625969042735,9.613333333333333,1.0,2.0,4.0,18.0,0.9930684569549263,0.1175373974578377,0.43388373911755823,-0.900968867902419
10,2025-12-18 07:00:15,1,0.4554211154003645,1.4472222222222222,2.0,5.0,5.0,21.0,0.9659258262890683,-0.25881904510252063,0.43388373911755823,-0.900968867902419
10,2025-12-18 07:03:53,1,0.49585923164144513,0.06055555555555556,3.0,5.0,6.0,21.0,0.9624552364536473,-0.2714404498650742,0.43388373911755823,-0.900968867902419
10,2025-12-18 07:04:00,1,0.5816622432649573,0.0019444444444444444,4.0,5.0,7.0,21.0,0.961261695938319,-0.27563735581699883,0.43388373911755823,-0.900968867902419
10,2025-12-18 07:04:04,0,0.5612843125483645,0.0011111111111111111,5.0,5.0,8.0,21.0,0.961261695938319,-0.27563735581699883,0.43388373911755823,-0.900968867902419
10,2025-12-18 12:07:45,1,0.6274087851705044,5.061388888888889,5.0,12.0,9.0,30.0,-0.030538513209822857,-0.9995335908367129,0.43388373911755823,-0.900968867902419
10,2025-12-18 13:06:57,1,0.5771866496795302,0.9866666666666667,2.0,11.0,10.0,32.0,-0.28401534470392237,-0.9588197348681932,0.43388373911755823,-0.900968867902419
10,2025-12-18 13:09:00,0,0.5808310001480292,0.034166666666666665,3.0,11.0,11.0,32.0,-0.29654157497557077,-0.9550199444571867,0.43388373911755823,-0.900968867902419
10,2025-12-18 20:53:10,0,0.2653865961534431,7.736111111111111,1.0,2.0,9.0,18.0,-0.7283709698824009,0.6851829903263584,0.43388373911755823,-0.900968867902419
10,2025-12-19 03:07:49,0,0.3125414617604045,6.244166666666667,1.0,3.0,10.0,21.0,0.7283709698824002,0.6851829903263592,-0.433883739117558,-0.9009688679024191
10,2025-12-19 07:39:58,1,0.45948987187941187,4.535833333333334,2.0,6.0,6.0,19.0,0.9081431738250813,-0.41865973753742824,-0.433883739117558,-0.9009688679024191
10,2025-12-19 08:26:57,1,0.5435928618017405,0.7830555555555555,3.0,7.0,7.0,20.0,0.8038568606172174,-0.5948227867513411,-0.433883739117558,-0.9009688679024191
10,2025-12-19 08:48:47,1,0.6149204091685987,0.3638888888888889,4.0,10.0,8.0,23.0,0.7431448254773942,-0.6691306063588582,-0.433883739117558,-0.9009688679024191
10,2025-12-19 10:00:29,1,0.6349522223695443,1.195,4.0,8.0,9.0,24.0,0.49999999999999994,-0.8660254037844387,-0.433883739117558,-0.9009688679024191
10,2025-12-19 10:01:33,1,0.7095673267201306,0.017777777777777778,5.0,9.0,10.0,25.0,0.49621650367520803,-0.8681988144891424,-0.433883739117558,-0.9009688679024191
10,2025-12-19 10:19:09,1,0.795435826310933,0.29333333333333333,6.0,9.0,11.0,25.0,0.42656873990145855,-0.9044551454543679,-0.433883739117558,-0.9009688679024191
10,2025-12-19 10:19:15,1,0.8459448750696538,0.0016666666666666668,7.0,13.0,12.0,29.0,0.42656873990145855,-0.9044551454543679,-0.433883739117558,-0.9009688679024191
10,2025-12-19 10:24:32,0,0.7695500105323582,0.08805555555555555,8.0,13.0,13.0,29.0,0.40673664307580043,-0.9135454576426008,-0.433883739117558,-0.9009688679024191
10,2025-12-19 14:30:36,1,0.7016678879163832,4.101111111111111,7.0,11.0,11.0,20.0,-0.6087614290087207,-0.7933533402912352,-0.433883739117558,-0.9009688679024191
10,2025-12-19 16:01:21,0,0.5620018155185047,1.5125,6.0,7.0,12.0,20.0,-0.8681988144891424,-0.4962165036752081,-0.433883739117558,-0.9009688679024191
10,2025-12-19 19:51:47,0,0.31882685676462574,3.8405555555555555,3.0,3.0,13.0,21.0,-0.8849876374630419,0.4656145203251113,-0.433883739117558,-0.9009688679024191
10,2025-12-19 23:19:35,0,0.4143976837381894,3.4633333333333334,2.0,2.0,13.0,20.0,-0.17794354547384242,0.9840406976462908,-0.433883739117558,-0.9009688679024191
10,2025-12-20 03:02:21,0,0.4679550254627638,3.7127777777777777,2.0,2.0,14.0,21.0,0.7132504491541815,0.700909264299851,-0.9749279121818236,-0.2225209339563146
10,2025-12-20 07:10:29,0,0.4685634780264595,4.135555555555555,2.0,7.0,14.0,24.0,0.9537169507482269,-0.30070579950427295,-0.9749279121818236,-0.2225209339563146
10,2025-12-20 09:40:38,1,0.5371976977647177,2.5025,2.0,28.0,12.0,39.0,0.5735764363510464,-0.8191520442889917,-0.9749279121818236,-0.2225209339563146
10,2025-12-20 10:03:46,1,0.5968265667121987,0.38555555555555554,3.0,29.0,11.0,38.0,0.48862124149695485,-0.8724960070727972,-0.9749279121818236,-0.2225209339563146
10,2025-12-20 10:46:50,0,0.6358298863654307,0.7177777777777777,4.0,38.0,9.0,43.0,0.31730465640509214,-0.9483236552061993,-0.9749279121818236,-0.2225209339563146
10,2025-12-20 21:10:41,0,0.5079048139720261,10.3975,1.0,5.0,7.0,45.0,-0.6755902076156598,0.7372773368101244,-0.9749279121818236,-0.2225209339563146
10,2025-12-21 04:44:20,1,0.3392668825588785,7.560833333333333,1.0,0.0,6.0,43.0,0.9455185755993167,0.32556815445715676,-0.7818314824680299,0.6234898018587334
10,2025-12-21 05:11:51,0,0.4206751408388236,0.45861111111111114,2.0,1.0,7.0,44.0,0.9772311064626789,0.21217767215644634,-0.7818314824680299,0.6234898018587334
10,2025-12-21 07:49:58,0,0.4637707143806552,2.6352777777777776,3.0,5.0,7.0,42.0,0.8890171414857364,-0.45787391511695685,-0.7818314824680299,0.6234898018587334
10,2025-12-21 10:19:27,0,0.6090975896614907,2.491388888888889,4.0,6.0,6.0,20.0,0.42656873990145855,-0.9044551454543679,-0.7818314824680299,0.6234898018587334
10,2025-12-21 12:52:21,1,0.5585873461433828,2.5483333333333333,3.0,8.0,6.0,14.0,-0.22495105434386498,-0.9743700647852352,-0.7818314824680299,0.6234898018587334
10,2025-12-21 13:09:34,1,0.6999218377119744,0.28694444444444445,4.0,9.0,7.0,15.0,-0.29654157497557077,-0.9550199444571867,-0.7818314824680299,0.6234898018587334
10,2025-12-21 13:15:44,0,0.6633952490547305,0.10277777777777777,5.0,11.0,8.0,17.0,-0.32143946530316153,-0.9469301294951057,-0.7818314824680299,0.6234898018587334
10,2025-12-21 16:48:35,1,0.41206557571385416,3.5475,4.0,7.0,9.0,18.0,-0.9510565162951535,-0.30901699437494756,-0.7818314824680299,0.6234898018587334
10,2025-12-21 16:56:23,0,0.5169242292054794,0.13,5.0,8.0,10.0,19.0,-0.961261695938319,-0.2756373558169989,-0.7818314824680299,0.6234898018587334
10,2025-12-21 19:49:59,0,0.37082578962995105,2.8933333333333335,3.0,4.0,11.0,21.0,-0.8890171414857366,0.45787391511695635,-0.7818314824680299,0.6234898018587334
10,2025-12-21 22:21:25,1,0.46375054344497907,2.523888888888889,4.0,4.0,11.0,16.0,-0.4186597375374281,0.9081431738250813,-0.7818314824680299,0.6234898018587334
10,2025-12-21 22:22:15,1,0.602146723503882,0.013888888888888888,5.0,4.0,12.0,16.0,-0.4146932426562393,0.9099612708765431,-0.7818314824680299,0.6234898018587334
10,2025-12-21 23:58:12,1,0.4421380851286773,1.5991666666666666,4.0,3.0,13.0,17.0,-0.008726535498374524,0.9999619230641713,-0.7818314824680299,0.6234898018587334
10,2025-12-22 01:15:55,1,0.4619999979574607,1.2952777777777778,5.0,4.0,14.0,18.0,0.3214394653031616,0.9469301294951057,0.0,1.0
10,2025-12-22 01:16:40,1,0.7190444021067718,0.0125,6.0,4.0,15.0,18.0,0.32556815445715664,0.9455185755993168,0.0,1.0
10,2025-12-22 01:45:23,1,0.7145020430838942,0.4786111111111111,7.0,5.0,16.0,19.0,0.44228869021900125,0.8968727415326884,0.0,1.0
10,2025-12-22 01:51:42,1,0.6983442495739702,0.10527777777777778,7.0,4.0,17.0,20.0,0.4656145203251114,0.8849876374630419,0.0,1.0
10,2025-12-22 02:48:24,0,0.6750444135192899,0.945,8.0,5.0,18.0,21.0,0.6691306063588582,0.7431448254773942,0.0,1.0
10,2025-12-22 08:09:24,0,0.38345471536125403,5.35,2.0,2.0,16.0,17.0,0.8457278217039732,-0.5336145159156115,0.0,1.0
10,2025-12-22 10:28:36,1,0.4828523745912169,2.32,2.0,2.0,16.0,17.0,0.39073112848927377,-0.9205048534524404,0.0,1.0
10,2025-12-22 12:18:21,1,0.47609473078760395,1.8291666666666666,3.0,2.0,17.0,17.0,-0.07845909572784526,-0.996917333733128,0.0,1.0
10,2025-12-22 12:18:51,0,0.6150582028846934,0.008333333333333333,4.0,28.0,18.0,43.0,-0.07845909572784526,-0.996917333733128,0.0,1.0
10,2026-01-08 09:52:40,0,0.32877517462337835,24.0,1.0,1.0,1.0,1.0,0.529919264233205,-0.848048096156426,0.43388373911755823,-0.900968867902419
10,2026-01-09 12:01:00,0,0.33985818342469853,24.0,1.0,3.0,1.0,3.0,-0.0043633092847466205,-0.9999904807207345,-0.433883739117558,-0.9009688679024191
10,2026-01-09 15:15:18,0,0.2837203899464187,3.2383333333333333,2.0,903.0,2.0,903.0,-0.7518398074789773,-0.6593458151000691,-0.433883739117558,-0.9009688679024191
10,2026-01-10 09:17:09,0,0.5122830710226759,18.030833333333334,1.0,0.0,3.0,903.0,0.6527597524627227,-0.7575649843840494,-0.9749279121818236,-0.2225209339563146
10,2026-01-10 12:47:05,0,0.4568321908408511,3.4988888888888887,2.0,3.0,3.0,903.0,-0.20364175114017746,-0.9790454724845838,-0.9749279121818236,-0.2225209339563146
10,2026-01-11 12:20:17,1,0.5136005820113055,23.553333333333335,1.0,10.0,2.0,13.0,-0.08715574274765794,-0.9961946980917455,-0.7818314824680299,0.6234898018587334
10,2026-01-11 13:26:26,1,0.5857705707929426,1.1025,2.0,11.0,2.0,11.0,-0.36650122672429736,-0.9304175679820245,-0.7818314824680299,0.6234898018587334
10,2026-01-11 14:33:31,1,0.5586782593116763,1.1180555555555556,3.0,20.0,3.0,20.0,-0.6190939493098341,-0.7853169308807448,-0.7818314824680299,0.6234898018587334
10,2026-01-11 14:42:19,0,0.6269684296653327,0.14666666666666667,4.0,20.0,4.0,20.0,-0.6494480483301835,-0.760405965600031,-0.7818314824680299,0.6234898018587334
10,2026-01-11 20:06:57,0,0.4584204337397098,5.410555555555556,3.0,18.0,5.0,29.0,-0.8526401643540921,0.522498564715949,-0.7818314824680299,0.6234898018587334
11,2025-12-07 03:01:12,0,0.37805874147061735,0.0,1.0,1.0,1.0,1.0,0.7101853756232854,0.7040147244559684,-0.7818314824680299,0.6234898018587334
11,2025-12-08 08:49:37,0,0.26196603455770573,24.0,1.0,3.0,1.0,3.0,0.7402181274868322,-0.6723668074346679,0.0,1.0
11,2025-12-08 18:43:29,1,0.3326774052157006,9.897777777777778,1.0,2.0,2.0,5.0,-0.98245039772551,0.18652403600873346,0.0,1.0
11,2025-12-08 18:45:36,1,0.43496177536921266,0.035277777777777776,2.0,2.0,3.0,5.0,-0.9807852804032304,0.1950903220161283,0.0,1.0
11,2025-12-08 18:48:11,0,0.37340471098441597,0.043055555555555555,3.0,4.0,4.0,7.0,-0.9781476007338056,0.20791169081775945,0.0,1.0
11,2025-12-09 07:58:22,0,0.27381395873202496,13.169722222222223,1.0,1.0,5.0,8.0,0.8703556959398997,-0.492423560103467,0.7818314824680298,0.6234898018587336
11,2025-12-09 14:27:47,0,0.28022769152827276,6.490277777777778,1.0,0.0,5.0,5.0,-0.598324600570659,-0.8012538126910607,0.7818314824680298,0.6234898018587336
11,2025-12-09 22:58:10,0,0.31706550610376577,8.506388888888889,1.0,0.0,3.0,1.0,-0.2672383760782571,0.963630453208623,0.7818314824680298,0.6234898018587336
11,2025-12-10 15:46:50,1,0.405744772936705,16.81111111111111,1.0,9.0,2.0,9.0,-0.8338858220671681,-0.5519369853120584,0.9749279121818236,-0.22252093395631434
11,2025-12-10 15:56:24,0,0.4344300445540234,0.15944444444444444,2.0,9.0,3.0,9.0,-0.8571673007021121,-0.5150380749100544,0.9749279121818236,-0.22252093395631434
11,2025-12-10 23:58:58,0,0.3017550813379589,8.042777777777777,1.0,3.0,3.0,12.0,-0.008726535498374524,0.9999619230641713,0.9749279121818236,-0.22252093395631434
11,2025-12-11 05:13:11,1,0.38066232180285,5.236944444444444,2.0,3.0,4.0,12.0,0.9790454724845838,0.20364175114017743,0.43388373911755823,-0.900968867902419
11,2025-12-11 05:13:17,0,0.4787886770902548,0.0016666666666666668,3.0,9.0,5.0,18.0,0.9790454724845838,0.20364175114017743,0.43388373911755823,-0.900968867902419
11,2025-12-11 15:25:25,0,0.25107194928694365,10.202222222222222,1.0,3.0,6.0,21.0,-0.7798844830928814,-0.6259234721840596,0.43388373911755823,-0.900968867902419
11,2025-12-11 21:42:57,1,0.43377697970787715,6.292222222222223,1.0,10.0,5.0,22.0,-0.5664062369248329,0.8241261886220156,0.43388373911755823,-0.900968867902419
11,2025-12-11 22:52:23,0,0.43500791350940154,1.1572222222222222,2.0,13.0,6.0,25.0,-0.29237170472273627,0.9563047559630357,0.43388373911755823,-0.900968867902419
11,2025-12-12 02:32:33,1,0.42608933046946385,3.6694444444444443,3.0,17.0,6.0,26.0,0.6156614753256582,0.788010753606722,-0.433883739117558,-0.9009688679024191
11,2025-12-12 03:03:10,0,0.49023131219240573,0.5102777777777778,4.0,17.0,7.0,26.0,0.7163019434246541,0.6977904598416802,-0.433883739117558,-0.9009688679024191
11,2025-12-12 07:39:44,0,0.4303201967577637,4.609444444444445,3.0,8.0,6.0,24.0,0.9081431738250813,-0.41865973753742824,-0.433883739117558,-0.9009688679024191
11,2025-12-12 14:31:51,0,0.30618015395648723,6.868611111111111,1.0,4.0,7.0,28.0,-0.6122172800344494,-0.7906895737438432,-0.433883739117558,-0.9009688679024191
11,2025-12-12 19:34:30,0,0.38605159640609366,5.0441666666666665,2.0,5.0,7.0,26.0,-0.917060074385124,0.39874906892524625,-0.433883739117558,-0.9009688679024191
11,2025-12-13 00:55:43,1,0.6328071238674023,5.353611111111111,2.0,3.0,6.0,15.0,0.23768589232617307,0.9713420698132614,-0.9749279121818236,-0.2225209339563146
11,2025-12-13 00:58:01,1,0.5535884581048617,0.03833333333333333,3.0,3.0,7.0,15.0,0.2503800040544414,0.9681476403781077,-0.9749279121818236,-0.2225209339563146
11,2025-12-13 00:58:29,0,0.5660386107528289,0.0077777777777777776,4.0,4.0,8.0,16.0,0.2503800040544414,0.9681476403781077,-0.9749279121818236,-0.2225209339563146
11,2025-12-13 08:00:26,1,0.5942408728252508,7.0325,1.0,9.0,6.0,17.0,0.8660254037844387,-0.49999999999999983,-0.9749279121818236,-0.2225209339563146
11,2025-12-13 08:25:15,1,0.5344669401397265,0.4136111111111111,2.0,63.0,7.0,71.0,0.8064446042674828,-0.5913096483635821,-0.9749279121818236,-0.2225209339563146
11,2025-12-13 09:21:34,0,0.4294643783744654,0.9386111111111111,3.0,64.0,8.0,72.0,0.6394390019805848,-0.7688418320734595,-0.9749279121818236,-0.2225209339563146
11,2025-12-13 19:58:52,0,0.4800080228265624,10.621666666666666,1.0,1.0,7.0,68.0,-0.8703556959399003,0.4924235601034661,-0.9749279121818236,-0.2225209339563146
11,2025-12-14 01:59:01,0,0.357576451578823,6.0025,1.0,7.0,5.0,72.0,0.4962165036752082,0.8681988144891423,-0.7818314824680299,0.6234898018587334
11,2025-12-14 04:34:57,0,0.3705943606755623,2.598888888888889,2.0,8.0,6.0,73.0,0.9304175679820246,0.3665012267242973,-0.7818314824680299,0.6234898018587334
11,2025-12-14 10:25:32,1,0.6108054665015861,5.843055555555556,2.0,5.0,4.0,13.0,0.4027466898587373,-0.9153114791194471,-0.7818314824680299,0.6234898018587334
11,2025-12-14 10:25:32,1,0.6108632703966866,5.843055555555556,2.0,5.0,5.0,17.0,0.4027466898587373,-0.9153114791194471,-0.7818314824680299,0.6234898018587334
11,2025-12-14 10:25:32,1,0.6388391148775975,5.843055555555556,3.0,9.0,4.0,13.0,0.4027466898587373,-0.9153114791194471,-0.7818314824680299,0.6234898018587334
11,2025-12-14 10:25:32,1,0.6381105163734148,5.843055555555556,3.0,9.0,5.0,17.0,0.4027466898587373,-0.9153114791194471,-0.7818314824680299,0.6234898018587334
11,2025-12-14 10:25:32,1,0.6239723925104637,0.0,2.0,5.0,4.0,13.0,0.4027466898587373,-0.9153114791194471,-0.7818314824680299,0.6234898018587334
11,2025-12-14 10:25:32,1,0.6260682898552903,0.0,2.0,5.0,5.0,17.0,0.4027466898587373,-0.9153114791194471,-0.7818314824680299,0.6234898018587334
11,2025-12-14 10:25:32,1,0.6483035660060694,0.0,3.0,9.0,4.0,13.0,0.4027466898587373,-0.9153114791194471,-0.7818314824680299,0.6234898018587334
11,2025-12-14 10:25:32,1,0.6489802325505509,0.0,3.0,9.0,5.0,17.0,0.4027466898587373,-0.9153114791194471,-0.7818314824680299,0.6234898018587334
11,2025-12-14 10:41:30,1,0.6714712978834193,0.26611111111111113,3.0,11.0,6.0,20.0,0.3379167180033274,-0.9411760152563705,-0.7818314824680299,0.6234898018587334
11,2025-12-14 10:41:30,1,0.6439070467035699,0.26611111111111113,3.0,11.0,7.0,23.0,0.3379167180033274,-0.9411760152563705,-0.7818314824680299,0.6234898018587334
11,2025-12-14 10:41:30,1,0.7079256999751733,0.26611111111111113,4.0,14.0,6.0,20.0,0.3379167180033274,-0.9411760152563705,-0.7818314824680299,0.6234898018587334
11,2025-12-14 10:41:30,1,0.6932115800292012,0.26611111111111113,4.0,14.0,7.0,23.0,0.3379167180033274,-0.9411760152563705,-0.7818314824680299,0.6234898018587334
11,2025-12-14 10:41:30,1,0.7358033321156454,0.0,3.0,11.0,6.0,20.0,0.3379167180033274,-0.9411760152563705,-0.7818314824680299,0.6234898018587334
11,2025-12-14 10:41:30,1,0.735617556892434,0.0,3.0,11.0,7.0,23.0,0.3379167180033274,-0.9411760152563705,-0.7818314824680299,0.6234898018587334
11,2025-12-14 10:41:30,1,0.7570913704135778,0.0,4.0,14.0,6.0,20.0,0.3379167180033274,-0.9411760152563705,-0.7818314824680299,0.6234898018587334
11,2025-12-14 10:41:30,1,0.7667579720625888,0.0,4.0,14.0,7.0,23.0,0.3379167180033274,-0.9411760152563705,-0.7818314824680299,0.6234898018587334
11,2025-12-14 10:44:54,0,0.6659591759458049,0.056666666666666664,5.0,14.0,8.0,23.0,0.32556815445715703,-0.9455185755993167,-0.7818314824680299,0.6234898018587334
11,2025-12-14 21:09:23,0,0.242134859169756,10.408055555555556,1.0,3.0,8.0,25.0,-0.6788007455329418,0.7343225094356856,-0.7818314824680299,0.6234898018587334
11,2025-12-14 21:09:23,0,0.2842061700752917,10.408055555555556,1.0,3.0,3.0,4.0,-0.6788007455329418,0.7343225094356856,-0.7818314824680299,0.6234898018587334
11,2025-12-14 21:09:23,0,0.242134859169756,10.408055555555556,1.0,3.0,8.0,25.0,-0.6788007455329418,0.7343225094356856,-0.7818314824680299,0.6234898018587334
11,2025-12-14 21:09:23,0,0.2842061700752917,10.408055555555556,1.0,3.0,3.0,4.0,-0.6788007455329418,0.7343225094356856,-0.7818314824680299,0.6234898018587334
11,2025-12-15 21:22:18,1,0.3326892494235091,24.0,1.0,1.0,1.0,1.0,-0.6360782202777646,0.7716245833877194,0.0,1.0
11,2025-12-15 21:23:16,1,0.5117142889439995,0.01611111111111111,2.0,1.0,2.0,1.0,-0.6327053285625163,0.7743926440821854,0.0,1.0
11,2025-12-15 22:38:15,0,0.3830942505477136,1.2497222222222222,3.0,5.0,3.0,5.0,-0.35020738125946765,0.9366721892483976,0.0,1.0
11,2025-12-16 11:32:08,1,0.43500568360482705,12.898055555555555,1.0,1.0,4.0,6.0,0.12186934340514755,-0.992546151641322,0.7818314824680298,0.6234898018587336
11,2025-12-16 11:36:37,0,0.46979395201272406,0.07472222222222222,2.0,2.0,5.0,7.0,0.10452846326765373,-0.9945218953682733,0.7818314824680298,0.6234898018587336
11,2025-12-16 14:49:12,0,0.41827496252403634,3.209722222222222,3.0,6.0,6.0,11.0,-0.6723668074346678,-0.7402181274868322,0.7818314824680298,0.6234898018587336
11,2025-12-16 22:37:16,0,0.2904521082961357,7.801111111111111,1.0,1.0,5.0,11.0,-0.3542910379977166,0.9351352096860114,0.7818314824680298,0.6234898018587336
11,2025-12-18 11:50:26,0,0.41619687724809684,24.0,1.0,14.0,1.0,14.0,0.043619387365335625,-0.9990482215818578,0.43388373911755823,-0.900968867902419
11,2025-12-18 14:04:55,1,0.5199995462511937,2.241388888888889,2.0,24.0,2.0,24.0,-0.5150380749100542,-0.8571673007021123,0.43388373911755823,-0.900968867902419
11,2025-12-18 15:54:19,1,0.5090511402961795,1.8233333333333333,3.0,25.0,3.0,25.0,-0.8526401643540918,-0.5224985647159494,0.43388373911755823,-0.900968867902419
11,2025-12-18 15:56:00,1,0.6474825740508066,0.028055555555555556,4.0,25.0,4.0,25.0,-0.8571673007021121,-0.5150380749100544,0.43388373911755823,-0.900968867902419
11,2025-12-18 15:56:34,1,0.6618842721718464,0.009444444444444445,5.0,27.0,5.0,27.0,-0.8571673007021121,-0.5150380749100544,0.43388373911755823,-0.900968867902419
11,2025-12-18 16:00:17,1,0.7982161988277333,0.06194444444444445,6.0,28.0,6.0,28.0,-0.8660254037844384,-0.5000000000000004,0.43388373911755823,-0.900968867902419
11,2025-12-18 16:02:59,1,0.7845484079859688,0.045,7.0,42.0,7.0,42.0,-0.8703556959399,-0.49242356010346644,0.43388373911755823,-0.900968867902419
11,2025-12-18 16:17:43,1,0.7763175124186968,0.24555555555555555,8.0,45.0,8.0,45.0,-0.900698239322588,-0.43444525740441686,0.43388373911755823,-0.900968867902419
11,2025-12-18 16:21:55,0,0.7468883854772771,0.07,9.0,47.0,9.0,47.0,-0.9081431738250814,-0.418659737537428,0.43388373911755823,-0.900968867902419
11,2025-12-19 00:09:49,1,0.4340325229730256,7.798333333333333,1.0,1.0,10.0,48.0,0.03925981575906861,0.9992290362407229,-0.433883739117558,-0.9009688679024191
11,2025-12-19 00:36:25,0,0.4076230754037524,0.44333333333333336,2.0,1.0,11.0,48.0,0.15643446504023087,0.9876883405951378,-0.433883739117558,-0.9009688679024191
11,2025-12-19 06:27:01,1,0.5013262706043632,5.843333333333334,2.0,10.0,12.0,58.0,0.9930684569549263,-0.11753739745783758,-0.433883739117558,-0.9009688679024191
11,2025-12-19 06:38:22,0,0.4746974736556839,0.18916666666666668,2.0,27.0,13.0,75.0,0.9862856015372314,-0.16504760586067727,-0.433883739117558,-0.9009688679024191
11,2025-12-19 21:34:36,0,0.30629491967247696,14.937222222222223,1.0,1.0,5.0,29.0,-0.5948227867513417,0.8038568606172171,-0.433883739117558,-0.9009688679024191
11,2025-12-20 00:10:23,1,0.5989102648565304,2.596388888888889,2.0,1.0,5.0,28.0,0.043619387365336,0.9990482215818578,-0.9749279121818236,-0.2225209339563146
11,2025-12-20 00:11:14,1,0.4690023437530694,0.014166666666666666,3.0,1.0,6.0,28.0,0.047978128521343935,0.9988483864849507,-0.9749279121818236,-0.2225209339563146
11,2025-12-20 01:51:47,0,0.50038792668104,1.6758333333333333,4.0,7.0,6.0,34.0,0.4656145203251114,0.8849876374630419,-0.9749279121818236,-0.2225209339563146
11,2025-12-20 05:18:41,1,0.4474069857447913,3.4483333333333333,4.0,7.0,7.0,35.0,0.9832549075639545,0.18223552549214767,-0.9749279121818236,-0.2225209339563146
11,2025-12-20 05:19:40,1,0.5324934641853837,0.01638888888888889,5.0,7.0,8.0,35.0,0.9840406976462908,0.177943545473842,-0.9749279121818236,-0.2225209339563146
11,2025-12-20 05:19:45,1,0.6021374843099827,0.001388888888888889,6.0,8.0,9.0,36.0,0.9840406976462908,0.177943545473842,-0.9749279121818236,-0.2225209339563146
11,2025-12-20 06:22:20,0,0.4783127892933498,1.0430555555555556,5.0,34.0,10.0,62.0,0.9953961983671789,-0.09584575252022395,-0.9749279121818236,-0.2225209339563146
11,2025-12-20 09:31:36,1,0.503042219133131,3.1544444444444446,5.0,31.0,9.0,38.0,0.6052939880428945,-0.7960020025346219,-0.9749279121818236,-0.2225209339563146
11,2025-12-20 09:35:16,1,0.6936361453960979,0.06111111111111111,6.0,31.0,10.0,38.0,0.5913096483635822,-0.8064446042674827,-0.9749279121818236,-0.2225209339563146
11,2025-12-20 09:35:46,1,0.7136991217063167,0.008333333333333333,7.0,32.0,11.0,39.0,0.5913096483635822,-0.8064446042674827,-0.9749279121818236,-0.2225209339563146
11,2025-12-20 10:24:11,1,0.7026577761861198,0.8069444444444445,8.0,32.0,12.0,39.0,0.40673664307580043,-0.9135454576426008,-0.9749279121818236,-0.2225209339563146
11,2025-12-20 10:43:12,0,0.7202238793330406,0.3169444444444444,9.0,33.0,13.0,40.0,0.32969064526278735,-0.9440890203927842,-0.9749279121818236,-0.2225209339563146
11,2025-12-20 14:29:16,1,0.5546621856583186,3.767777777777778,6.0,7.0,14.0,42.0,-0.6052939880428939,-0.7960020025346224,-0.9749279121818236,-0.2225209339563146
11,2025-12-20 14:44:26,0,0.7355147069824874,0.25277777777777777,7.0,10.0,15.0,45.0,-0.656059028990507,-0.7547095802227721,-0.9749279121818236,-0.2225209339563146
11,2025-12-21 05:02:55,1,0.4222658530839144,14.308055555555555,1.0,0.0,12.0,38.0,0.9681476403781077,0.2503800040544415,-0.7818314824680299,0.6234898018587334
11,2025-12-21 05:08:57,0,0.42819097331212086,0.10055555555555555,2.0,1.0,13.0,39.0,0.9743700647852352,0.22495105434386492,-0.7818314824680299,0.6234898018587334
11,2025-12-21 13:44:34,1,0.3653682432110085,8.59361111111111,1.0,4.0,5.0,10.0,-0.43837114678907707,-0.8987940462991671,-0.7818314824680299,0.6234898018587334
11,2025-12-21 13:49:26,0,0.5626883206534897,0.0811111111111111,2.0,5.0,6.0,11.0,-0.4578739151169564,-0.8890171414857366,-0.7818314824680299,0.6234898018587334
11,2026-01-08 13:37:13,1,0.3840726983734389,24.0,1.0,0.0,1.0,0.0,-0.410718852613477,-0.9117620435770887,0.43388373911755823,-0.900968867902419
11,2026-01-08 13:37:22,1,0.5355537439701353,0.0025,2.0,0.0,2.0,0.0,-0.410718852613477,-0.9117620435770887,0.43388373911755823,-0.900968867902419
11,2026-01-08 13:37:31,1,0.5114897946575587,0.0025,3.0,0.0,3.0,0.0,-0.410718852613477,-0.9117620435770887,0.43388373911755823,-0.900968867902419
11,2026-01-08 13:37:43,1,0.5464084334777124,0.0033333333333333335,4.0,0.0,4.0,0.0,-0.410718852613477,-0.9117620435770887,0.43388373911755823,-0.900968867902419
11,2026-01-08 13:37:51,1,0.5538078706137041,0.0022222222222222222,5.0,0.0,5.0,0.0,-0.410718852613477,-0.9117620435770887,0.43388373911755823,-0.900968867902419
11,2026-01-08 13:38:01,1,0.6977818007963161,0.002777777777777778,6.0,0.0,6.0,0.0,-0.41469324265623897,-0.9099612708765432,0.43388373911755823,-0.900968867902419
11,2026-01-08 13:38:17,1,0.7161846969316845,0.0044444444444444444,7.0,0.0,7.0,0.0,-0.41469324265623897,-0.9099612708765432,0.43388373911755823,-0.900968867902419
11,2026-01-08 13:38:25,1,0.74183462318648,0.0022222222222222222,8.0,0.0,8.0,0.0,-0.41469324265623897,-0.9099612708765432,0.43388373911755823,-0.900968867902419
11,2026-01-08 13:38:26,1,0.7348881855356052,0.0002777777777777778,9.0,0.0,9.0,0.0,-0.41469324265623897,-0.9099612708765432,0.43388373911755823,-0.900968867902419
11,2026-01-08 13:38:29,1,0.7335837343377796,0.0008333333333333334,10.0,0.0,10.0,0.0,-0.41469324265623897,-0.9099612708765432,0.43388373911755823,-0.900968867902419
11,2026-01-08 13:38:33,1,0.7367510426188892,0.0011111111111111111,11.0,0.0,11.0,0.0,-0.41469324265623897,-0.9099612708765432,0.43388373911755823,-0.900968867902419
11,2026-01-08 13:38:42,1,0.7395758754375056,0.0025,12.0,0.0,12.0,0.0,-0.41469324265623897,-0.9099612708765432,0.43388373911755823,-0.900968867902419
11,2026-01-08 13:38:46,1,0.7427301762991699,0.0011111111111111111,13.0,0.0,13.0,0.0,-0.41469324265623897,-0.9099612708765432,0.43388373911755823,-0.900968867902419
11,2026-01-08 13:38:49,1,0.74236317339925,0.0008333333333333334,14.0,1.0,14.0,1.0,-0.41469324265623897,-0.9099612708765432,0.43388373911755823,-0.900968867902419
11,2026-01-08 13:39:12,1,0.7765117261401587,0.006388888888888889,15.0,1.0,15.0,1.0,-0.41865973753742813,-0.9081431738250813,0.43388373911755823,-0.900968867902419
11,2026-01-08 13:39:17,1,0.764115388622883,0.001388888888888889,16.0,1.0,16.0,1.0,-0.41865973753742813,-0.9081431738250813,0.43388373911755823,-0.900968867902419
11,2026-01-08 13:39:20,1,0.7494125446972218,0.0008333333333333334,17.0,1.0,17.0,1.0,-0.41865973753742813,-0.9081431738250813,0.43388373911755823,-0.900968867902419
11,2026-01-08 13:39:58,1,0.7617909327161153,0.010555555555555556,18.0,1.0,18.0,1.0,-0.41865973753742813,-0.9081431738250813,0.43388373911755823,-0.900968867902419
11,2026-01-08 13:40:38,1,0.7630580146893692,0.011111111111111112,19.0,1.0,19.0,1.0,-0.4226182617406993,-0.90630778703665,0.43388373911755823,-0.900968867902419
11,2026-01-08 13:40:49,1,0.7635278069883653,0.0030555555555555557,20.0,1.0,20.0,1.0,-0.4226182617406993,-0.90630778703665,0.43388373911755823,-0.900968867902419
11,2026-01-08 13:40:54,1,0.7639437798922173,0.001388888888888889,21.0,2.0,21.0,2.0,-0.4226182617406993,-0.90630778703665,0.43388373911755823,-0.900968867902419
11,2026-01-08 13:41:35,1,0.7615380277155224,0.01138888888888889,22.0,3.0,22.0,3.0,-0.4265687399014583,-0.904455145454368,0.43388373911755823,-0.900968867902419
11,2026-01-08 13:42:01,1,0.7678900443190747,0.007222222222222222,23.0,3.0,23.0,3.0,-0.43051109680829447,-0.902585284349861,0.43388373911755823,-0.900968867902419
11,2026-01-08 13:42:11,1,0.8442885873961259,0.002777777777777778,24.0,34.0,24.0,34.0,-0.43051109680829447,-0.902585284349861,0.43388373911755823,-0.900968867902419
11,2026-01-08 14:15:08,1,0.7910160387282527,0.5491666666666667,25.0,34.0,25.0,34.0,-0.555570233019602,-0.8314696123025455,0.43388373911755823,-0.900968867902419
11,2026-01-08 14:15:40,0,0.8111486395966563,0.008888888888888889,26.0,72.0,26.0,72.0,-0.555570233019602,-0.8314696123025455,0.43388373911755823,-0.900968867902419
11,2026-01-10 06:12:51,0,0.5005076383218523,24.0,1.0,1.0,1.0,1.0,0.9986295347545738,-0.05233595624294384,-0.9749279121818236,-0.2225209339563146
11,2026-01-10 23:34:07,1,0.5992070413530455,17.354444444444443,1.0,14.0,2.0,15.0,-0.11320321376790789,0.9935718556765873,-0.9749279121818236,-0.2225209339563146
11,2026-01-10 23:34:07,1,0.6177345031304263,17.354444444444443,1.0,14.0,3.0,29.0,-0.11320321376790789,0.9935718556765873,-0.9749279121818236,-0.2225209339563146
11,2026-01-10 23:34:07,1,0.6038769993203209,17.354444444444443,2.0,28.0,2.0,15.0,-0.11320321376790789,0.9935718556765873,-0.9749279121818236,-0.2225209339563146
11,2026-01-10 23:34:07,1,0.6154024482515055,17.354444444444443,2.0,28.0,3.0,29.0,-0.11320321376790789,0.9935718556765873,-0.9749279121818236,-0.2225209339563146
11,2026-01-10 23:34:07,0,0.5270940050721612,0.0,1.0,14.0,2.0,15.0,-0.11320321376790789,0.9935718556765873,-0.9749279121818236,-0.2225209339563146
11,2026-01-10 23:34:07,0,0.5222066973939768,0.0,1.0,14.0,3.0,29.0,-0.11320321376790789,0.9935718556765873,-0.9749279121818236,-0.2225209339563146
11,2026-01-10 23:34:07,0,0.5113529540978982,0.0,2.0,28.0,2.0,15.0,-0.11320321376790789,0.9935718556765873,-0.9749279121818236,-0.2225209339563146
11,2026-01-10 23:34:07,0,0.50096464668979,0.0,2.0,28.0,3.0,29.0,-0.11320321376790789,0.9935718556765873,-0.9749279121818236,-0.2225209339563146
11,2026-01-12 08:30:03,1,0.285943277269069,24.0,1.0,1.0,1.0,1.0,0.7933533402912352,-0.6087614290087207,0.0,1.0
11,2026-01-12 08:31:56,1,0.5275594517886928,0.03138888888888889,2.0,2.0,2.0,2.0,0.7906895737438432,-0.6122172800344495,0.0,1.0
11,2026-01-12 08:32:00,0,0.5302301850875238,0.0011111111111111111,3.0,2.0,3.0,2.0,0.788010753606722,-0.6156614753256583,0.0,1.0
12,2025-12-07 19:03:58,0,0.32620843637456587,0.0,1.0,12.0,1.0,12.0,-0.9624552364536472,0.2714404498650747,-0.7818314824680299,0.6234898018587334
12,2025-12-08 05:24:55,0,0.2962314370489758,10.349166666666667,1.0,5.0,2.0,17.0,0.9876883405951378,0.15643446504023092,0.0,1.0
12,2025-12-08 11:41:44,0,0.4204094963718934,6.280277777777778,1.0,1.0,3.0,18.0,0.08280820751220419,-0.9965655024977614,0.0,1.0
12,2025-12-08 21:12:53,0,0.2981096114905259,9.519166666666667,1.0,4.0,3.0,10.0,-0.6691306063588588,0.7431448254773937,0.0,1.0
12,2025-12-08 23:57:27,1,0.4524508639964611,2.742777777777778,2.0,5.0,4.0,11.0,-0.013089595571345647,0.999914327574007,0.0,1.0
12,2025-12-09 01:16:32,0,0.43802471374291096,1.3180555555555555,3.0,6.0,5.0,12.0,0.32556815445715664,0.9455185755993168,0.7818314824680298,0.6234898018587336
12,2025-12-09 03:46:25,1,0.4258461194061284,2.4980555555555557,3.0,5.0,6.0,15.0,0.8338858220671681,0.5519369853120583,0.7818314824680298,0.6234898018587336
12,2025-12-09 04:45:40,0,0.42102000129393574,0.9875,4.0,13.0,7.0,23.0,0.9469301294951056,0.3214394653031617,0.7818314824680298,0.6234898018587336
12,2025-12-09 13:26:54,1,0.3541618642930833,8.687222222222223,1.0,2.0,6.0,19.0,-0.36650122672429736,-0.9304175679820245,0.7818314824680298,0.6234898018587336
12,2025-12-09 13:28:50,0,0.5022225523285752,0.03222222222222222,2.0,5.0,7.0,22.0,-0.37460659341591157,-0.9271838545667875,0.7818314824680298,0.6234898018587336
12,2025-12-09 22:29:57,0,0.25625666518476814,9.018611111111111,1.0,3.0,7.0,21.0,-0.38671096163682017,0.922200971670452,0.7818314824680298,0.6234898018587336
12,2025-12-10 05:03:29,1,0.4450464848097663,6.558888888888889,1.0,7.0,4.0,15.0,0.9692309097067544,0.24615329302899316,0.9749279121818236,-0.22252093395631434
12,2025-12-10 06:49:33,0,0.4178875444687503,1.7677777777777777,2.0,9.0,5.0,17.0,0.9772311064626789,-0.21217767215644623,0.9749279121818236,-0.22252093395631434
12,2025-12-10 09:57:55,0,0.42843439927121696,3.1394444444444445,3.0,13.0,6.0,21.0,0.5112930860770522,-0.8594064115014527,0.9749279121818236,-0.22252093395631434
12,2025-12-10 20:54:53,0,0.26818591538155223,10.949444444444444,1.0,2.0,5.0,18.0,-0.7253743710122879,0.6883545756937537,0.9749279121818236,-0.22252093395631434
12,2025-12-11 12:42:46,1,0.4020948013920649,15.798055555555555,1.0,1.0,2.0,3.0,-0.18223552549214703,-0.9832549075639546,0.43388373911755823,-0.900968867902419
12,2025-12-11 12:43:17,1,0.5332564676501456,0.008611111111111111,2.0,1.0,3.0,3.0,-0.18652403600873438,-0.9824503977255098,0.43388373911755823,-0.900968867902419
12,2025-12-11 12:43:17,1,0.5261396577634772,0.008611111111111111,2.0,1.0,4.0,3.0,-0.18652403600873438,-0.9824503977255098,0.43388373911755823,-0.900968867902419
12,2025-12-11 12:43:17,1,0.5255672815102198,0.008611111111111111,3.0,1.0,3.0,3.0,-0.18652403600873438,-0.9824503977255098,0.43388373911755823,-0.900968867902419
12,2025-12-11 12:43:17,1,0.5226575450193606,0.008611111111111111,3.0,1.0,4.0,3.0,-0.18652403600873438,-0.9824503977255098,0.43388373911755823,-0.900968867902419
12,2025-12-11 12:43:17,0,0.3165208127604354,0.0,2.0,1.0,3.0,3.0,-0.18652403600873438,-0.9824503977255098,0.43388373911755823,-0.900968867902419
12,2025-12-11 12:43:17,0,0.30639486152219275,0.0,2.0,1.0,4.0,3.0,-0.18652403600873438,-0.9824503977255098,0.43388373911755823,-0.900968867902419
12,2025-12-11 12:43:17,0,0.30806696348287893,0.0,3.0,1.0,3.0,3.0,-0.18652403600873438,-0.9824503977255098,0.43388373911755823,-0.900968867902419
12,2025-12-11 12:43:17,0,0.3021480856404453,0.0,3.0,1.0,4.0,3.0,-0.18652403600873438,-0.9824503977255098,0.43388373911755823,-0.900968867902419
12,2025-12-12 09:52:57,0,0.3520384303920773,21.16111111111111,1.0,4.0,4.0,5.0,0.529919264233205,-0.848048096156426,-0.433883739117558,-0.9009688679024191
12,2025-12-12 21:25:11,0,0.3069551743822673,11.537222222222223,1.0,2.0,2.0,6.0,-0.625923472184059,0.7798844830928818,-0.433883739117558,-0.9009688679024191
12,2025-12-13 01:18:18,1,0.593483261891553,3.8852777777777776,2.0,27.0,3.0,31.0,0.3338068592337709,0.9426414910921784,-0.9749279121818236,-0.2225209339563146
12,2025-12-13 01:44:29,1,0.5236101017254966,0.4363888888888889,3.0,30.0,4.0,34.0,0.43837114678907746,0.898794046299167,-0.9749279121818236,-0.2225209339563146
12,2025-12-13 02:06:33,0,0.4849254267936278,0.36777777777777776,4.0,38.0,5.0,42.0,0.5224985647159488,0.8526401643540923,-0.9749279121818236,-0.2225209339563146
12,2025-12-13 20:14:36,0,0.5705568568005486,18.134166666666665,1.0,1.0,5.0,39.0,-0.8338858220671683,0.551936985312058,-0.9749279121818236,-0.2225209339563146
12,2025-12-14 06:11:35,1,0.3863996134440729,9.949722222222222,1.0,2.0,2.0,3.0,0.9988483864849507,-0.04797812852134379,-0.7818314824680299,0.6234898018587334
12,2025-12-14 06:16:42,1,0.5183343656781998,0.08527777777777777,2.0,3.0,3.0,4.0,0.9975640502598242,-0.06975647374412533,-0.7818314824680299,0.6234898018587334
12,2025-12-14 06:17:06,1,0.5390514994295499,0.006666666666666667,3.0,3.0,4.0,4.0,0.9972501850994857,-0.074108490195399,-0.7818314824680299,0.6234898018587334
12,2025-12-14 07:34:26,0,0.5076913455875378,1.288888888888889,4.0,5.0,5.0,6.0,0.917060074385124,-0.39874906892524614,-0.7818314824680299,0.6234898018587334
12,2025-12-14 14:19:30,0,0.31629796278427014,6.751111111111111,1.0,3.0,6.0,9.0,-0.5699967625963029,-0.8216469379421637,-0.7818314824680299,0.6234898018587334
12,2025-12-14 17:01:59,0,0.44858646681045045,2.7080555555555557,2.0,11.0,7.0,17.0,-0.9670459389139431,-0.25460194820552773,-0.7818314824680299,0.6234898018587334
12,2025-12-15 13:50:56,0,0.3220040741203618,20.815833333333334,1.0,4.0,3.0,15.0,-0.46174861323503413,-0.8870108331782216,0.0,1.0
12,2025-12-15 20:53:27,1,0.4285381872810592,7.041944444444445,1.0,5.0,2.0,9.0,-0.7283709698824009,0.6851829903263584,0.0,1.0
12,2025-12-15 22:22:28,1,0.4521500249010849,1.4836111111111112,2.0,8.0,3.0,12.0,-0.4146932426562393,0.9099612708765431,0.0,1.0
12,2025-12-15 22:22:28,1,0.4551701475749559,1.4836111111111112,2.0,8.0,4.0,15.0,-0.4146932426562393,0.9099612708765431,0.0,1.0
12,2025-12-15 22:22:28,1,0.4807640747881454,1.4836111111111112,3.0,11.0,3.0,12.0,-0.4146932426562393,0.9099612708765431,0.0,1.0
12,2025-12-15 22:22:28,1,0.4813843074824793,1.4836111111111112,3.0,11.0,4.0,15.0,-0.4146932426562393,0.9099612708765431,0.0,1.0
12,2025-12-15 22:22:28,0,0.28767443594480535,0.0,2.0,8.0,3.0,12.0,-0.4146932426562393,0.9099612708765431,0.0,1.0
12,2025-12-15 22:22:28,0,0.28238044892871156,0.0,2.0,8.0,4.0,15.0,-0.4146932426562393,0.9099612708765431,0.0,1.0
12,2025-12-15 22:22:28,0,0.3250405338683843,0.0,3.0,11.0,3.0,12.0,-0.4146932426562393,0.9099612708765431,0.0,1.0
12,2025-12-15 22:22:28,0,0.31234665687275326,0.0,3.0,11.0,4.0,15.0,-0.4146932426562393,0.9099612708765431,0.0,1.0
12,2025-12-16 06:36:47,0,0.25518778504707607,8.238611111111112,1.0,3.0,5.0,18.0,0.9876883405951378,-0.1564344650402308,0.7818314824680298,0.6234898018587336
12,2025-12-16 09:32:56,1,0.47403054782403,2.9358333333333335,2.0,6.0,6.0,21.0,0.6018150231520486,-0.7986355100472926,0.7818314824680298,0.6234898018587336
12,2025-12-16 09:36:08,0,0.49360517251787217,0.05333333333333334,3.0,8.0,7.0,23.0,0.5877852522924732,-0.8090169943749473,0.7818314824680298,0.6234898018587336
12,2025-12-16 13:00:21,0,0.4536900562648401,3.403611111111111,3.0,8.0,8.0,26.0,-0.2588190451025208,-0.9659258262890683,0.7818314824680298,0.6234898018587336
12,2025-12-16 15:50:50,1,0.35465214244851523,2.841388888888889,2.0,4.0,8.0,23.0,-0.8433914458128859,-0.5372996083468234,0.7818314824680298,0.6234898018587336
12,2025-12-16 15:57:50,0,0.46480314150416724,0.11666666666666667,3.0,5.0,9.0,24.0,-0.8594064115014524,-0.5112930860770525,0.7818314824680298,0.6234898018587336
12,2025-12-16 19:43:17,0,0.4292764036730031,3.7575,3.0,20.0,10.0,42.0,-0.9006982393225881,0.43444525740441653,0.7818314824680298,0.6234898018587336
12,2025-12-17 01:04:35,0,0.4717228947125399,5.355,2.0,28.0,8.0,41.0,0.27563735581699916,0.9612616959383189,0.9749279121818236,-0.22252093395631434
12,2025-12-17 05:17:00,1,0.4444198957343158,4.206944444444445,2.0,11.0,9.0,42.0,0.9824503977255097,0.1865240360087348,0.9749279121818236,-0.22252093395631434
12,2025-12-17 05:57:26,1,0.5363780704265176,0.6738888888888889,3.0,12.0,10.0,43.0,0.999914327574007,0.013089595571344575,0.9749279121818236,-0.22252093395631434
12,2025-12-17 06:37:25,0,0.49621469065608226,0.6663888888888889,4.0,18.0,10.0,46.0,0.9869963665602319,-0.160742565603826,0.9749279121818236,-0.22252093395631434
12,2025-12-17 11:48:02,1,0.5738929666865715,5.176944444444445,3.0,8.0,9.0,42.0,0.05233595624294381,-0.9986295347545738,0.9749279121818236,-0.22252093395631434
12,2025-12-17 13:40:08,0,0.3748200015729761,1.8683333333333334,2.0,2.0,9.0,40.0,-0.4226182617406993,-0.90630778703665,0.9749279121818236,-0.22252093395631434
12,2025-12-17 20:12:43,1,0.47197224041968794,6.543055555555555,1.0,11.0,7.0,31.0,-0.8386705679454243,0.5446390350150266,0.9749279121818236,-0.22252093395631434
12,2025-12-17 22:00:26,0,0.40627662526444547,1.7952777777777778,2.0,24.0,8.0,44.0,-0.5000000000000004,0.8660254037844384,0.9749279121818236,-0.22252093395631434
12,2025-12-18 00:48:27,1,0.5265767074107067,2.8002777777777776,3.0,30.0,9.0,50.0,0.20791169081775931,0.9781476007338057,0.43388373911755823,-0.900968867902419
12,2025-12-18 00:54:34,0,0.5268322712923275,0.10194444444444445,4.0,30.0,10.0,50.0,0.2334453638559054,0.9723699203976766,0.43388373911755823,-0.900968867902419
12,2025-12-18 19:08:52,1,0.362147998144834,18.238333333333333,1.0,1.0,5.0,31.0,-0.9563047559630354,0.2923717047227367,0.43388373911755823,-0.900968867902419
12,2025-12-18 19:12:32,1,0.49036592939451074,0.06111111111111111,2.0,9.0,6.0,39.0,-0.9510565162951536,0.30901699437494723,0.43388373911755823,-0.900968867902419
12,2025-12-18 19:20:49,0,0.49313755736592,0.13805555555555554,3.0,9.0,7.0,39.0,-0.9396926207859085,0.34202014332566816,0.43388373911755823,-0.900968867902419
12,2025-12-19 00:18:40,1,0.537415874388455,4.964166666666666,4.0,11.0,6.0,17.0,0.07845909572784494,0.996917333733128,-0.433883739117558,-0.9009688679024191
12,2025-12-19 01:06:27,1,0.6243971884671486,0.7963888888888889,5.0,15.0,5.0,15.0,0.28401534470392265,0.958819734868193,-0.433883739117558,-0.9009688679024191
12,2025-12-19 01:06:27,1,0.6122674887585435,0.7963888888888889,5.0,15.0,6.0,19.0,0.28401534470392265,0.958819734868193,-0.433883739117558,-0.9009688679024191
12,2025-12-19 01:06:27,1,0.7744234833389346,0.7963888888888889,6.0,19.0,5.0,15.0,0.28401534470392265,0.958819734868193,-0.433883739117558,-0.9009688679024191
12,2025-12-19 01:06:27,1,0.7663518175054524,0.7963888888888889,6.0,19.0,6.0,19.0,0.28401534470392265,0.958819734868193,-0.433883739117558,-0.9009688679024191
12,2025-12-19 01:06:27,1,0.6999817668003426,0.0,5.0,15.0,5.0,15.0,0.28401534470392265,0.958819734868193,-0.433883739117558,-0.9009688679024191
12,2025-12-19 01:06:27,1,0.7354222448272411,0.0,5.0,15.0,6.0,19.0,0.28401534470392265,0.958819734868193,-0.433883739117558,-0.9009688679024191
12,2025-12-19 01:06:27,1,0.8252358635296626,0.0,6.0,19.0,5.0,15.0,0.28401534470392265,0.958819734868193,-0.433883739117558,-0.9009688679024191
12,2025-12-19 01:06:27,1,0.8316278788018228,0.0,6.0,19.0,6.0,19.0,0.28401534470392265,0.958819734868193,-0.433883739117558,-0.9009688679024191
12,2025-12-19 02:17:10,1,0.5501538057070762,1.178611111111111,4.0,11.0,7.0,20.0,0.5628049276950685,0.8265897491271886,-0.433883739117558,-0.9009688679024191
12,2025-12-19 03:23:03,0,0.44369100304177544,1.0980555555555556,5.0,13.0,8.0,22.0,0.7743926440821856,0.6327053285625162,-0.433883739117558,-0.9009688679024191
12,2025-12-20 04:13:43,0,0.5271404251042041,24.0,1.0,9.0,1.0,9.0,0.8929789434111369,0.45009844103743507,-0.9749279121818236,-0.2225209339563146
12,2025-12-20 06:16:59,1,0.5253276841528409,2.0544444444444445,2.0,11.0,2.0,11.0,0.9975640502598242,-0.06975647374412533,-0.9749279121818236,-0.2225209339563146
12,2025-12-20 07:26:25,1,0.5801769189324024,1.1572222222222222,3.0,12.0,3.0,12.0,0.9304175679820246,-0.3665012267242972,-0.9749279121818236,-0.2225209339563146
12,2025-12-20 07:42:51,0,0.6282076029699483,0.2738888888888889,4.0,12.0,4.0,12.0,0.9025852843498605,-0.43051109680829536,-0.9749279121818236,-0.2225209339563146
12,2025-12-20 10:03:06,1,0.5893385730030882,2.3375,5.0,15.0,5.0,15.0,0.48862124149695485,-0.8724960070727972,-0.9749279121818236,-0.2225209339563146
12,2025-12-20 10:11:40,1,0.7910484724302372,0.14277777777777778,6.0,16.0,6.0,16.0,0.457873915116957,-0.8890171414857363,-0.9749279121818236,-0.2225209339563146
12,2025-12-20 10:25:13,1,0.7623894540793407,0.22583333333333333,6.0,8.0,7.0,17.0,0.4027466898587373,-0.9153114791194471,-0.9749279121818236,-0.2225209339563146
12,2025-12-20 10:45:38,1,0.7623342170672796,0.3402777777777778,7.0,9.0,8.0,18.0,0.32143946530316175,-0.9469301294951056,-0.9749279121818236,-0.2225209339563146
12,2025-12-20 10:58:30,0,0.7549175930393857,0.21444444444444444,8.0,10.0,9.0,19.0,0.2672383760782566,-0.9636304532086231,-0.9749279121818236,-0.2225209339563146
12,2025-12-20 16:08:54,1,0.5465238387336455,5.173333333333333,5.0,5.0,10.0,20.0,-0.8829475928589265,-0.4694715627858915,-0.9749279121818236,-0.2225209339563146
12,2025-12-20 17:46:04,0,0.5841790378219394,1.6194444444444445,2.0,11.0,11.0,30.0,-0.9981347984218669,-0.06104853953485769,-0.9749279121818236,-0.2225209339563146
12,2025-12-21 04:47:21,0,0.37463661311859137,11.02138888888889,1.0,0.0,11.0,21.0,0.949699126201877,0.31316380648374953,-0.7818314824680299,0.6234898018587334
12,2025-12-21 09:42:26,1,0.4438279779675847,4.918055555555555,2.0,1.0,9.0,19.0,0.5664062369248332,-0.8241261886220155,-0.7818314824680299,0.6234898018587334
12,2025-12-21 09:44:44,1,0.5530591103584941,0.03833333333333333,3.0,2.0,10.0,20.0,0.5591929034707469,-0.8290375725550416,-0.7818314824680299,0.6234898018587334
12,2025-12-21 09:46:00,1,0.6756853866281829,0.021111111111111112,4.0,3.0,11.0,21.0,0.5519369853120579,-0.8338858220671683,-0.7818314824680299,0.6234898018587334
12,2025-12-21 09:49:33,0,0.6522751677171067,0.059166666666666666,5.0,4.0,12.0,22.0,0.540974471367994,-0.8410390129643924,-0.7818314824680299,0.6234898018587334
12,2025-12-21 12:27:27,1,0.600618394955929,2.631666666666667,5.0,5.0,8.0,16.0,-0.11753739745783774,-0.9930684569549263,-0.7818314824680299,0.6234898018587334
12,2025-12-21 12:46:03,1,0.7400927471866307,0.31,6.0,6.0,9.0,17.0,-0.199367934417197,-0.9799247046208297,-0.7818314824680299,0.6234898018587334
12,2025-12-21 13:42:44,1,0.700971186777394,0.9447222222222222,7.0,7.0,10.0,18.0,-0.43051109680829447,-0.902585284349861,-0.7818314824680299,0.6234898018587334
12,2025-12-21 14:15:14,1,0.7590250554600344,0.5416666666666666,8.0,8.0,11.0,19.0,-0.555570233019602,-0.8314696123025455,-0.7818314824680299,0.6234898018587334
12,2025-12-21 14:38:20,1,0.7681170780558882,0.385,9.0,10.0,12.0,21.0,-0.6360782202777636,-0.7716245833877202,-0.7818314824680299,0.6234898018587334
12,2025-12-21 14:53:40,1,0.8238629096147637,0.25555555555555554,10.0,10.0,13.0,21.0,-0.6851829903263591,-0.7283709698824002,-0.7818314824680299,0.6234898018587334
12,2025-12-21 15:14:21,1,0.8057382631655942,0.3447222222222222,11.0,10.0,14.0,21.0,-0.7489557207890022,-0.6626200482157374,-0.7818314824680299,0.6234898018587334
12,2025-12-21 15:14:44,1,0.8930685596919915,0.006388888888888889,12.0,10.0,15.0,21.0,-0.7489557207890022,-0.6626200482157374,-0.7818314824680299,0.6234898018587334
12,2025-12-21 15:14:51,1,0.9009495558685292,0.0019444444444444444,13.0,10.0,16.0,21.0,-0.7489557207890022,-0.6626200482157374,-0.7818314824680299,0.6234898018587334
12,2025-12-21 15:14:58,1,0.899853374821853,0.0019444444444444444,14.0,10.0,17.0,21.0,-0.7489557207890022,-0.6626200482157374,-0.7818314824680299,0.6234898018587334
12,2025-12-21 15:15:05,1,0.9037871379718296,0.0019444444444444444,15.0,10.0,18.0,21.0,-0.7518398074789773,-0.6593458151000691,-0.7818314824680299,0.6234898018587334
12,2025-12-21 15:15:14,1,0.9055791899041185,0.0025,16.0,10.0,19.0,21.0,-0.7518398074789773,-0.6593458151000691,-0.7818314824680299,0.6234898018587334
12,2025-12-21 15:15:20,1,0.9157349361361181,0.0016666666666666668,17.0,10.0,20.0,21.0,-0.7518398074789773,-0.6593458151000691,-0.7818314824680299,0.6234898018587334
12,2025-12-21 15:15:31,1,0.9101547188389172,0.0030555555555555557,18.0,13.0,21.0,24.0,-0.7518398074789773,-0.6593458151000691,-0.7818314824680299,0.6234898018587334
12,2025-12-21 15:18:47,0,0.8713096425518336,0.05444444444444444,19.0,14.0,22.0,25.0,-0.7604059656000312,-0.6494480483301834,-0.7818314824680299,0.6234898018587334
12,2025-12-21 17:54:36,1,0.4862327810239136,2.5969444444444445,16.0,11.0,21.0,15.0,-0.9996573249755573,-0.026176948307873482,-0.7818314824680299,0.6234898018587334
12,2025-12-21 17:59:39,1,0.6617016940085726,0.08416666666666667,17.0,13.0,22.0,17.0,-0.9999904807207345,-0.004363309284746483,-0.7818314824680299,0.6234898018587334
12,2025-12-21 19:38:52,1,0.5624374270418279,1.6536111111111111,16.0,12.0,23.0,18.0,-0.9099612708765432,0.4146932426562389,-0.7818314824680299,0.6234898018587334
12,2025-12-21 20:09:49,0,0.7855395111870129,0.5158333333333334,16.0,12.0,24.0,19.0,-0.8457278217039735,0.533614515915611,-0.7818314824680299,0.6234898018587334
12,2025-12-21 22:34:07,0,0.5238398117537347,2.405,5.0,5.0,25.0,19.0,-0.36650122672429725,0.9304175679820246,-0.7818314824680299,0.6234898018587334
12,2025-12-22 05:03:26,1,0.3830450452389822,6.488611111111111,1.0,2.0,25.0,21.0,0.9692309097067544,0.24615329302899316,0.0,1.0
12,2025-12-22 05:11:51,0,0.44569062864063597,0.14027777777777778,2.0,3.0,26.0,22.0,0.9772311064626789,0.21217767215644634,0.0,1.0
12,2025-12-22 08:09:31,0,0.503717093777434,2.9611111111111112,3.0,10.0,27.0,29.0,0.8457278217039732,-0.5336145159156115,0.0,1.0
12,2026-01-08 11:45:56,1,0.39398864167295744,24.0,1.0,2.0,1.0,2.0,0.06540312923014312,-0.9978589232386035,0.43388373911755823,-0.900968867902419
12,2026-01-08 12:14:40,0,0.47054998756299116,0.47888888888888886,2.0,3.0,2.0,3.0,-0.0610485395348565,-0.998134798421867,0.43388373911755823,-0.900968867902419
12,2026-01-08 14:19:51,1,0.4503621637789281,2.086388888888889,3.0,5.0,3.0,5.0,-0.5699967625963029,-0.8216469379421637,0.43388373911755823,-0.900968867902419
12,2026-01-08 16:11:00,1,0.5049324221290484,1.8525,4.0,5.0,4.0,5.0,-0.8890171414857365,-0.4578739151169567,0.43388373911755823,-0.900968867902419
12,2026-01-08 16:11:01,0,0.39387527181260906,0.0002777777777777778,5.0,852.0,5.0,852.0,-0.8890171414857365,-0.4578739151169567,0.43388373911755823,-0.900968867902419
12,2026-01-09 06:47:18,0,0.30632065712741297,14.604722222222222,1.0,139.0,6.0,991.0,0.9790454724845838,-0.20364175114017732,-0.433883739117558,-0.9009688679024191
12,2026-01-09 09:14:49,0,0.39738951811805556,2.4586111111111113,2.0,149.0,7.0,1001.0,0.6626200482157377,-0.748955720789002,-0.433883739117558,-0.9009688679024191
12,2026-01-10 11:24:41,0,0.39811841561743244,24.0,1.0,2.0,1.0,2.0,0.15643446504023054,-0.9876883405951378,-0.9749279121818236,-0.2225209339563146
12,2026-01-10 22:52:40,0,0.5991989571055505,11.466388888888888,1.0,3.0,2.0,5.0,-0.29237170472273627,0.9563047559630357,-0.9749279121818236,-0.2225209339563146
12,2026-01-11 07:31:33,0,0.3926318088415425,8.648055555555555,1.0,32.0,3.0,37.0,0.9222009716704519,-0.3867109616368205,-0.7818314824680299,0.6234898018587334
12,2026-01-11 12:18:31,0,0.5435896074541717,4.782777777777778,2.0,33.0,3.0,36.0,-0.07845909572784526,-0.996917333733128,-0.7818314824680299,0.6234898018587334
12,2026-01-11 18:03:33,1,0.47826871848160013,5.750555555555556,2.0,12.0,4.0,47.0,-0.999914327574007,0.01308959557134433,-0.7818314824680299,0.6234898018587334
12,2026-01-11 18:14:53,1,0.48272191928942104,0.18888888888888888,3.0,14.0,5.0,49.0,-0.9981347984218669,0.061048539534857324,-0.7818314824680299,0.6234898018587334
12,2026-01-11 18:23:14,0,0.48051284112483317,0.13916666666666666,3.0,16.0,6.0,52.0,-0.9949685182509117,0.10018806161207608,-0.7818314824680299,0.6234898018587334
12,2026-01-12 16:24:56,1,0.2927508577102948,22.028333333333332,1.0,2.0,4.0,18.0,-0.9135454576426005,-0.40673664307580093,0.0,1.0
13,2025-12-09 02:18:09,0,0.46195748608075027,0.0,1.0,0.0,1.0,0.0,0.5664062369248328,0.8241261886220157,0.7818314824680298,0.6234898018587336
13,2025-12-09 04:47:59,0,0.40806468106712573,2.4972222222222222,2.0,7.0,2.0,7.0,0.949699126201877,0.31316380648374953,0.7818314824680298,0.6234898018587336
13,2025-12-09 21:36:17,0,0.2975612198722134,16.805,1.0,0.0,3.0,7.0,-0.5877852522924734,0.8090169943749473,0.7818314824680298,0.6234898018587336
13,2025-12-10 19:45:19,0,0.2820227767809776,22.150555555555556,1.0,3.0,2.0,3.0,-0.8968727415326885,0.442288690219001,0.9749279121818236,-0.22252093395631434
13,2025-12-11 16:28:46,0,0.391081504146365,20.724166666666665,1.0,8.0,2.0,11.0,-0.9205048534524399,-0.39073112848927466,0.43388373911755823,-0.900968867902419
13,2025-12-11 19:50:04,1,0.4654823651276172,3.355,2.0,12.0,2.0,12.0,-0.887010833178222,0.46174861323503325,0.43388373911755823,-0.900968867902419
13,2025-12-11 20:03:22,1,0.49787635051035756,0.22166666666666668,3.0,14.0,3.0,14.0,-0.8594064115014526,0.5112930860770523,0.43388373911755823,-0.900968867902419
13,2025-12-11 20:05:39,0,0.5341525147299475,0.03805555555555556,4.0,17.0,4.0,17.0,-0.8549118706729468,0.5187732581605211,0.43388373911755823,-0.900968867902419
13,2025-12-12 05:29:05,0,0.28050121399606054,9.390555555555556,1.0,1.0,5.0,18.0,0.9908658973868822,0.13485093027372286,-0.433883739117558,-0.9009688679024191
13,2025-12-13 00:15:06,1,0.684097984876051,18.766944444444444,1.0,0.0,2.0,1.0,0.06540312923014306,0.9978589232386035,-0.9749279121818236,-0.2225209339563146
13,2025-12-13 00:15:14,1,0.5702172438930756,0.0022222222222222222,2.0,1.0,3.0,2.0,0.06540312923014306,0.9978589232386035,-0.9749279121818236,-0.2225209339563146
13,2025-12-13 00:19:30,1,0.4933351353564681,0.07111111111111111,3.0,2.0,4.0,3.0,0.08280820751220433,0.9965655024977614,-0.9749279121818236,-0.2225209339563146
13,2025-12-13 01:36:56,0,0.4571368734197575,1.2905555555555555,4.0,36.0,5.0,37.0,0.40673664307580015,0.9135454576426009,-0.9749279121818236,-0.2225209339563146
13,2025-12-13 19:23:51,1,0.7661362726864362,17.781944444444445,1.0,1.0,5.0,37.0,-0.9351352096860119,0.35429103799771533,-0.9749279121818236,-0.2225209339563146
13,2025-12-13 19:31:32,1,0.6488072998753247,0.12805555555555556,2.0,2.0,6.0,38.0,-0.9222009716704518,0.3867109616368206,-0.9749279121818236,-0.2225209339563146
13,2025-12-13 19:41:44,1,0.6441461489797065,0.17,3.0,3.0,7.0,39.0,-0.904455145454368,0.42656873990145827,-0.9749279121818236,-0.2225209339563146
13,2025-12-13 19:43:20,1,0.6903376615942663,0.02666666666666667,4.0,3.0,8.0,39.0,-0.9006982393225881,0.43444525740441653,-0.9749279121818236,-0.2225209339563146
13,2025-12-13 19:44:38,1,0.6923452968913211,0.021666666666666667,5.0,4.0,9.0,40.0,-0.898794046299167,0.4383711467890774,-0.9749279121818236,-0.2225209339563146
13,2025-12-13 19:45:58,0,0.5918557456319692,0.022222222222222223,6.0,7.0,10.0,43.0,-0.8968727415326885,0.442288690219001,-0.9749279121818236,-0.2225209339563146
13,2025-12-14 00:50:37,0,0.31684838643935154,5.0775,7.0,13.0,8.0,47.0,0.21643961393810288,0.9762960071199334,-0.7818314824680299,0.6234898018587334
13,2025-12-14 08:39:51,0,0.27511512887874706,7.820555555555556,1.0,3.0,8.0,16.0,0.7688418320734596,-0.6394390019805847,-0.7818314824680299,0.6234898018587334
13,2025-12-14 12:08:53,1,0.5391221422866435,3.483888888888889,2.0,4.0,9.0,17.0,-0.034899496702500456,-0.9993908270190958,-0.7818314824680299,0.6234898018587334
13,2025-12-14 12:12:12,1,0.5994277779846362,0.05527777777777778,3.0,4.0,10.0,17.0,-0.052335956242943564,-0.9986295347545738,-0.7818314824680299,0.6234898018587334
13,2025-12-14 12:12:24,1,0.7416679965900819,0.0033333333333333335,4.0,5.0,11.0,18.0,-0.052335956242943564,-0.9986295347545738,-0.7818314824680299,0.6234898018587334
13,2025-12-14 12:56:34,0,0.604358372072037,0.7361111111111112,5.0,8.0,12.0,21.0,-0.24192189559966792,-0.9702957262759965,-0.7818314824680299,0.6234898018587334
13,2025-12-17 09:35:48,1,0.4462066413248361,24.0,1.0,0.0,1.0,0.0,0.5913096483635822,-0.8064446042674827,0.9749279121818236,-0.22252093395631434
13,2025-12-17 09:36:47,0,0.4627038236519904,0.01638888888888889,2.0,0.0,2.0,0.0,0.5877852522924732,-0.8090169943749473,0.9749279121818236,-0.22252093395631434
13,2025-12-18 03:49:21,1,0.33047082290652297,18.209444444444443,1.0,2.0,3.0,2.0,0.8410390129643924,0.540974471367994,0.43388373911755823,-0.900968867902419
13,2025-12-18 05:07:29,1,0.451883363854494,1.3022222222222222,2.0,3.0,4.0,3.0,0.9733792584604485,0.22920039092241426,0.43388373911755823,-0.900968867902419
13,2025-12-18 05:35:25,0,0.44414177123374576,0.46555555555555556,3.0,4.0,5.0,4.0,0.9940563382223196,0.10886687485196474,0.43388373911755823,-0.900968867902419
13,2025-12-18 08:37:34,1,0.5398785101962311,3.035833333333333,4.0,4.0,6.0,4.0,0.7743926440821857,-0.632705328562516,0.43388373911755823,-0.900968867902419
13,2025-12-18 08:40:21,0,0.5938602745194184,0.04638888888888889,5.0,5.0,7.0,5.0,0.7660444431189783,-0.642787609686539,0.43388373911755823,-0.900968867902419
13,2025-12-18 12:44:33,0,0.47207370770046475,4.07,3.0,14.0,6.0,18.0,-0.19080899537654472,-0.981627183447664,0.43388373911755823,-0.900968867902419
13,2025-12-18 14:55:51,1,0.5119829398123565,2.1883333333333335,2.0,15.0,7.0,20.0,-0.691513055782269,-0.722363962059756,0.43388373911755823,-0.900968867902419
13,2025-12-18 16:18:25,1,0.5180850309711481,1.376111111111111,3.0,15.0,8.0,20.0,-0.9025852843498606,-0.43051109680829514,0.43388373911755823,-0.900968867902419
13,2025-12-18 16:18:27,1,0.7354771287840443,0.0005555555555555556,4.0,16.0,9.0,21.0,-0.9025852843498606,-0.43051109680829514,0.43388373911755823,-0.900968867902419
13,2025-12-18 16:19:15,1,0.7165376376648226,0.013333333333333334,5.0,16.0,10.0,21.0,-0.9044551454543679,-0.4265687399014586,0.43388373911755823,-0.900968867902419
13,2025-12-18 16:33:16,1,0.7986507012285472,0.2336111111111111,6.0,17.0,11.0,22.0,-0.9288095528719243,-0.3705574375098359,0.43388373911755823,-0.900968867902419
13,2025-12-18 16:34:52,1,0.8381463527002613,0.02666666666666667,7.0,19.0,12.0,24.0,-0.9304175679820242,-0.366501226724298,0.43388373911755823,-0.900968867902419
13,2025-12-18 16:39:41,1,0.7591936661433911,0.08027777777777778,8.0,19.0,13.0,24.0,-0.938191335922484,-0.34611705707749335,0.43388373911755823,-0.900968867902419
13,2025-12-18 16:39:44,0,0.728443236210017,0.0008333333333333334,9.0,20.0,14.0,25.0,-0.938191335922484,-0.34611705707749335,0.43388373911755823,-0.900968867902419
13,2025-12-19 06:24:09,1,0.5317009047060709,13.740277777777777,1.0,11.0,12.0,32.0,0.9945218953682734,-0.10452846326765333,-0.433883739117558,-0.9009688679024191
13,2025-12-19 06:37:39,1,0.5674421276496339,0.225,2.0,12.0,13.0,33.0,0.9869963665602319,-0.160742565603826,-0.433883739117558,-0.9009688679024191
13,2025-12-19 06:38:45,1,0.5803910812622274,0.018333333333333333,3.0,13.0,14.0,34.0,0.9862856015372314,-0.16504760586067727,-0.433883739117558,-0.9009688679024191
13,2025-12-19 06:39:17,1,0.6615058646292924,0.008888888888888889,4.0,13.0,15.0,34.0,0.9855560590580777,-0.1693495038490246,-0.433883739117558,-0.9009688679024191
13,2025-12-19 06:40:31,1,0.6415308923964175,0.020555555555555556,5.0,28.0,16.0,49.0,0.984807753012208,-0.1736481776669303,-0.433883739117558,-0.9009688679024191
13,2025-12-19 07:08:16,1,0.6592459515539691,0.4625,6.0,29.0,17.0,50.0,0.9563047559630354,-0.2923717047227368,-0.433883739117558,-0.9009688679024191
13,2025-12-19 07:11:13,0,0.6357171490227685,0.049166666666666664,7.0,31.0,18.0,52.0,0.9523957996432784,-0.30486429902801077,-0.433883739117558,-0.9009688679024191
13,2025-12-19 22:37:28,1,0.37131558550067595,15.4375,1.0,4.0,8.0,35.0,-0.3542910379977166,0.9351352096860114,-0.433883739117558,-0.9009688679024191
13,2025-12-19 22:41:51,1,0.5011919746406694,0.07305555555555555,2.0,6.0,9.0,37.0,-0.3379167180033271,0.9411760152563706,-0.433883739117558,-0.9009688679024191
13,2025-12-19 22:46:55,1,0.5608216159804627,0.08444444444444445,3.0,9.0,10.0,40.0,-0.3173046564050927,0.9483236552061991,-0.433883739117558,-0.9009688679024191
13,2025-12-19 22:49:49,0,0.6299834654878202,0.04833333333333333,4.0,10.0,11.0,41.0,-0.30486429902801127,0.9523957996432783,-0.433883739117558,-0.9009688679024191
13,2025-12-20 06:22:41,0,0.4522102358810162,7.547777777777778,1.0,3.0,12.0,44.0,0.9953961983671789,-0.09584575252022395,-0.9749279121818236,-0.2225209339563146
13,2025-12-20 10:15:05,1,0.6145446304195946,3.8733333333333335,2.0,3.0,6.0,13.0,0.4422886902190017,-0.8968727415326881,-0.9749279121818236,-0.2225209339563146
13,2025-12-20 10:26:37,1,0.6104359577290724,0.1922222222222222,3.0,4.0,7.0,14.0,0.39874906892524614,-0.917060074385124,-0.9749279121818236,-0.2225209339563146
13,2025-12-20 10:41:12,1,0.6927139157411186,0.24305555555555555,4.0,5.0,8.0,15.0,0.3379167180033274,-0.9411760152563705,-0.9749279121818236,-0.2225209339563146
13,2025-12-20 10:43:32,1,0.690581508664781,0.03888888888888889,5.0,6.0,9.0,16.0,0.32969064526278735,-0.9440890203927842,-0.9749279121818236,-0.2225209339563146
13,2025-12-20 10:49:52,0,0.7449898571340563,0.10555555555555556,6.0,6.0,10.0,16.0,0.30486429902801077,-0.9523957996432784,-0.9749279121818236,-0.2225209339563146
13,2025-12-20 14:52:43,0,0.5272116783569287,4.0475,6.0,41.0,11.0,54.0,-0.6819983600624984,-0.7313537016191706,-0.9749279121818236,-0.2225209339563146
13,2025-12-20 19:39:24,0,0.45883745509115437,4.7780555555555555,2.0,41.0,12.0,57.0,-0.9081431738250815,0.4186597375374277,-0.9749279121818236,-0.2225209339563146
13,2025-12-20 22:13:56,1,0.4414844492598639,2.5755555555555554,2.0,4.0,13.0,58.0,-0.45009844103743624,0.8929789434111364,-0.9749279121818236,-0.2225209339563146
13,2025-12-20 22:15:19,1,0.46874717881419004,0.023055555555555555,3.0,4.0,14.0,58.0,-0.4422886902190014,0.8968727415326883,-0.9749279121818236,-0.2225209339563146
13,2025-12-20 22:16:54,1,0.5851374154947839,0.02638888888888889,4.0,5.0,15.0,59.0,-0.4383711467890778,0.8987940462991668,-0.9749279121818236,-0.2225209339563146
13,2025-12-20 22:17:47,1,0.6023210231338456,0.014722222222222222,5.0,6.0,16.0,60.0,-0.4344452574044169,0.900698239322588,-0.9749279121818236,-0.2225209339563146
13,2025-12-20 22:17:47,1,0.6023210231338456,0.014722222222222222,5.0,6.0,17.0,61.0,-0.4344452574044169,0.900698239322588,-0.9749279121818236,-0.2225209339563146
13,2025-12-20 22:17:47,1,0.671186930679497,0.014722222222222222,6.0,7.0,16.0,60.0,-0.4344452574044169,0.900698239322588,-0.9749279121818236,-0.2225209339563146
13,2025-12-20 22:17:47,1,0.671186930679497,0.014722222222222222,6.0,7.0,17.0,61.0,-0.4344452574044169,0.900698239322588,-0.9749279121818236,-0.2225209339563146
13,2025-12-20 22:17:47,0,0.6293134077870219,0.0,5.0,6.0,16.0,60.0,-0.4344452574044169,0.900698239322588,-0.9749279121818236,-0.2225209339563146
13,2025-12-20 22:17:47,0,0.6293134077870219,0.0,5.0,6.0,17.0,61.0,-0.4344452574044169,0.900698239322588,-0.9749279121818236,-0.2225209339563146
13,2025-12-20 22:17:47,0,0.6992580663264926,0.0,6.0,7.0,16.0,60.0,-0.4344452574044169,0.900698239322588,-0.9749279121818236,-0.2225209339563146
13,2025-12-20 22:17:47,0,0.6992580663264926,0.0,6.0,7.0,17.0,61.0,-0.4344452574044169,0.900698239322588,-0.9749279121818236,-0.2225209339563146
13,2025-12-21 04:57:47,1,0.3205864454975409,6.666666666666667,1.0,1.0,14.0,52.0,0.9624552364536473,0.2714404498650743,-0.7818314824680299,0.6234898018587334
13,2025-12-21 05:08:36,1,0.4053491583642227,0.1802777777777778,2.0,3.0,15.0,54.0,0.9743700647852352,0.22495105434386492,-0.7818314824680299,0.6234898018587334
13,2025-12-21 05:14:03,0,0.40893600612192776,0.09083333333333334,3.0,4.0,16.0,55.0,0.9799247046208296,0.1993679344171972,-0.7818314824680299,0.6234898018587334
13,2025-12-21 09:43:44,0,0.545408733508677,4.494722222222222,4.0,6.0,16.0,54.0,0.5628049276950684,-0.8265897491271887,-0.7818314824680299,0.6234898018587334
13,2025-12-21 13:10:34,1,0.5106714083709227,3.4472222222222224,2.0,9.0,12.0,58.0,-0.30070579950427306,-0.9537169507482269,-0.7818314824680299,0.6234898018587334
13,2025-12-21 13:27:00,0,0.607558428931789,0.2738888888888889,3.0,9.0,13.0,58.0,-0.37055743750983605,-0.9288095528719243,-0.7818314824680299,0.6234898018587334
13,2025-12-21 15:44:05,0,0.5097977496714243,2.2847222222222223,3.0,17.0,13.0,30.0,-0.8290375725550414,-0.5591929034707472,-0.7818314824680299,0.6234898018587334
13,2026-01-08 11:52:52,1,0.3697935354180704,24.0,1.0,1.0,1.0,1.0,0.0348994967025007,-0.9993908270190958,0.43388373911755823,-0.900968867902419
13,2026-01-08 12:02:16,0,0.46547533644714567,0.15666666666666668,2.0,10.0,2.0,10.0,-0.008726535498373713,-0.9999619230641713,0.43388373911755823,-0.900968867902419
13,2026-01-09 06:18:38,1,0.33660919196596145,18.272777777777776,1.0,0.0,3.0,10.0,0.996917333733128,-0.07845909572784467,-0.433883739117558,-0.9009688679024191
13,2026-01-09 06:51:11,0,0.34761147379298707,0.5425,2.0,131.0,4.0,141.0,0.9753423205085128,-0.22069743502150074,-0.433883739117558,-0.9009688679024191
13,2026-01-10 06:12:18,1,0.49118799407514574,23.351944444444445,1.0,0.0,3.0,131.0,0.9986295347545738,-0.05233595624294384,-0.9749279121818236,-0.2225209339563146
13,2026-01-10 06:19:50,0,0.4548382571117363,0.12555555555555556,2.0,1.0,3.0,132.0,0.9965655024977614,-0.08280820751220423,-0.9749279121818236,-0.2225209339563146
13,2026-01-10 21:04:41,1,0.63397239343825,14.7475,1.0,0.0,3.0,1.0,-0.6946583704589969,0.7193398003386514,-0.9749279121818236,-0.2225209339563146
13,2026-01-10 21:21:21,1,0.5247318863369272,0.2777777777777778,2.0,1.0,4.0,2.0,-0.6394390019805846,0.7688418320734597,-0.9749279121818236,-0.2225209339563146
13,2026-01-10 21:21:21,1,0.5126623400724722,0.2777777777777778,2.0,1.0,5.0,3.0,-0.6394390019805846,0.7688418320734597,-0.9749279121818236,-0.2225209339563146
13,2026-01-10 21:21:21,1,0.5114442907193255,0.2777777777777778,3.0,2.0,4.0,2.0,-0.6394390019805846,0.7688418320734597,-0.9749279121818236,-0.2225209339563146
13,2026-01-10 21:21:21,1,0.5002168103600961,0.2777777777777778,3.0,2.0,5.0,3.0,-0.6394390019805846,0.7688418320734597,-0.9749279121818236,-0.2225209339563146
13,2026-01-10 21:21:21,1,0.4597447181283591,0.0,2.0,1.0,4.0,2.0,-0.6394390019805846,0.7688418320734597,-0.9749279121818236,-0.2225209339563146
13,2026-01-10 21:21:21,1,0.4170647684059163,0.0,2.0,1.0,5.0,3.0,-0.6394390019805846,0.7688418320734597,-0.9749279121818236,-0.2225209339563146
13,2026-01-10 21:21:21,1,0.4396463438334867,0.0,3.0,2.0,4.0,2.0,-0.6394390019805846,0.7688418320734597,-0.9749279121818236,-0.2225209339563146
13,2026-01-10 21:21:21,1,0.4016537354861167,0.0,3.0,2.0,5.0,3.0,-0.6394390019805846,0.7688418320734597,-0.9749279121818236,-0.2225209339563146
13,2026-01-10 21:22:50,1,0.5297844239554211,0.024722222222222222,4.0,4.0,6.0,5.0,-0.6360782202777646,0.7716245833877194,-0.9749279121818236,-0.2225209339563146
13,2026-01-10 21:24:39,1,0.5702467422925757,0.03027777777777778,5.0,5.0,7.0,6.0,-0.6293203910498378,0.7771459614569706,-0.9749279121818236,-0.2225209339563146
13,2026-01-10 21:26:48,1,0.7197091700974161,0.035833333333333335,6.0,7.0,8.0,8.0,-0.6225146366376197,0.7826081568524138,-0.9749279121818236,-0.2225209339563146
13,2026-01-10 21:29:21,1,0.6558941137404908,0.0425,7.0,7.0,9.0,8.0,-0.6122172800344494,0.7906895737438433,-0.9749279121818236,-0.2225209339563146
13,2026-01-10 21:30:11,0,0.7103258410120976,0.013888888888888888,8.0,8.0,10.0,9.0,-0.6087614290087209,0.7933533402912349,-0.9749279121818236,-0.2225209339563146
13,2026-01-11 11:11:59,1,0.622319931465798,13.696666666666667,1.0,9.0,9.0,17.0,0.21217767215644642,-0.9772311064626789,-0.7818314824680299,0.6234898018587334
13,2026-01-11 11:22:08,0,0.6406831302736617,0.16916666666666666,2.0,9.0,10.0,17.0,0.16504760586067765,-0.9862856015372314,-0.7818314824680299,0.6234898018587334
13,2026-01-11 17:08:58,1,0.45201373329838335,5.780555555555556,3.0,14.0,11.0,22.0,-0.9743700647852351,-0.22495105434386525,-0.7818314824680299,0.6234898018587334
13,2026-01-11 17:47:43,1,0.4454321816295474,0.6458333333333334,2.0,6.0,12.0,23.0,-0.9983916705573488,-0.056692787563377714,-0.7818314824680299,0.6234898018587334
13,2026-01-11 17:50:13,0,0.505961883516523,0.041666666666666664,3.0,7.0,13.0,24.0,-0.9990482215818578,-0.04361938736533613,-0.7818314824680299,0.6234898018587334
14,2025-12-08 14:19:21,1,0.5162523813286187,0.0,1.0,0.0,1.0,0.0,-0.5699967625963029,-0.8216469379421637,0.0,1.0
14,2025-12-08 14:56:46,1,0.4846916108248836,0.6236111111111111,2.0,1.0,2.0,1.0,-0.6946583704589974,-0.7193398003386511,0.0,1.0
14,2025-12-08 15:46:28,0,0.4192272283429904,0.8283333333333334,3.0,2.0,3.0,2.0,-0.8338858220671681,-0.5519369853120584,0.0,1.0
14,2025-12-09 07:24:45,0,0.2953670493599032,15.638055555555555,1.0,2.0,4.0,4.0,0.9335804264972017,-0.35836794954530027,0.7818314824680298,0.6234898018587336
14,2025-12-09 09:27:16,0,0.4706306315986843,2.0419444444444443,2.0,7.0,5.0,9.0,0.6190939493098342,-0.7853169308807447,0.7818314824680298,0.6234898018587336
14,2025-12-09 14:21:12,0,0.4562484255961579,4.898888888888889,2.0,10.0,5.0,14.0,-0.5771451900372334,-0.816641555161679,0.7818314824680298,0.6234898018587336
14,2025-12-09 16:35:25,1,0.43601712904551987,2.2369444444444446,2.0,6.0,4.0,13.0,-0.9320078692827984,-0.3624380382837018,0.7818314824680298,0.6234898018587336
14,2025-12-09 16:54:16,0,0.40979579272549477,0.31416666666666665,3.0,6.0,5.0,13.0,-0.9588197348681928,-0.2840153447039235,0.7818314824680298,0.6234898018587336
14,2025-12-11 01:09:15,0,0.34352369136409266,24.0,1.0,21.0,1.0,21.0,0.29654157497557093,0.9550199444571866,0.43388373911755823,-0.900968867902419
14,2025-12-11 16:16:59,0,0.38968104114987256,15.12888888888889,1.0,9.0,2.0,30.0,-0.8987940462991668,-0.43837114678907774,0.43388373911755823,-0.900968867902419
14,2025-12-11 22:09:21,0,0.43390757143888153,5.872777777777777,2.0,12.0,3.0,33.0,-0.46561452032511247,0.8849876374630413,0.43388373911755823,-0.900968867902419
14,2025-12-12 04:24:24,1,0.3882086141757985,6.2508333333333335,1.0,1.0,3.0,13.0,0.9135454576426009,0.4067366430758002,-0.433883739117558,-0.9009688679024191
14,2025-12-12 04:25:53,0,0.4661636891408174,0.024722222222222222,2.0,3.0,4.0,15.0,0.9153114791194471,0.40274668985873724,-0.433883739117558,-0.9009688679024191
14,2025-12-12 11:56:00,0,0.340202998126103,7.501944444444445,1.0,4.0,5.0,19.0,0.017452406437283883,-0.9998476951563913,-0.433883739117558,-0.9009688679024191
14,2025-12-13 00:28:07,1,0.7009609749704842,12.535277777777777,1.0,0.0,4.0,7.0,0.12186934340514748,0.992546151641322,-0.9749279121818236,-0.2225209339563146
14,2025-12-13 00:29:00,0,0.4236946184292934,0.014722222222222222,2.0,0.0,5.0,7.0,0.12619896913582973,0.992004949679715,-0.9749279121818236,-0.2225209339563146
14,2025-12-13 18:21:46,1,0.7517206354048827,17.879444444444445,1.0,1.0,3.0,1.0,-0.9958049275746617,0.09150161866340271,-0.9749279121818236,-0.2225209339563146
14,2025-12-13 19:17:19,1,0.6547141315262835,0.9258333333333333,2.0,2.0,4.0,2.0,-0.9440890203927842,0.3296906452627875,-0.9749279121818236,-0.2225209339563146
14,2025-12-13 19:34:52,1,0.6241737392247209,0.2925,3.0,4.0,5.0,4.0,-0.917060074385124,0.39874906892524625,-0.9749279121818236,-0.2225209339563146
14,2025-12-13 19:36:08,1,0.6308355371551471,0.021111111111111112,4.0,4.0,6.0,4.0,-0.9135454576426008,0.40673664307580054,-0.9749279121818236,-0.2225209339563146
14,2025-12-13 19:36:39,1,0.6518421701897053,0.008611111111111111,5.0,18.0,7.0,18.0,-0.9135454576426008,0.40673664307580054,-0.9749279121818236,-0.2225209339563146
14,2025-12-13 20:18:07,1,0.7000436643677342,0.6911111111111111,6.0,18.0,8.0,18.0,-0.8241261886220154,0.5664062369248333,-0.9749279121818236,-0.2225209339563146
14,2025-12-13 20:21:32,0,0.598298641852205,0.05694444444444444,7.0,19.0,9.0,19.0,-0.8166415551616786,0.5771451900372342,-0.9749279121818236,-0.2225209339563146
14,2025-12-14 03:52:53,0,0.30354921895655723,7.5225,1.0,1.0,8.0,20.0,0.8480480961564258,0.5299192642332051,-0.7818314824680299,0.6234898018587334
14,2025-12-14 06:06:44,0,0.4223460881741493,2.2308333333333334,2.0,6.0,9.0,25.0,0.9996573249755573,-0.026176948307873017,-0.7818314824680299,0.6234898018587334
14,2025-12-14 23:59:11,0,0.3563618725119159,17.874166666666667,1.0,1.0,3.0,7.0,-0.004363309284746544,0.9999904807207345,-0.7818314824680299,0.6234898018587334
14,2025-12-15 07:32:32,0,0.32119912881292334,7.555833333333333,1.0,14.0,2.0,15.0,0.9205048534524404,-0.3907311284892736,0.0,1.0
14,2025-12-16 14:48:39,0,0.2557116048290696,24.0,1.0,2.0,1.0,2.0,-0.6691306063588582,-0.7431448254773942,0.7818314824680298,0.6234898018587336
14,2025-12-17 21:03:58,0,0.27678853551074295,24.0,1.0,2.0,1.0,2.0,-0.6977904598416802,0.7163019434246541,0.9749279121818236,-0.22252093395631434
14,2025-12-18 08:27:45,0,0.3204610789419003,11.39638888888889,1.0,12.0,2.0,14.0,0.8012538126910609,-0.5983246005706587,0.43388373911755823,-0.900968867902419
14,2025-12-18 11:18:45,1,0.5759229690183474,2.85,2.0,30.0,3.0,32.0,0.18223552549214728,-0.9832549075639546,0.43388373911755823,-0.900968867902419
14,2025-12-18 12:06:56,1,0.5436100447345775,0.8030555555555555,3.0,30.0,4.0,32.0,-0.026176948307873177,-0.9996573249755573,0.43388373911755823,-0.900968867902419
14,2025-12-18 13:48:34,1,0.6184687032755477,1.693888888888889,4.0,32.0,5.0,34.0,-0.4539904997395471,-0.8910065241883677,0.43388373911755823,-0.900968867902419
14,2025-12-18 14:55:44,1,0.6232451901511923,1.1194444444444445,4.0,22.0,6.0,36.0,-0.691513055782269,-0.722363962059756,0.43388373911755823,-0.900968867902419
14,2025-12-18 14:55:44,1,0.6226882718085541,1.1194444444444445,4.0,22.0,7.0,38.0,-0.691513055782269,-0.722363962059756,0.43388373911755823,-0.900968867902419
14,2025-12-18 14:55:44,1,0.6322517006307319,1.1194444444444445,5.0,24.0,6.0,36.0,-0.691513055782269,-0.722363962059756,0.43388373911755823,-0.900968867902419
14,2025-12-18 14:55:44,1,0.6311123661230035,1.1194444444444445,5.0,24.0,7.0,38.0,-0.691513055782269,-0.722363962059756,0.43388373911755823,-0.900968867902419
14,2025-12-18 14:55:44,1,0.7114317204256999,0.0,4.0,22.0,6.0,36.0,-0.691513055782269,-0.722363962059756,0.43388373911755823,-0.900968867902419
14,2025-12-18 14:55:44,1,0.7315736754538049,0.0,4.0,22.0,7.0,38.0,-0.691513055782269,-0.722363962059756,0.43388373911755823,-0.900968867902419
14,2025-12-18 14:55:44,1,0.7201414391660168,0.0,5.0,24.0,6.0,36.0,-0.691513055782269,-0.722363962059756,0.43388373911755823,-0.900968867902419
14,2025-12-18 14:55:44,1,0.735368202453709,0.0,5.0,24.0,7.0,38.0,-0.691513055782269,-0.722363962059756,0.43388373911755823,-0.900968867902419
14,2025-12-18 15:16:14,0,0.6966767670996985,0.3416666666666667,6.0,31.0,8.0,45.0,-0.754709580222772,-0.6560590289905073,0.43388373911755823,-0.900968867902419
14,2025-12-19 04:09:03,1,0.35994644111654417,12.880277777777778,1.0,1.0,8.0,44.0,0.8849876374630419,0.4656145203251113,-0.433883739117558,-0.9009688679024191
14,2025-12-19 05:42:05,0,0.3493598742669314,1.5505555555555555,2.0,1.0,9.0,44.0,0.996917333733128,0.07845909572784478,-0.433883739117558,-0.9009688679024191
14,2026-01-08 12:08:50,0,0.3479382142573656,24.0,1.0,2.0,1.0,2.0,-0.034899496702500456,-0.9993908270190958,0.43388373911755823,-0.900968867902419
14,2026-01-09 06:20:32,1,0.31081402923806595,18.195,1.0,1.0,2.0,3.0,0.9961946980917455,-0.08715574274765801,-0.433883739117558,-0.9009688679024191
14,2026-01-09 06:23:27,0,0.3383720432165241,0.04861111111111111,2.0,164.0,3.0,166.0,0.9949685182509117,-0.1001880616120762,-0.433883739117558,-0.9009688679024191
14,2026-01-09 13:17:02,0,0.43075351121037286,6.893055555555556,1.0,9.0,3.0,173.0,-0.32969064526278713,-0.9440890203927843,-0.433883739117558,-0.9009688679024191
14,2026-01-10 06:13:09,1,0.47838403915107613,16.935277777777777,1.0,4.0,4.0,177.0,0.9983916705573488,-0.05669278756337747,-0.9749279121818236,-0.2225209339563146
14,2026-01-10 06:37:40,0,0.538477134167778,0.4086111111111111,2.0,9.0,3.0,18.0,0.9869963665602319,-0.160742565603826,-0.9749279121818236,-0.2225209339563146
14,2026-01-10 20:59:33,1,0.5910726868411291,14.364722222222222,1.0,1.0,3.0,10.0,-0.710185375623286,0.7040147244559678,-0.9749279121818236,-0.2225209339563146
14,2026-01-10 21:02:59,1,0.47068354752190106,0.05722222222222222,2.0,3.0,4.0,12.0,-0.7009092642998508,0.7132504491541817,-0.9749279121818236,-0.2225209339563146
14,2026-01-10 21:05:06,1,0.47546010936171484,0.035277777777777776,3.0,4.0,5.0,13.0,-0.6915130557822698,0.7223639620597551,-0.9749279121818236,-0.2225209339563146
15,2025-12-07 05:08:57,0,0.36892567702277934,0.0,1.0,1.0,1.0,1.0,0.9743700647852352,0.22495105434386492,-0.7818314824680299,0.6234898018587334
15,2025-12-07 12:59:42,0,0.37942075529540764,7.845833333333333,1.0,0.0,2.0,1.0,-0.254601948205527,-0.9670459389139433,-0.7818314824680299,0.6234898018587334
15,2025-12-07 21:11:05,1,0.3488799721451442,8.189722222222223,1.0,0.0,3.0,1.0,-0.6723668074346685,0.7402181274868317,-0.7818314824680299,0.6234898018587334
15,2025-12-07 21:25:11,1,0.47676744876667526,0.235,2.0,2.0,4.0,3.0,-0.625923472184059,0.7798844830928818,-0.7818314824680299,0.6234898018587334
15,2025-12-07 21:27:54,1,0.5090898792892553,0.04527777777777778,3.0,10.0,5.0,11.0,-0.6190939493098336,0.7853169308807452,-0.7818314824680299,0.6234898018587334
15,2025-12-07 21:35:45,1,0.5771339354141385,0.13083333333333333,4.0,10.0,6.0,11.0,-0.591309648363583,0.8064446042674821,-0.7818314824680299,0.6234898018587334
15,2025-12-07 21:35:55,1,0.6645423044434189,0.002777777777777778,5.0,10.0,7.0,11.0,-0.591309648363583,0.8064446042674821,-0.7818314824680299,0.6234898018587334
15,2025-12-07 21:36:00,1,0.8244271812530589,0.001388888888888889,6.0,10.0,8.0,11.0,-0.5877852522924734,0.8090169943749473,-0.7818314824680299,0.6234898018587334
15,2025-12-07 21:36:31,1,0.7829768744404001,0.008611111111111111,7.0,10.0,9.0,11.0,-0.5877852522924734,0.8090169943749473,-0.7818314824680299,0.6234898018587334
15,2025-12-07 21:36:42,1,0.8070918400696049,0.0030555555555555557,8.0,15.0,10.0,16.0,-0.5877852522924734,0.8090169943749473,-0.7818314824680299,0.6234898018587334
15,2025-12-07 21:49:04,0,0.6717925166470632,0.2061111111111111,9.0,16.0,11.0,17.0,-0.540974471367994,0.8410390129643923,-0.7818314824680299,0.6234898018587334
15,2025-12-08 04:35:11,1,0.45326849246751877,6.768611111111111,1.0,8.0,12.0,25.0,0.9320078692827984,0.3624380382837017,0.0,1.0
15,2025-12-08 04:44:11,0,0.417003344100386,0.15,2.0,8.0,13.0,25.0,0.9455185755993167,0.32556815445715676,0.0,1.0
15,2025-12-08 15:40:09,0,0.28678823500049677,10.932777777777778,1.0,3.0,12.0,27.0,-0.8191520442889916,-0.5735764363510464,0.0,1.0
15,2025-12-08 21:54:44,1,0.46539544107323905,6.243055555555555,1.0,8.0,4.0,19.0,-0.5224985647159495,0.8526401643540918,0.0,1.0
15,2025-12-08 22:03:33,0,0.4453289881273911,0.14694444444444443,2.0,8.0,5.0,19.0,-0.48862124149695535,0.8724960070727968,0.0,1.0
15,2025-12-09 14:09:12,0,0.28633532739922957,16.094166666666666,1.0,1.0,4.0,12.0,-0.5336145159156115,-0.8457278217039733,0.7818314824680298,0.6234898018587336
15,2025-12-09 23:55:17,0,0.31680719562832804,9.768055555555556,1.0,0.0,2.0,1.0,-0.0218148850345609,0.9997620270799091,0.7818314824680298,0.6234898018587336
15,2025-12-10 21:39:57,1,0.4311359201143859,21.744444444444444,1.0,12.0,2.0,12.0,-0.5771451900372345,0.8166415551616784,0.9749279121818236,-0.22252093395631434
15,2025-12-10 21:52:46,0,0.4646513232722392,0.2136111111111111,2.0,12.0,3.0,12.0,-0.529919264233205,0.8480480961564258,0.9749279121818236,-0.22252093395631434
15,2025-12-11 00:59:04,1,0.48716829965472125,3.105,3.0,12.0,3.0,12.0,0.25460194820552756,0.9670459389139432,0.43388373911755823,-0.900968867902419
15,2025-12-11 00:59:09,1,0.5941888526720619,0.001388888888888889,4.0,12.0,4.0,12.0,0.25460194820552756,0.9670459389139432,0.43388373911755823,-0.900968867902419
15,2025-12-11 01:00:39,1,0.6266166462518344,0.025,5.0,12.0,5.0,12.0,0.25881904510252074,0.9659258262890683,0.43388373911755823,-0.900968867902419
15,2025-12-11 01:01:32,1,0.8014201106813222,0.014722222222222222,6.0,13.0,6.0,13.0,0.2630312144579748,0.964787323828813,0.43388373911755823,-0.900968867902419
15,2025-12-11 01:07:43,0,0.7193342642665148,0.10305555555555555,7.0,14.0,7.0,14.0,0.28819626813408933,0.9575713608048144,0.43388373911755823,-0.900968867902419
15,2025-12-11 06:46:55,1,0.5979828672613401,5.653333333333333,6.0,4.0,8.0,16.0,0.9799247046208296,-0.19936793441719708,0.43388373911755823,-0.900968867902419
15,2025-12-11 06:48:26,1,0.7156946244937414,0.025277777777777777,7.0,5.0,9.0,17.0,0.9781476007338057,-0.20791169081775934,0.43388373911755823,-0.900968867902419
15,2025-12-11 06:50:13,1,0.722223313941175,0.029722222222222223,8.0,5.0,10.0,17.0,0.9762960071199334,-0.2164396139381028,0.43388373911755823,-0.900968867902419
15,2025-12-11 06:51:38,1,0.7141918513561408,0.02361111111111111,9.0,5.0,11.0,17.0,0.9753423205085128,-0.22069743502150074,0.43388373911755823,-0.900968867902419
15,2025-12-11 06:52:27,0,0.6174625336324823,0.01361111111111111,10.0,5.0,12.0,17.0,0.9743700647852352,-0.22495105434386503,0.43388373911755823,-0.900968867902419
15,2025-12-12 08:50:06,1,0.3268182634487887,24.0,1.0,2.0,1.0,2.0,0.7372773368101241,-0.6755902076156602,-0.433883739117558,-0.9009688679024191
15,2025-12-12 08:52:06,1,0.5320070933472232,0.03333333333333333,2.0,4.0,2.0,4.0,0.7313537016191706,-0.6819983600624984,-0.433883739117558,-0.9009688679024191
15,2025-12-12 08:55:23,0,0.5100209118151525,0.05472222222222222,3.0,4.0,3.0,4.0,0.7223639620597556,-0.6915130557822693,-0.433883739117558,-0.9009688679024191
15,2025-12-12 22:17:20,0,0.37442869643037213,13.365833333333333,1.0,5.0,4.0,9.0,-0.4344452574044169,0.900698239322588,-0.433883739117558,-0.9009688679024191
15,2025-12-13 01:25:55,0,0.34144136195356295,3.1430555555555557,2.0,61.0,5.0,65.0,0.36243803828370164,0.9320078692827986,-0.9749279121818236,-0.2225209339563146
15,2025-12-13 04:57:22,0,0.2912786270679416,3.5241666666666664,2.0,58.0,6.0,67.0,0.9624552364536473,0.2714404498650743,-0.9749279121818236,-0.2225209339563146
15,2025-12-13 11:10:37,1,0.62951961528946,6.220833333333333,1.0,0.0,4.0,63.0,0.21643961393810318,-0.9762960071199333,-0.9749279121818236,-0.2225209339563146
15,2025-12-13 11:11:48,1,0.6189947138455903,0.01972222222222222,2.0,3.0,5.0,66.0,0.21217767215644642,-0.9772311064626789,-0.9749279121818236,-0.2225209339563146
15,2025-12-13 11:34:30,1,0.6859619772124647,0.37833333333333335,3.0,11.0,6.0,74.0,0.11320321376790689,-0.9935718556765875,-0.9749279121818236,-0.2225209339563146
15,2025-12-13 11:34:30,1,0.6809276676563953,0.37833333333333335,3.0,11.0,7.0,82.0,0.11320321376790689,-0.9935718556765875,-0.9749279121818236,-0.2225209339563146
15,2025-12-13 11:34:30,1,0.723342109543784,0.37833333333333335,4.0,19.0,6.0,74.0,0.11320321376790689,-0.9935718556765875,-0.9749279121818236,-0.2225209339563146
15,2025-12-13 11:34:30,1,0.7191081969905747,0.37833333333333335,4.0,19.0,7.0,82.0,0.11320321376790689,-0.9935718556765875,-0.9749279121818236,-0.2225209339563146
15,2025-12-13 11:34:30,1,0.7481571714180539,0.0,3.0,11.0,6.0,74.0,0.11320321376790689,-0.9935718556765875,-0.9749279121818236,-0.2225209339563146
15,2025-12-13 11:34:30,1,0.754905092566383,0.0,3.0,11.0,7.0,82.0,0.11320321376790689,-0.9935718556765875,-0.9749279121818236,-0.2225209339563146
15,2025-12-13 11:34:30,1,0.7713901066876416,0.0,4.0,19.0,6.0,74.0,0.11320321376790689,-0.9935718556765875,-0.9749279121818236,-0.2225209339563146
15,2025-12-13 11:34:30,1,0.7794693393609883,0.0,4.0,19.0,7.0,82.0,0.11320321376790689,-0.9935718556765875,-0.9749279121818236,-0.2225209339563146
15,2025-12-13 11:42:26,0,0.568008469409325,0.1322222222222222,5.0,20.0,8.0,83.0,0.07845909572784551,-0.996917333733128,-0.9749279121818236,-0.2225209339563146
15,2025-12-14 01:22:32,1,0.4038677274777709,13.668333333333333,1.0,1.0,8.0,79.0,0.35020738125946743,0.9366721892483976,-0.7818314824680299,0.6234898018587334
15,2025-12-14 01:23:13,0,0.3902977555550441,0.01138888888888889,2.0,1.0,9.0,79.0,0.3542910379977158,0.9351352096860117,-0.7818314824680299,0.6234898018587334
15,2025-12-14 04:56:10,0,0.36357112683892934,3.549166666666667,3.0,6.0,9.0,28.0,0.9612616959383189,0.27563735581699916,-0.7818314824680299,0.6234898018587334
15,2025-12-14 12:53:43,1,0.4619672139440427,7.9591666666666665,1.0,0.0,4.0,6.0,-0.2292003909224143,-0.9733792584604485,-0.7818314824680299,0.6234898018587334
15,2025-12-14 12:58:56,1,0.529006342261993,0.08694444444444445,2.0,0.0,5.0,6.0,-0.25038000405444155,-0.9681476403781077,-0.7818314824680299,0.6234898018587334
15,2025-12-14 12:59:13,0,0.4916036168058506,0.004722222222222222,3.0,0.0,6.0,6.0,-0.254601948205527,-0.9670459389139433,-0.7818314824680299,0.6234898018587334
15,2025-12-15 02:12:52,0,0.3527580282254059,13.2275,1.0,2.0,5.0,7.0,0.5446390350150271,0.838670567945424,0.0,1.0
15,2025-12-16 01:24:52,1,0.4142360190266638,23.2,1.0,0.0,2.0,2.0,0.35836794954530027,0.9335804264972017,0.7818314824680298,0.6234898018587336
15,2025-12-16 01:24:52,1,0.4283657941567894,23.2,1.0,0.0,3.0,2.0,0.35836794954530027,0.9335804264972017,0.7818314824680298,0.6234898018587336
15,2025-12-16 01:24:52,1,0.46175806440086087,23.2,2.0,0.0,2.0,2.0,0.35836794954530027,0.9335804264972017,0.7818314824680298,0.6234898018587336
15,2025-12-16 01:24:52,1,0.4710928778549875,23.2,2.0,0.0,3.0,2.0,0.35836794954530027,0.9335804264972017,0.7818314824680298,0.6234898018587336
15,2025-12-16 01:24:52,1,0.5826273035999362,0.0,1.0,0.0,2.0,2.0,0.35836794954530027,0.9335804264972017,0.7818314824680298,0.6234898018587336
15,2025-12-16 01:24:52,1,0.5845393378402141,0.0,1.0,0.0,3.0,2.0,0.35836794954530027,0.9335804264972017,0.7818314824680298,0.6234898018587336
15,2025-12-16 01:24:52,1,0.6192775486075003,0.0,2.0,0.0,2.0,2.0,0.35836794954530027,0.9335804264972017,0.7818314824680298,0.6234898018587336
15,2025-12-16 01:24:52,1,0.6181630587039358,0.0,2.0,0.0,3.0,2.0,0.35836794954530027,0.9335804264972017,0.7818314824680298,0.6234898018587336
15,2025-12-16 01:25:15,1,0.4845129053649055,0.006388888888888889,3.0,1.0,4.0,3.0,0.36243803828370164,0.9320078692827986,0.7818314824680298,0.6234898018587336
15,2025-12-16 01:26:22,1,0.5024150935182082,0.01861111111111111,4.0,1.0,5.0,3.0,0.36650122672429725,0.9304175679820246,0.7818314824680298,0.6234898018587336
15,2025-12-16 01:26:57,0,0.4726353791597874,0.009722222222222222,5.0,1.0,6.0,3.0,0.36650122672429725,0.9304175679820246,0.7818314824680298,0.6234898018587336
15,2025-12-16 04:44:58,0,0.31534552035770547,3.3002777777777776,6.0,2.0,6.0,2.0,0.9455185755993167,0.32556815445715676,0.7818314824680298,0.6234898018587336
15,2025-12-16 23:13:11,0,0.31316538318199444,18.470277777777778,1.0,2.0,7.0,4.0,-0.20364175114017827,0.9790454724845837,0.7818314824680298,0.6234898018587336
15,2025-12-17 08:08:42,0,0.3090859582340984,8.925277777777778,2.0,4.0,3.0,4.0,0.8480480961564261,-0.5299192642332048,0.9749279121818236,-0.22252093395631434
15,2025-12-17 08:08:42,0,0.3005881739156988,8.925277777777778,2.0,4.0,2.0,5.0,0.8480480961564261,-0.5299192642332048,0.9749279121818236,-0.22252093395631434
15,2025-12-17 08:08:42,0,0.280328710038685,8.925277777777778,1.0,3.0,3.0,4.0,0.8480480961564261,-0.5299192642332048,0.9749279121818236,-0.22252093395631434
15,2025-12-17 08:08:42,0,0.26719427617734776,8.925277777777778,1.0,3.0,2.0,5.0,0.8480480961564261,-0.5299192642332048,0.9749279121818236,-0.22252093395631434
15,2025-12-17 18:30:12,1,0.35350120810524044,10.358333333333333,1.0,2.0,3.0,7.0,-0.9914448613738105,0.13052619222005127,0.9749279121818236,-0.22252093395631434
15,2025-12-17 18:32:52,0,0.3335631817842079,0.044444444444444446,2.0,4.0,4.0,9.0,-0.9902680687415704,0.13917310096006547,0.9749279121818236,-0.22252093395631434
15,2025-12-17 20:34:44,1,0.45138749130626243,2.031111111111111,3.0,9.0,5.0,14.0,-0.782608156852414,0.6225146366376194,0.9749279121818236,-0.22252093395631434
15,2025-12-17 20:46:52,0,0.5154314978190091,0.20222222222222222,4.0,13.0,6.0,18.0,-0.7489557207890021,0.6626200482157375,0.9749279121818236,-0.22252093395631434
15,2025-12-17 23:36:04,0,0.3702975050584378,2.82,5.0,14.0,6.0,17.0,-0.10452846326765342,0.9945218953682733,0.9749279121818236,-0.22252093395631434
15,2025-12-18 08:47:33,0,0.2865545527578864,9.19138888888889,1.0,4.0,6.0,18.0,0.7460573750616996,-0.6658816660008342,0.43388373911755823,-0.900968867902419
15,2025-12-19 01:00:30,1,0.3537800381473613,16.215833333333332,1.0,2.0,2.0,6.0,0.25881904510252074,0.9659258262890683,-0.433883739117558,-0.9009688679024191
15,2025-12-19 01:02:15,0,0.46859165932113256,0.029166666666666667,2.0,4.0,3.0,8.0,0.26723837607825685,0.963630453208623,-0.433883739117558,-0.9009688679024191
15,2025-12-19 03:37:57,0,0.4396578916368627,2.595,3.0,6.0,4.0,10.0,0.8115739819650123,0.5842496656374344,-0.433883739117558,-0.9009688679024191
15,2025-12-19 06:14:08,1,0.5431045483347375,2.6030555555555557,4.0,6.0,5.0,10.0,0.998134798421867,-0.06104853953485678,-0.433883739117558,-0.9009688679024191
15,2025-12-19 06:46:57,1,0.5971951796383921,0.5469444444444445,5.0,9.0,6.0,13.0,0.9799247046208296,-0.19936793441719708,-0.433883739117558,-0.9009688679024191
15,2025-12-19 06:56:34,1,0.7352482031122437,0.16027777777777777,6.0,13.0,7.0,17.0,0.9702957262759965,-0.24192189559966779,-0.433883739117558,-0.9009688679024191
15,2025-12-19 07:48:21,0,0.551571311047054,0.8630555555555556,5.0,34.0,8.0,42.0,0.8910065241883679,-0.45399049973954675,-0.433883739117558,-0.9009688679024191
15,2025-12-19 11:17:15,1,0.6465476392045832,3.4816666666666665,5.0,54.0,8.0,60.0,0.18652403600873463,-0.9824503977255097,-0.433883739117558,-0.9009688679024191
15,2025-12-19 11:42:01,1,0.6966759170005035,0.4127777777777778,6.0,58.0,9.0,64.0,0.07845909572784551,-0.996917333733128,-0.433883739117558,-0.9009688679024191
15,2025-12-19 11:47:55,1,0.7252996199275269,0.09833333333333333,7.0,109.0,10.0,115.0,0.056692787563378096,-0.9983916705573488,-0.433883739117558,-0.9009688679024191
15,2025-12-19 12:52:53,1,0.6756749277338889,1.0827777777777778,6.0,113.0,11.0,122.0,-0.22495105434386498,-0.9743700647852352,-0.433883739117558,-0.9009688679024191
15,2025-12-19 14:40:39,1,0.6205689624675095,1.7961111111111112,5.0,102.0,12.0,140.0,-0.6427876096865389,-0.7660444431189783,-0.433883739117558,-0.9009688679024191
15,2025-12-19 14:58:55,1,0.7986867595792488,0.30444444444444446,6.0,102.0,13.0,140.0,-0.7009092642998509,-0.7132504491541817,-0.433883739117558,-0.9009688679024191
15,2025-12-19 14:59:06,1,0.8468620234428633,0.0030555555555555557,7.0,102.0,14.0,140.0,-0.7040147244559681,-0.7101853756232857,-0.433883739117558,-0.9009688679024191
15,2025-12-19 16:40:16,1,0.6537943158093473,1.6861111111111111,8.0,104.0,15.0,142.0,-0.9396926207859084,-0.34202014332566855,-0.433883739117558,-0.9009688679024191
15,2025-12-19 16:44:03,1,0.770496565824218,0.06305555555555556,9.0,122.0,16.0,160.0,-0.9455185755993168,-0.32556815445715664,-0.433883739117558,-0.9009688679024191
15,2025-12-19 17:58:43,0,0.35844680312331034,1.2444444444444445,7.0,45.0,17.0,160.0,-0.9999619230641713,-0.008726535498374464,-0.433883739117558,-0.9009688679024191
15,2025-12-19 21:03:25,0,0.3361957539820752,3.078333333333333,4.0,24.0,18.0,164.0,-0.6977904598416802,0.7163019434246541,-0.433883739117558,-0.9009688679024191
15,2025-12-20 03:38:42,1,0.38242882200399547,6.588055555555556,1.0,1.0,16.0,159.0,0.8141155183563192,0.5807029557109398,-0.9749279121818236,-0.2225209339563146
15,2025-12-20 03:39:40,0,0.35126585482755535,0.01611111111111111,2.0,3.0,17.0,161.0,0.8166415551616789,0.5771451900372337,-0.9749279121818236,-0.2225209339563146
15,2025-12-20 11:13:30,1,0.5477748012067191,7.563888888888889,1.0,11.0,14.0,140.0,0.2036417511401777,-0.9790454724845838,-0.9749279121818236,-0.2225209339563146
15,2025-12-20 11:24:46,1,0.5942629623256223,0.18777777777777777,2.0,11.0,14.0,118.0,0.15643446504023054,-0.9876883405951378,-0.9749279121818236,-0.2225209339563146
15,2025-12-20 11:24:53,1,0.6328661633594038,0.0019444444444444444,3.0,12.0,15.0,119.0,0.15643446504023054,-0.9876883405951378,-0.9749279121818236,-0.2225209339563146
15,2025-12-20 11:26:28,0,0.6945449594077678,0.02638888888888889,4.0,13.0,16.0,120.0,0.14780941112961038,-0.9890158633619168,-0.9749279121818236,-0.2225209339563146
15,2025-12-22 08:53:15,1,0.32731441212005613,24.0,1.0,13.0,1.0,13.0,0.7283709698824006,-0.6851829903263589,0.0,1.0
15,2025-12-22 09:08:05,0,0.5340162779972648,0.24722222222222223,2.0,43.0,2.0,43.0,0.6819983600624986,-0.7313537016191705,0.0,1.0
15,2026-01-09 14:55:04,0,0.27552651152994473,24.0,1.0,923.0,1.0,923.0,-0.691513055782269,-0.722363962059756,-0.433883739117558,-0.9009688679024191
15,2026-01-10 06:19:18,0,0.4640785016179862,15.403888888888888,1.0,0.0,2.0,923.0,0.9965655024977614,-0.08280820751220423,-0.9749279121818236,-0.2225209339563146
15,2026-01-11 07:18:13,0,0.32263146298621387,24.0,1.0,2.0,1.0,2.0,0.9426414910921784,-0.3338068592337708,-0.7818314824680299,0.6234898018587334
15,2026-01-11 14:26:20,1,0.474903267987979,7.135277777777778,1.0,18.0,2.0,20.0,-0.5948227867513411,-0.8038568606172175,-0.7818314824680299,0.6234898018587334
15,2026-01-11 14:44:15,1,0.5904396995354854,0.2986111111111111,2.0,18.0,3.0,20.0,-0.656059028990507,-0.7547095802227721,-0.7818314824680299,0.6234898018587334
15,2026-01-11 14:44:24,1,0.6135458757607125,0.0025,3.0,18.0,4.0,20.0,-0.656059028990507,-0.7547095802227721,-0.7818314824680299,0.6234898018587334
15,2026-01-11 14:45:00,1,0.6518687472820827,0.01,4.0,18.0,5.0,20.0,-0.6593458151000688,-0.7518398074789775,-0.7818314824680299,0.6234898018587334
15,2026-01-11 14:45:51,1,0.6877347472830806,0.014166666666666666,5.0,19.0,6.0,21.0,-0.6593458151000688,-0.7518398074789775,-0.7818314824680299,0.6234898018587334
15,2026-01-11 14:46:04,0,0.8439788064197592,0.003611111111111111,6.0,20.0,7.0,22.0,-0.6626200482157372,-0.7489557207890024,-0.7818314824680299,0.6234898018587334
15,2026-01-11 19:57:08,1,0.3490803474712619,5.184444444444445,7.0,28.0,8.0,30.0,-0.8724960070727971,0.48862124149695496,-0.7818314824680299,0.6234898018587334
15,2026-01-11 20:06:25,1,0.6755154504069617,0.15472222222222223,8.0,28.0,9.0,30.0,-0.8526401643540921,0.522498564715949,-0.7818314824680299,0.6234898018587334
15,2026-01-11 20:06:29,1,0.7146498348021311,0.0011111111111111111,9.0,29.0,10.0,31.0,-0.8526401643540921,0.522498564715949,-0.7818314824680299,0.6234898018587334
15,2026-01-11 20:06:29,1,0.715611446494551,0.0011111111111111111,9.0,29.0,11.0,32.0,-0.8526401643540921,0.522498564715949,-0.7818314824680299,0.6234898018587334
15,2026-01-11 20:06:29,1,0.7074448100437303,0.0011111111111111111,10.0,30.0,10.0,31.0,-0.8526401643540921,0.522498564715949,-0.7818314824680299,0.6234898018587334
15,2026-01-11 20:06:29,1,0.7123447779005341,0.0011111111111111111,10.0,30.0,11.0,32.0,-0.8526401643540921,0.522498564715949,-0.7818314824680299,0.6234898018587334
15,2026-01-11 20:06:29,1,0.7175666427921231,0.0,9.0,29.0,10.0,31.0,-0.8526401643540921,0.522498564715949,-0.7818314824680299,0.6234898018587334
15,2026-01-11 20:06:29,1,0.7185282544845433,0.0,9.0,29.0,11.0,32.0,-0.8526401643540921,0.522498564715949,-0.7818314824680299,0.6234898018587334
15,2026-01-11 20:06:29,1,0.7099249121522763,0.0,10.0,30.0,10.0,31.0,-0.8526401643540921,0.522498564715949,-0.7818314824680299,0.6234898018587334
15,2026-01-11 20:06:29,1,0.7148248800090801,0.0,10.0,30.0,11.0,32.0,-0.8526401643540921,0.522498564715949,-0.7818314824680299,0.6234898018587334
15,2026-01-11 20:07:36,1,0.6960173007380307,0.01861111111111111,11.0,31.0,12.0,33.0,-0.8503522249955628,0.5262139236518696,-0.7818314824680299,0.6234898018587334
16,2025-12-08 02:05:38,0,0.3920571940658773,0.0,1.0,2.0,1.0,2.0,0.5187732581605214,0.8549118706729466,0.0,1.0
16,2025-12-08 05:34:07,1,0.4087233381736974,3.4747222222222223,2.0,4.0,2.0,4.0,0.9935718556765875,0.11320321376790683,0.0,1.0
16,2025-12-08 07:32:15,1,0.4671471829889745,1.968888888888889,3.0,6.0,3.0,6.0,0.9205048534524404,-0.3907311284892736,0.0,1.0
16,2025-12-08 07:34:57,1,0.5720680768356778,0.045,4.0,7.0,4.0,7.0,0.917060074385124,-0.39874906892524614,0.0,1.0
16,2025-12-08 07:35:35,0,0.5608359869300201,0.010555555555555556,5.0,7.0,5.0,7.0,0.9153114791194472,-0.40274668985873713,0.0,1.0
16,2025-12-09 01:10:09,0,0.34366716893375726,17.57611111111111,1.0,3.0,6.0,10.0,0.3007057995042732,0.9537169507482269,0.7818314824680298,0.6234898018587336
16,2025-12-09 15:21:51,0,0.25348017269864387,14.195,1.0,1.0,2.0,4.0,-0.7688418320734591,-0.6394390019805851,0.7818314824680298,0.6234898018587336
16,2025-12-09 23:12:23,1,0.4197763755865133,7.842222222222222,1.0,6.0,3.0,10.0,-0.20791169081775987,0.9781476007338056,0.7818314824680298,0.6234898018587336
16,2025-12-09 23:18:44,0,0.3860611291582149,0.10583333333333333,2.0,6.0,4.0,10.0,-0.18223552549214783,0.9832549075639545,0.7818314824680298,0.6234898018587336
16,2025-12-10 13:58:58,1,0.36183741913994183,14.670555555555556,1.0,1.0,4.0,8.0,-0.49242356010346694,-0.8703556959398998,0.9749279121818236,-0.22252093395631434
16,2025-12-10 14:02:28,1,0.512680559049492,0.058333333333333334,2.0,21.0,5.0,28.0,-0.5075383629607042,-0.8616291604415257,0.9749279121818236,-0.22252093395631434
16,2025-12-10 14:24:22,0,0.4793517719185572,0.365,3.0,21.0,6.0,28.0,-0.587785252292473,-0.8090169943749475,0.9749279121818236,-0.22252093395631434
16,2025-12-10 19:37:33,0,0.3792689288677977,5.219722222222222,4.0,22.0,6.0,28.0,-0.9117620435770885,0.4107188526134774,0.9749279121818236,-0.22252093395631434
16,2025-12-11 01:20:49,0,0.40944259284901713,5.721111111111111,2.0,6.0,5.0,27.0,0.3420201433256687,0.9396926207859084,0.43388373911755823,-0.900968867902419
16,2025-12-11 03:39:59,1,0.4176468983716437,2.3194444444444446,2.0,6.0,6.0,28.0,0.8166415551616789,0.5771451900372337,0.43388373911755823,-0.900968867902419
16,2025-12-11 03:40:03,1,0.5053318892642807,0.0011111111111111111,3.0,6.0,7.0,28.0,0.8191520442889917,0.5735764363510462,0.43388373911755823,-0.900968867902419
16,2025-12-11 03:40:42,0,0.5121914648558099,0.010833333333333334,4.0,7.0,8.0,29.0,0.8191520442889917,0.5735764363510462,0.43388373911755823,-0.900968867902419
16,2025-12-11 05:49:42,1,0.5081021417706048,2.15,5.0,17.0,9.0,39.0,0.9988483864849507,0.04797812852134391,0.43388373911755823,-0.900968867902419
16,2025-12-11 05:59:14,1,0.6463421213596965,0.15888888888888889,6.0,17.0,10.0,39.0,0.9999904807207345,0.004363309284746582,0.43388373911755823,-0.900968867902419
16,2025-12-11 05:59:34,0,0.577915862281319,0.005555555555555556,7.0,18.0,11.0,40.0,0.9999904807207345,0.004363309284746582,0.43388373911755823,-0.900968867902419
16,2025-12-11 11:52:26,0,0.4739246785649637,5.881111111111111,3.0,5.0,12.0,44.0,0.0348994967025007,-0.9993908270190958,0.43388373911755823,-0.900968867902419
16,2025-12-12 05:29:58,0,0.2933016659637085,17.625555555555554,1.0,1.0,5.0,16.0,0.9908658973868822,0.13485093027372286,-0.433883739117558,-0.9009688679024191
16,2025-12-12 18:06:05,0,0.42243984867985085,12.601944444444445,1.0,9.0,2.0,10.0,-0.9996573249755573,0.026176948307873114,-0.433883739117558,-0.9009688679024191
16,2025-12-12 20:22:58,0,0.42148579115655815,2.281388888888889,2.0,14.0,3.0,15.0,-0.8141155183563196,0.5807029557109393,-0.433883739117558,-0.9009688679024191
16,2025-12-13 19:55:42,1,0.7153805729759998,23.545555555555556,1.0,2.0,2.0,7.0,-0.8767267557075075,0.48098876891938813,-0.9749279121818236,-0.2225209339563146
16,2025-12-13 20:53:45,1,0.5507125056463767,0.9675,2.0,2.0,2.0,2.0,-0.7283709698824009,0.6851829903263584,-0.9749279121818236,-0.2225209339563146
16,2025-12-13 20:53:49,0,0.12589160828845278,0.0011111111111111111,3.0,850.0,3.0,850.0,-0.7283709698824009,0.6851829903263584,-0.9749279121818236,-0.2225209339563146
16,2025-12-14 12:22:28,0,0.36162011465741506,15.4775,1.0,1.0,4.0,851.0,-0.09584575252022366,-0.9953961983671789,-0.7818314824680299,0.6234898018587334
16,2025-12-14 16:29:01,0,0.32525362820082226,4.109166666666667,2.0,15.0,5.0,865.0,-0.9222009716704517,-0.38671096163682095,-0.7818314824680299,0.6234898018587334
16,2025-12-15 16:39:39,0,0.26395448052041964,24.0,1.0,3.0,1.0,3.0,-0.938191335922484,-0.34611705707749335,0.0,1.0
16,2025-12-16 11:32:49,0,0.38048974238643996,18.886111111111113,1.0,1.0,2.0,4.0,0.12186934340514755,-0.992546151641322,0.7818314824680298,0.6234898018587336
16,2025-12-16 14:48:43,0,0.3414258672088294,3.265,2.0,4.0,3.0,7.0,-0.6691306063588582,-0.7431448254773942,0.7818314824680298,0.6234898018587336
16,2025-12-19 05:44:26,1,0.3604685647237714,24.0,1.0,1.0,1.0,1.0,0.9975640502598242,0.06975647374412546,-0.433883739117558,-0.9009688679024191
16,2025-12-19 07:22:46,1,0.4852778470877048,1.6388888888888888,2.0,2.0,2.0,2.0,0.9366721892483977,-0.3502073812594673,-0.433883739117558,-0.9009688679024191
16,2025-12-19 07:23:38,1,0.504643488268919,0.014444444444444444,3.0,3.0,3.0,3.0,0.9351352096860117,-0.35429103799771566,-0.433883739117558,-0.9009688679024191
16,2025-12-19 07:56:54,1,0.581008417530732,0.5544444444444444,4.0,4.0,4.0,4.0,0.8746197071393959,-0.484809620246337,-0.433883739117558,-0.9009688679024191
16,2025-12-19 07:57:41,1,0.5841819212192978,0.013055555555555556,5.0,4.0,5.0,4.0,0.8724960070727973,-0.4886212414969547,-0.433883739117558,-0.9009688679024191
16,2025-12-19 07:58:17,1,0.8046369729659232,0.01,6.0,4.0,6.0,4.0,0.8703556959398997,-0.492423560103467,-0.433883739117558,-0.9009688679024191
16,2025-12-19 07:59:39,1,0.845446201002013,0.02277777777777778,7.0,6.0,7.0,6.0,0.8681988144891423,-0.49621650367520825,-0.433883739117558,-0.9009688679024191
16,2025-12-19 08:01:57,1,0.8820213861892292,0.03833333333333333,8.0,7.0,8.0,7.0,0.8638355052043956,-0.5037739770455266,-0.433883739117558,-0.9009688679024191
16,2025-12-19 08:02:09,1,0.91318912348292,0.0033333333333333335,9.0,7.0,9.0,7.0,0.8616291604415257,-0.5075383629607043,-0.433883739117558,-0.9009688679024191
16,2025-12-19 08:02:13,1,0.9191661784105727,0.0011111111111111111,10.0,7.0,10.0,7.0,0.8616291604415257,-0.5075383629607043,-0.433883739117558,-0.9009688679024191
16,2025-12-19 08:02:15,1,0.9399661006142753,0.0005555555555555556,11.0,9.0,11.0,9.0,0.8616291604415257,-0.5075383629607043,-0.433883739117558,-0.9009688679024191
16,2025-12-19 08:04:24,1,0.9152813307408054,0.035833333333333335,12.0,9.0,12.0,9.0,0.8571673007021124,-0.5150380749100538,-0.433883739117558,-0.9009688679024191
16,2025-12-19 08:04:24,1,0.9233795791573567,0.035833333333333335,12.0,9.0,13.0,9.0,0.8571673007021124,-0.5150380749100538,-0.433883739117558,-0.9009688679024191
16,2025-12-19 08:04:24,1,0.9152813307408054,0.035833333333333335,13.0,9.0,12.0,9.0,0.8571673007021124,-0.5150380749100538,-0.433883739117558,-0.9009688679024191
16,2025-12-19 08:04:24,1,0.9233795791573567,0.035833333333333335,13.0,9.0,13.0,9.0,0.8571673007021124,-0.5150380749100538,-0.433883739117558,-0.9009688679024191
16,2025-12-19 08:04:24,1,0.9563642258873962,0.0,12.0,9.0,12.0,9.0,0.8571673007021124,-0.5150380749100538,-0.433883739117558,-0.9009688679024191
16,2025-12-19 08:04:24,1,0.9596046038959396,0.0,12.0,9.0,13.0,9.0,0.8571673007021124,-0.5150380749100538,-0.433883739117558,-0.9009688679024191
16,2025-12-19 08:04:24,1,0.9563642258873962,0.0,13.0,9.0,12.0,9.0,0.8571673007021124,-0.5150380749100538,-0.433883739117558,-0.9009688679024191
16,2025-12-19 08:04:24,1,0.9596046038959396,0.0,13.0,9.0,13.0,9.0,0.8571673007021124,-0.5150380749100538,-0.433883739117558,-0.9009688679024191
16,2025-12-19 08:21:19,1,0.8979776530427421,0.28194444444444444,14.0,13.0,14.0,13.0,0.816641555161679,-0.5771451900372335,-0.433883739117558,-0.9009688679024191
16,2025-12-19 09:11:05,1,0.8332683127020765,0.8294444444444444,15.0,17.0,15.0,17.0,0.672366807434668,-0.7402181274868321,-0.433883739117558,-0.9009688679024191
16,2025-12-19 10:39:04,1,0.802717677581753,1.466388888888889,16.0,19.0,16.0,19.0,0.34611705707749285,-0.9381913359224842,-0.433883739117558,-0.9009688679024191
16,2025-12-19 10:54:37,1,0.8810443665889716,0.25916666666666666,17.0,20.0,17.0,20.0,0.2840153447039226,-0.958819734868193,-0.433883739117558,-0.9009688679024191
16,2025-12-19 12:26:58,1,0.7424543034347123,1.5391666666666666,17.0,22.0,18.0,23.0,-0.11320321376790664,-0.9935718556765875,-0.433883739117558,-0.9009688679024191
16,2025-12-19 12:29:49,1,0.8895230357289909,0.0475,18.0,23.0,19.0,24.0,-0.12619896913582931,-0.9920049496797151,-0.433883739117558,-0.9009688679024191
16,2025-12-19 12:30:43,1,0.9048432661223046,0.015,19.0,23.0,20.0,24.0,-0.13052619222005177,-0.9914448613738104,-0.433883739117558,-0.9009688679024191
16,2025-12-19 12:31:02,1,0.9109839302622282,0.005277777777777778,20.0,23.0,21.0,24.0,-0.1348509302737229,-0.9908658973868822,-0.433883739117558,-0.9009688679024191
16,2025-12-19 12:31:11,1,0.9193044436891783,0.0025,21.0,23.0,22.0,24.0,-0.1348509302737229,-0.9908658973868822,-0.433883739117558,-0.9009688679024191
16,2025-12-19 12:31:12,1,0.9213309406619798,0.0002777777777777778,22.0,23.0,23.0,24.0,-0.1348509302737229,-0.9908658973868822,-0.433883739117558,-0.9009688679024191
16,2025-12-19 12:32:33,1,0.905193701732953,0.0225,23.0,23.0,24.0,24.0,-0.13917310096006552,-0.9902680687415703,-0.433883739117558,-0.9009688679024191
16,2025-12-19 12:32:55,1,0.905926739118665,0.006111111111111111,24.0,26.0,25.0,27.0,-0.13917310096006552,-0.9902680687415703,-0.433883739117558,-0.9009688679024191
16,2025-12-19 12:36:26,1,0.8493061665741678,0.058611111111111114,25.0,27.0,26.0,28.0,-0.1564344650402303,-0.9876883405951378,-0.433883739117558,-0.9009688679024191
16,2025-12-19 14:04:13,1,0.7777933672379891,1.4630555555555556,16.0,23.0,27.0,32.0,-0.5150380749100542,-0.8571673007021123,-0.433883739117558,-0.9009688679024191
16,2025-12-19 15:59:02,1,0.7318185516520944,1.9136111111111112,13.0,15.0,28.0,32.0,-0.8638355052043956,-0.5037739770455264,-0.433883739117558,-0.9009688679024191
16,2025-12-19 17:08:40,1,0.6369276612232092,1.1605555555555556,12.0,19.0,29.0,39.0,-0.9743700647852351,-0.22495105434386525,-0.433883739117558,-0.9009688679024191
16,2025-12-19 17:15:44,0,0.5876734986603935,0.11777777777777777,13.0,19.0,30.0,39.0,-0.9807852804032303,-0.19509032201612866,-0.433883739117558,-0.9009688679024191
16,2025-12-19 21:10:49,1,0.6264158929618084,3.9180555555555556,4.0,8.0,31.0,40.0,-0.6755902076156598,0.7372773368101244,-0.433883739117558,-0.9009688679024191
16,2025-12-19 22:25:25,1,0.6843144864009905,1.2433333333333334,4.0,9.0,32.0,41.0,-0.40274668985873663,0.9153114791194474,-0.433883739117558,-0.9009688679024191
16,2025-12-19 22:26:52,1,0.7571832940368651,0.024166666666666666,5.0,10.0,33.0,42.0,-0.39874906892524664,0.9170600743851238,-0.433883739117558,-0.9009688679024191
16,2025-12-19 22:27:35,1,0.8510319861699923,0.011944444444444445,6.0,11.0,34.0,43.0,-0.39474385638426795,0.918791210148898,-0.433883739117558,-0.9009688679024191
16,2025-12-19 22:28:56,1,0.838870836682069,0.0225,7.0,12.0,35.0,44.0,-0.3907311284892739,0.9205048534524403,-0.433883739117558,-0.9009688679024191
16,2025-12-19 22:29:09,1,0.8741234957808933,0.003611111111111111,8.0,12.0,36.0,44.0,-0.38671096163682017,0.922200971670452,-0.433883739117558,-0.9009688679024191
16,2025-12-19 22:29:12,1,0.8757561479625583,0.0008333333333333334,9.0,12.0,37.0,44.0,-0.38671096163682017,0.922200971670452,-0.433883739117558,-0.9009688679024191
16,2025-12-19 22:30:07,1,0.8720150318437534,0.015277777777777777,10.0,13.0,38.0,45.0,-0.38268343236508956,0.9238795325112868,-0.433883739117558,-0.9009688679024191
16,2025-12-19 22:31:21,1,0.8653240430841131,0.020555555555555556,11.0,13.0,39.0,45.0,-0.3786486173524339,0.925540504017566,-0.433883739117558,-0.9009688679024191
16,2025-12-19 22:31:25,1,0.8931145137674324,0.0011111111111111111,12.0,13.0,40.0,45.0,-0.3786486173524339,0.925540504017566,-0.433883739117558,-0.9009688679024191
16,2025-12-19 22:31:30,1,0.8877441441072287,0.001388888888888889,13.0,14.0,41.0,46.0,-0.3786486173524339,0.925540504017566,-0.433883739117558,-0.9009688679024191
16,2025-12-19 23:24:54,1,0.696815413478165,0.89,12.0,24.0,42.0,63.0,-0.15643446504023198,0.9876883405951375,-0.433883739117558,-0.9009688679024191
16,2025-12-19 23:42:17,1,0.6866474576258321,0.2897222222222222,13.0,24.0,43.0,63.0,-0.07845909572784562,0.996917333733128,-0.433883739117558,-0.9009688679024191
16,2025-12-19 23:58:51,1,0.6684680023270428,0.2761111111111111,14.0,40.0,44.0,79.0,-0.008726535498374524,0.9999619230641713,-0.433883739117558,-0.9009688679024191
16,2025-12-20 00:31:17,1,0.6399194531090726,0.5405555555555556,15.0,70.0,45.0,109.0,0.134850930273723,0.9908658973868822,-0.9749279121818236,-0.2225209339563146
16,2025-12-20 01:01:26,0,0.6962410404220453,0.5025,16.0,71.0,46.0,110.0,0.2630312144579748,0.964787323828813,-0.9749279121818236,-0.2225209339563146
16,2025-12-20 06:18:31,1,0.45552182479488434,5.284722222222222,3.0,35.0,46.0,113.0,0.996917333733128,-0.07845909572784467,-0.9749279121818236,-0.2225209339563146
16,2025-12-20 06:43:02,1,0.5212814703233475,0.4086111111111111,3.0,7.0,47.0,115.0,0.9824503977255097,-0.18652403600873466,-0.9749279121818236,-0.2225209339563146
16,2025-12-20 07:25:29,1,0.552852554809052,0.7075,3.0,9.0,46.0,116.0,0.9320078692827986,-0.3624380382837016,-0.9749279121818236,-0.2225209339563146
16,2025-12-20 07:28:39,0,0.6464079854979649,0.05277777777777778,4.0,10.0,47.0,117.0,0.9271838545667874,-0.37460659341591207,-0.9749279121818236,-0.2225209339563146
16,2025-12-20 14:01:30,1,0.5077424669797331,6.5475,1.0,1.0,25.0,93.0,-0.5037739770455262,-0.8638355052043958,-0.9749279121818236,-0.2225209339563146
16,2025-12-20 14:03:12,1,0.5474105570950105,0.028333333333333332,2.0,1.0,26.0,93.0,-0.5112930860770519,-0.8594064115014528,-0.9749279121818236,-0.2225209339563146
16,2025-12-20 14:28:38,1,0.5730841161414332,0.42388888888888887,3.0,5.0,26.0,93.0,-0.6018150231520484,-0.7986355100472928,-0.9749279121818236,-0.2225209339563146
16,2025-12-20 14:50:45,1,0.6872127532460395,0.3686111111111111,4.0,7.0,27.0,95.0,-0.6755902076156601,-0.7372773368101241,-0.9749279121818236,-0.2225209339563146
16,2025-12-20 16:44:20,1,0.5947162962527709,1.8930555555555555,5.0,8.0,27.0,96.0,-0.9455185755993168,-0.32556815445715664,-0.9749279121818236,-0.2225209339563146
16,2025-12-20 16:45:59,0,0.7309554960598679,0.0275,6.0,10.0,28.0,98.0,-0.9469301294951056,-0.3214394653031618,-0.9749279121818236,-0.2225209339563146
16,2025-12-20 21:26:39,1,0.5135634278320145,4.677777777777778,3.0,7.0,26.0,94.0,-0.6225146366376197,0.7826081568524138,-0.9749279121818236,-0.2225209339563146
16,2025-12-20 22:05:48,1,0.6218235459452613,0.6525,4.0,14.0,27.0,101.0,-0.48098876891938774,0.8767267557075077,-0.9749279121818236,-0.2225209339563146
16,2025-12-20 22:44:26,1,0.546868764653024,0.6438888888888888,4.0,16.0,18.0,98.0,-0.3255681544571567,0.9455185755993168,-0.9749279121818236,-0.2225209339563146
16,2025-12-20 23:37:19,1,0.5102217800299284,0.8813888888888889,4.0,14.0,18.0,81.0,-0.1001880616120765,0.9949685182509117,-0.9749279121818236,-0.2225209339563146
16,2025-12-21 01:13:38,1,0.5177629432897842,1.6052777777777778,5.0,17.0,15.0,37.0,0.31316380648374953,0.949699126201877,-0.7818314824680299,0.6234898018587334
16,2025-12-21 01:16:36,0,0.7311128562246079,0.049444444444444444,6.0,17.0,16.0,37.0,0.32556815445715664,0.9455185755993168,-0.7818314824680299,0.6234898018587334
16,2025-12-21 04:26:36,1,0.3654664522701057,3.1666666666666665,5.0,7.0,17.0,38.0,0.917060074385124,0.39874906892524625,-0.7818314824680299,0.6234898018587334
16,2025-12-21 04:37:03,1,0.6238080855159993,0.17416666666666666,6.0,7.0,18.0,38.0,0.9351352096860117,0.3542910379977158,-0.7818314824680299,0.6234898018587334
16,2025-12-21 05:01:14,1,0.6159822592456409,0.40305555555555556,6.0,4.0,19.0,38.0,0.9670459389139431,0.2546019482055276,-0.7818314824680299,0.6234898018587334
16,2025-12-21 05:02:51,1,0.6522332878312378,0.026944444444444444,7.0,5.0,20.0,39.0,0.9681476403781077,0.2503800040544415,-0.7818314824680299,0.6234898018587334
16,2025-12-21 05:18:16,1,0.673218936349736,0.2569444444444444,8.0,9.0,21.0,43.0,0.9832549075639545,0.18223552549214767,-0.7818314824680299,0.6234898018587334
16,2025-12-21 06:37:38,1,0.4656802794968323,1.3227777777777778,8.0,11.0,21.0,41.0,0.9869963665602319,-0.160742565603826,-0.7818314824680299,0.6234898018587334
16,2025-12-21 07:51:13,1,0.5949381354251655,1.226388888888889,7.0,8.0,19.0,35.0,0.8849876374630421,-0.465614520325111,-0.7818314824680299,0.6234898018587334
16,2025-12-21 07:52:54,1,0.8469091869318557,0.028055555555555556,8.0,12.0,20.0,39.0,0.8829475928589269,-0.4694715627858909,-0.7818314824680299,0.6234898018587334
16,2025-12-21 09:47:52,0,0.6175394269474171,1.916111111111111,9.0,13.0,21.0,40.0,0.5482932295199138,-0.8362861558477596,-0.7818314824680299,0.6234898018587334
16,2025-12-21 12:45:02,1,0.5195694704688597,2.952777777777778,4.0,5.0,22.0,40.0,-0.19509032201612792,-0.9807852804032305,-0.7818314824680299,0.6234898018587334
16,2025-12-21 12:47:37,1,0.700524204405079,0.043055555555555555,5.0,6.0,23.0,41.0,-0.20364175114017746,-0.9790454724845838,-0.7818314824680299,0.6234898018587334
17,2025-12-07 13:40:05,0,0.3436636241906726,0.0,1.0,1.0,1.0,1.0,-0.4226182617406993,-0.90630778703665,-0.7818314824680299,0.6234898018587334
17,2025-12-08 12:43:04,1,0.4376408865460306,23.049722222222222,1.0,0.0,2.0,1.0,-0.18652403600873438,-0.9824503977255098,0.0,1.0
17,2025-12-08 12:43:07,1,0.5702214297231738,0.0008333333333333334,2.0,0.0,3.0,1.0,-0.18652403600873438,-0.9824503977255098,0.0,1.0
17,2025-12-08 12:43:31,1,0.5297849444433709,0.006666666666666667,3.0,0.0,4.0,1.0,-0.18652403600873438,-0.9824503977255098,0.0,1.0
17,2025-12-08 12:43:52,0,0.5479480923939072,0.005833333333333334,4.0,9.0,5.0,10.0,-0.18652403600873438,-0.9824503977255098,0.0,1.0
17,2025-12-09 03:01:57,1,0.31310085474424326,14.301388888888889,1.0,1.0,5.0,10.0,0.7101853756232854,0.7040147244559684,0.7818314824680298,0.6234898018587336
17,2025-12-09 03:02:44,1,0.48449209880968774,0.013055555555555556,2.0,2.0,6.0,11.0,0.7132504491541815,0.700909264299851,0.7818314824680298,0.6234898018587336
17,2025-12-09 03:03:48,1,0.4938837049171938,0.017777777777777778,3.0,3.0,7.0,12.0,0.7163019434246541,0.6977904598416802,0.7818314824680298,0.6234898018587336
17,2025-12-09 03:04:19,1,0.5843440781033266,0.008611111111111111,4.0,3.0,8.0,12.0,0.7193398003386512,0.6946583704589973,0.7818314824680298,0.6234898018587336
17,2025-12-09 03:04:41,1,0.6185368772739394,0.006111111111111111,5.0,3.0,9.0,12.0,0.7193398003386512,0.6946583704589973,0.7818314824680298,0.6234898018587336
17,2025-12-09 03:05:03,1,0.7522896879559403,0.006111111111111111,6.0,3.0,10.0,12.0,0.7223639620597555,0.6915130557822694,0.7818314824680298,0.6234898018587336
17,2025-12-09 03:05:12,0,0.6827724729775533,0.0025,7.0,3.0,11.0,12.0,0.7223639620597555,0.6915130557822694,0.7818314824680298,0.6234898018587336
17,2025-12-10 11:10:16,1,0.5198139271103517,24.0,1.0,6.0,1.0,6.0,0.21643961393810318,-0.9762960071199333,0.9749279121818236,-0.22252093395631434
17,2025-12-10 11:16:59,1,0.5291365532798671,0.11194444444444444,2.0,7.0,2.0,7.0,0.19080899537654497,-0.9816271834476639,0.9749279121818236,-0.22252093395631434
17,2025-12-10 11:17:30,0,0.4970225064667178,0.008611111111111111,3.0,8.0,3.0,8.0,0.18652403600873463,-0.9824503977255097,0.9749279121818236,-0.22252093395631434
17,2025-12-10 14:22:05,0,0.4379914055147347,3.076388888888889,4.0,9.0,4.0,9.0,-0.5807029557109398,-0.8141155183563192,0.9749279121818236,-0.22252093395631434
17,2025-12-11 02:43:10,0,0.29815911685616675,12.35138888888889,1.0,4.0,5.0,13.0,0.6527597524627224,0.7575649843840495,0.43388373911755823,-0.900968867902419
17,2025-12-11 17:49:21,1,0.36047795912376784,15.103055555555555,1.0,1.0,2.0,5.0,-0.9988483864849507,-0.0479781285213447,0.43388373911755823,-0.900968867902419
17,2025-12-11 17:50:32,1,0.4426872851707695,0.01972222222222222,2.0,1.0,3.0,5.0,-0.9990482215818578,-0.04361938736533613,0.43388373911755823,-0.900968867902419
17,2025-12-11 17:50:56,0,0.3675260828831828,0.006666666666666667,3.0,3.0,4.0,7.0,-0.9990482215818578,-0.04361938736533613,0.43388373911755823,-0.900968867902419
17,2025-12-11 19:55:42,0,0.4628728988633403,2.0794444444444444,4.0,6.0,5.0,10.0,-0.8767267557075075,0.48098876891938813,0.43388373911755823,-0.900968867902419
17,2025-12-12 20:25:50,0,0.3077488810981537,24.0,1.0,2.0,1.0,2.0,-0.8064446042674829,0.591309648363582,-0.433883739117558,-0.9009688679024191
17,2025-12-13 01:18:28,1,0.573378554751242,4.877222222222223,2.0,48.0,2.0,48.0,0.3338068592337709,0.9426414910921784,-0.9749279121818236,-0.2225209339563146
17,2025-12-13 02:06:02,0,0.4093378389503396,0.7927777777777778,3.0,48.0,3.0,48.0,0.5224985647159488,0.8526401643540923,-0.9749279121818236,-0.2225209339563146
17,2025-12-13 19:37:06,1,0.7788732011374829,17.517777777777777,1.0,0.0,4.0,48.0,-0.9117620435770885,0.4107188526134774,-0.9749279121818236,-0.2225209339563146
17,2025-12-13 19:37:27,1,0.6332846553043399,0.005833333333333334,2.0,1.0,5.0,49.0,-0.9117620435770885,0.4107188526134774,-0.9749279121818236,-0.2225209339563146
17,2025-12-13 19:40:10,1,0.6426567000677589,0.04527777777777778,3.0,2.0,6.0,50.0,-0.9063077870366498,0.4226182617406996,-0.9749279121818236,-0.2225209339563146
17,2025-12-13 19:46:54,0,0.5610016894430175,0.11222222222222222,4.0,4.0,7.0,52.0,-0.8949343616020253,0.44619781310980833,-0.9749279121818236,-0.2225209339563146
17,2025-12-13 23:33:31,1,0.6160724190655767,3.7769444444444447,5.0,9.0,7.0,55.0,-0.11753739745783766,0.9930684569549263,-0.9749279121818236,-0.2225209339563146
17,2025-12-13 23:39:15,1,0.6016599886530357,0.09555555555555556,6.0,10.0,8.0,56.0,-0.09150161866340226,0.9958049275746618,-0.9749279121818236,-0.2225209339563146
17,2025-12-13 23:40:43,0,0.47999728403221376,0.024444444444444446,7.0,10.0,9.0,56.0,-0.08715574274765743,0.9961946980917455,-0.9749279121818236,-0.2225209339563146
17,2025-12-15 05:20:19,0,0.2528839593011764,24.0,1.0,3.0,1.0,3.0,0.984807753012208,0.17364817766693041,0.0,1.0
17,2025-12-15 13:42:56,1,0.49041478861485466,8.376944444444444,1.0,21.0,2.0,24.0,-0.43051109680829447,-0.902585284349861,0.0,1.0
17,2025-12-15 14:03:25,0,0.528473881622192,0.3413888888888889,2.0,21.0,3.0,24.0,-0.5112930860770519,-0.8594064115014528,0.0,1.0
17,2025-12-16 02:05:00,1,0.44065330673957215,12.026388888888889,1.0,9.0,4.0,33.0,0.5187732581605214,0.8549118706729466,0.7818314824680298,0.6234898018587336
17,2025-12-16 02:38:22,1,0.4903597070587199,0.5561111111111111,2.0,10.0,5.0,34.0,0.636078220277764,0.7716245833877199,0.7818314824680298,0.6234898018587336
17,2025-12-16 03:16:09,0,0.4587938556154734,0.6297222222222222,3.0,10.0,6.0,34.0,0.754709580222772,0.6560590289905073,0.7818314824680298,0.6234898018587336
17,2025-12-16 14:14:34,0,0.2803730301775871,10.973611111111111,1.0,3.0,4.0,13.0,-0.5519369853120577,-0.8338858220671685,0.7818314824680298,0.6234898018587336
17,2026-01-09 13:47:05,0,0.37972494288083924,24.0,1.0,0.0,1.0,0.0,-0.45009844103743474,-0.8929789434111371,-0.433883739117558,-0.9009688679024191
17,2026-01-10 06:12:37,1,0.5458520737044066,16.425555555555555,1.0,0.0,2.0,0.0,0.9986295347545738,-0.05233595624294384,-0.9749279121818236,-0.2225209339563146
17,2026-01-10 06:12:55,1,0.543316296803637,0.005,2.0,1.0,3.0,1.0,0.9986295347545738,-0.05233595624294384,-0.9749279121818236,-0.2225209339563146
17,2026-01-10 06:37:50,0,0.5481259040208161,0.4152777777777778,3.0,5.0,4.0,5.0,0.9869963665602319,-0.160742565603826,-0.9749279121818236,-0.2225209339563146
17,2026-01-10 09:10:13,0,0.5444989765938916,2.539722222222222,4.0,5.0,5.0,5.0,0.6755902076156604,-0.737277336810124,-0.9749279121818236,-0.2225209339563146
17,2026-01-10 16:09:43,0,0.6603782724890744,6.991666666666666,1.0,1.0,5.0,6.0,-0.8849876374630418,-0.46561452032511164,-0.9749279121818236,-0.2225209339563146
17,2026-01-10 21:37:47,1,0.563989299704549,5.467777777777778,2.0,3.0,6.0,8.0,-0.5842496656374341,0.8115739819650125,-0.9749279121818236,-0.2225209339563146
17,2026-01-10 21:40:54,1,0.5294176140312417,0.051944444444444446,3.0,13.0,7.0,18.0,-0.5735764363510465,0.8191520442889916,-0.9749279121818236,-0.2225209339563146
17,2026-01-10 21:52:12,0,0.5296046842815467,0.18833333333333332,4.0,48.0,8.0,53.0,-0.529919264233205,0.8480480961564258,-0.9749279121818236,-0.2225209339563146
17,2026-01-11 06:30:30,1,0.3737881574198961,8.638333333333334,1.0,19.0,7.0,71.0,0.9914448613738104,-0.1305261922200516,-0.7818314824680299,0.6234898018587334
17,2026-01-11 06:49:57,1,0.4978416263724864,0.32416666666666666,2.0,20.0,7.0,68.0,0.9772311064626789,-0.21217767215644623,-0.7818314824680299,0.6234898018587334
17,2026-01-11 06:50:16,0,0.5112630973819179,0.005277777777777778,3.0,24.0,8.0,72.0,0.9762960071199334,-0.2164396139381028,-0.7818314824680299,0.6234898018587334
17,2026-01-11 17:19:11,1,0.38414142683346697,10.481944444444444,1.0,17.0,7.0,88.0,-0.9840406976462909,-0.17794354547384147,-0.7818314824680299,0.6234898018587334
17,2026-01-11 17:36:38,1,0.4623433033054033,0.29083333333333333,2.0,17.0,8.0,88.0,-0.9945218953682734,-0.10452846326765336,-0.7818314824680299,0.6234898018587334
17,2026-01-11 17:36:40,1,0.5111229314071416,0.0005555555555555556,3.0,20.0,9.0,91.0,-0.9945218953682734,-0.10452846326765336,-0.7818314824680299,0.6234898018587334
17,2026-01-11 17:40:27,1,0.495214305669934,0.06305555555555556,4.0,21.0,10.0,92.0,-0.9961946980917455,-0.08715574274765825,-0.7818314824680299,0.6234898018587334
17,2026-01-11 17:42:16,1,0.5207779210480965,0.03027777777777778,5.0,21.0,11.0,92.0,-0.996917333733128,-0.07845909572784557,-0.7818314824680299,0.6234898018587334
18,2025-12-08 06:19:48,0,0.3091071603004974,0.0,1.0,3.0,1.0,3.0,0.9965655024977614,-0.08280820751220423,0.0,1.0
18,2025-12-08 19:05:05,0,0.3228277038361396,12.754722222222222,1.0,4.0,2.0,7.0,-0.9600498543859287,0.279829014030992,0.0,1.0
18,2025-12-09 08:23:54,0,0.26957357523519393,13.313611111111111,1.0,1.0,2.0,5.0,0.8115739819650124,-0.5842496656374342,0.7818314824680298,0.6234898018587336
18,2025-12-09 16:50:58,0,0.2626094132061672,8.45111111111111,1.0,1.0,3.0,6.0,-0.9537169507482267,-0.3007057995042738,0.7818314824680298,0.6234898018587336
18,2025-12-09 22:00:08,1,0.3755130621037419,5.152777777777778,2.0,1.0,3.0,2.0,-0.5000000000000004,0.8660254037844384,0.7818314824680298,0.6234898018587336
18,2025-12-09 23:34:14,1,0.4083913160857106,1.5683333333333334,2.0,4.0,4.0,6.0,-0.11320321376790789,0.9935718556765873,0.7818314824680298,0.6234898018587336
18,2025-12-09 23:48:37,0,0.40621975789501136,0.23972222222222223,3.0,9.0,5.0,11.0,-0.05233595624294437,0.9986295347545738,0.7818314824680298,0.6234898018587336
18,2025-12-12 04:59:31,1,0.3922542032323234,24.0,1.0,0.0,1.0,0.0,0.9647873238288129,0.26303121445797495,-0.433883739117558,-0.9009688679024191
18,2025-12-12 05:00:00,1,0.5299272919769714,0.008055555555555555,2.0,1.0,2.0,1.0,0.9659258262890683,0.25881904510252074,-0.433883739117558,-0.9009688679024191
18,2025-12-12 05:02:51,1,0.5121864592402027,0.0475,3.0,2.0,3.0,2.0,0.9681476403781077,0.2503800040544415,-0.433883739117558,-0.9009688679024191
18,2025-12-12 05:13:14,1,0.5375538425013375,0.17305555555555555,4.0,2.0,4.0,2.0,0.9790454724845838,0.20364175114017743,-0.433883739117558,-0.9009688679024191
18,2025-12-12 05:14:12,0,0.48616886623628497,0.01611111111111111,5.0,3.0,5.0,3.0,0.9799247046208296,0.1993679344171972,-0.433883739117558,-0.9009688679024191
18,2025-12-12 18:34:09,0,0.3383573441797433,13.3325,1.0,0.0,6.0,3.0,-0.9890158633619169,0.1478094111296101,-0.433883739117558,-0.9009688679024191
18,2025-12-13 01:37:19,1,0.6185833441281227,7.052777777777778,1.0,0.0,7.0,3.0,0.4107188526134773,0.9117620435770886,-0.9749279121818236,-0.2225209339563146
18,2025-12-13 01:38:19,0,0.4325323865236795,0.016666666666666666,2.0,0.0,8.0,3.0,0.414693242656239,0.9099612708765432,-0.9749279121818236,-0.2225209339563146
18,2025-12-13 20:00:02,1,0.7296800021620067,18.361944444444443,1.0,1.0,3.0,1.0,-0.8660254037844386,0.5000000000000001,-0.9749279121818236,-0.2225209339563146
18,2025-12-13 20:58:42,1,0.5590031015042657,0.9777777777777777,2.0,1.0,4.0,1.0,-0.7132504491541826,0.7009092642998499,-0.9749279121818236,-0.2225209339563146
18,2025-12-13 20:59:38,0,0.12484983979415254,0.015555555555555555,3.0,1991.0,5.0,1991.0,-0.710185375623286,0.7040147244559678,-0.9749279121818236,-0.2225209339563146
18,2025-12-15 13:54:37,0,0.3009258472222683,24.0,1.0,1.0,1.0,1.0,-0.477158760259608,-0.8788171126619656,0.0,1.0
18,2025-12-15 20:27:23,1,0.4217584029570691,6.546111111111111,1.0,5.0,2.0,6.0,-0.8012538126910608,0.598324600570659,0.0,1.0
18,2025-12-15 20:33:47,0,0.42411400690979706,0.10666666666666667,2.0,6.0,3.0,7.0,-0.785316930880745,0.619093949309834,0.0,1.0
18,2025-12-16 01:24:10,0,0.44760567265289347,4.839722222222222,3.0,7.0,4.0,8.0,0.35836794954530027,0.9335804264972017,0.7818314824680298,0.6234898018587336
18,2025-12-16 06:19:55,1,0.4492411884710238,4.929166666666666,2.0,7.0,5.0,14.0,0.9965655024977614,-0.08280820751220423,0.7818314824680298,0.6234898018587336
18,2025-12-16 06:25:35,0,0.4481690206718416,0.09444444444444444,3.0,7.0,6.0,14.0,0.9940563382223196,-0.10886687485196461,0.7818314824680298,0.6234898018587336
18,2025-12-16 12:44:37,0,0.35443183278664014,6.317222222222222,1.0,4.0,7.0,18.0,-0.19080899537654472,-0.981627183447664,0.7818314824680298,0.6234898018587336
18,2025-12-18 13:46:55,0,0.2937026700289811,24.0,1.0,2.0,1.0,2.0,-0.44619781310980877,-0.8949343616020251,0.43388373911755823,-0.900968867902419
18,2025-12-18 16:38:16,0,0.34894812303351685,2.8558333333333334,2.0,3.0,2.0,3.0,-0.9366721892483976,-0.3502073812594676,0.43388373911755823,-0.900968867902419
18,2025-12-18 21:49:47,0,0.39613827412824365,5.191944444444444,2.0,17.0,3.0,19.0,-0.540974471367994,0.8410390129643923,0.43388373911755823,-0.900968867902419
18,2025-12-19 00:06:37,0,0.4325916304767,2.2805555555555554,2.0,17.0,4.0,20.0,0.02617694830787315,0.9996573249755573,-0.433883739117558,-0.9009688679024191
18,2025-12-19 15:49:34,0,0.3824903198315083,15.715833333333334,1.0,8.0,4.0,26.0,-0.8410390129643924,-0.540974471367994,-0.433883739117558,-0.9009688679024191
18,2025-12-20 02:08:53,0,0.5174617500437975,10.321944444444444,1.0,2.0,2.0,10.0,0.5299192642332049,0.848048096156426,-0.9749279121818236,-0.2225209339563146
18,2025-12-20 10:04:52,0,0.5620532105898589,7.933055555555556,1.0,7.0,3.0,17.0,0.48480962024633717,-0.8746197071393957,-0.9749279121818236,-0.2225209339563146
18,2025-12-21 07:24:06,1,0.3172264503788498,21.320555555555554,1.0,2.0,2.0,9.0,0.9335804264972017,-0.35836794954530027,-0.7818314824680299,0.6234898018587334
18,2025-12-21 07:31:22,0,0.5370908737761358,0.12111111111111111,2.0,20.0,3.0,27.0,0.9222009716704519,-0.3867109616368205,-0.7818314824680299,0.6234898018587334
18,2025-12-21 10:07:24,0,0.5677810501533243,2.6005555555555557,3.0,21.0,3.0,21.0,0.4733196671848435,-0.8808907382053855,-0.7818314824680299,0.6234898018587334
18,2025-12-21 14:14:10,1,0.40391555270318646,4.112777777777778,2.0,1.0,4.0,21.0,-0.5519369853120577,-0.8338858220671685,-0.7818314824680299,0.6234898018587334
18,2025-12-21 14:36:25,1,0.4995205411972784,0.37083333333333335,3.0,1.0,5.0,21.0,-0.6293203910498373,-0.7771459614569711,-0.7818314824680299,0.6234898018587334
18,2025-12-21 14:45:37,1,0.6325534567532727,0.15333333333333332,4.0,8.0,6.0,28.0,-0.6593458151000688,-0.7518398074789775,-0.7818314824680299,0.6234898018587334
18,2025-12-21 15:19:08,1,0.638212885991697,0.5586111111111111,5.0,18.0,7.0,38.0,-0.7632324697825289,-0.6461239796429639,-0.7818314824680299,0.6234898018587334
18,2025-12-21 15:29:41,1,0.7752406745494643,0.17583333333333334,6.0,18.0,8.0,38.0,-0.7906895737438433,-0.6122172800344493,-0.7818314824680299,0.6234898018587334
18,2025-12-21 15:29:48,1,0.8228007751736025,0.0019444444444444444,7.0,18.0,9.0,38.0,-0.7906895737438433,-0.6122172800344493,-0.7818314824680299,0.6234898018587334
18,2025-12-21 15:29:58,1,0.826051305449903,0.002777777777777778,8.0,19.0,10.0,39.0,-0.7906895737438433,-0.6122172800344493,-0.7818314824680299,0.6234898018587334
18,2025-12-21 15:30:07,1,0.8262756307887459,0.0025,9.0,21.0,11.0,41.0,-0.7933533402912349,-0.6087614290087209,-0.7818314824680299,0.6234898018587334
18,2025-12-21 15:33:13,1,0.8012467379583755,0.051666666666666666,10.0,26.0,12.0,46.0,-0.8012538126910606,-0.5983246005706593,-0.7818314824680299,0.6234898018587334
18,2025-12-21 15:38:37,1,0.8105762274727263,0.09,11.0,26.0,13.0,46.0,-0.8141155183563193,-0.5807029557109396,-0.7818314824680299,0.6234898018587334
18,2025-12-21 15:38:49,1,0.8657218220787992,0.0033333333333333335,12.0,27.0,14.0,47.0,-0.8141155183563193,-0.5807029557109396,-0.7818314824680299,0.6234898018587334
18,2025-12-21 17:04:58,1,0.427829001764209,1.4358333333333333,12.0,27.0,15.0,48.0,-0.9702957262759965,-0.24192189559966779,-0.7818314824680299,0.6234898018587334
18,2025-12-21 17:05:57,1,0.6490526276925753,0.01638888888888889,13.0,27.0,16.0,48.0,-0.9713420698132613,-0.23768589232617343,-0.7818314824680299,0.6234898018587334
18,2025-12-21 17:06:01,0,0.6519688493287334,0.0011111111111111111,14.0,27.0,17.0,48.0,-0.9723699203976767,-0.23344536385590514,-0.7818314824680299,0.6234898018587334
18,2025-12-21 19:40:45,0,0.34115339060002287,2.578888888888889,15.0,28.0,18.0,49.0,-0.9063077870366498,0.4226182617406996,-0.7818314824680299,0.6234898018587334
18,2025-12-21 22:45:17,1,0.3905211294154225,3.0755555555555554,5.0,3.0,19.0,50.0,-0.32143946530316186,0.9469301294951056,-0.7818314824680299,0.6234898018587334
18,2025-12-21 23:45:48,1,0.41913281669739044,1.0086111111111111,3.0,3.0,20.0,51.0,-0.0654031292301428,0.9978589232386035,-0.7818314824680299,0.6234898018587334
18,2025-12-22 00:35:09,1,0.4833844513871785,0.8225,4.0,3.0,21.0,51.0,0.15212338618991672,0.9883615104677607,0.0,1.0
18,2025-12-22 01:04:11,1,0.5229463982606903,0.48388888888888887,5.0,3.0,22.0,51.0,0.27563735581699916,0.9612616959383189,0.0,1.0
18,2025-12-22 01:04:44,1,0.6789658902725134,0.009166666666666667,6.0,3.0,23.0,51.0,0.27563735581699916,0.9612616959383189,0.0,1.0
18,2025-12-22 01:58:11,1,0.676866533608764,0.8908333333333334,6.0,2.0,24.0,51.0,0.49242356010346716,0.8703556959398997,0.0,1.0
18,2025-12-22 02:28:34,1,0.6817407595748126,0.5063888888888889,7.0,2.0,25.0,51.0,0.6018150231520483,0.7986355100472928,0.0,1.0
18,2025-12-22 02:29:24,1,0.6996960642402789,0.013888888888888888,8.0,3.0,26.0,52.0,0.6052939880428945,0.796002002534622,0.0,1.0
18,2025-12-22 03:00:32,1,0.7070284693091402,0.5188888888888888,9.0,5.0,27.0,54.0,0.7071067811865475,0.7071067811865476,0.0,1.0
18,2025-12-22 03:34:10,1,0.7216497198672173,0.5605555555555556,10.0,8.0,28.0,57.0,0.8038568606172173,0.5948227867513414,0.0,1.0
18,2025-12-22 05:12:37,1,0.45244072152721626,1.6408333333333334,10.0,8.0,29.0,58.0,0.9781476007338056,0.20791169081775945,0.0,1.0
18,2025-12-22 05:13:29,0,0.6412225892872937,0.014444444444444444,11.0,8.0,30.0,58.0,0.9790454724845838,0.20364175114017743,0.0,1.0
18,2025-12-22 08:11:03,1,0.5213287255267335,2.9594444444444443,7.0,7.0,29.0,38.0,0.8410390129643925,-0.5409744713679938,0.0,1.0
18,2025-12-22 08:11:20,1,0.7758862753162251,0.004722222222222222,8.0,7.0,30.0,38.0,0.8410390129643925,-0.5409744713679938,0.0,1.0
18,2025-12-22 08:14:51,0,0.7986453659424338,0.058611111111111114,9.0,12.0,31.0,43.0,0.8338858220671684,-0.5519369853120578,0.0,1.0
18,2025-12-22 12:15:19,1,0.569945444994354,4.007777777777778,4.0,6.0,31.0,43.0,-0.06540312923014287,-0.9978589232386035,0.0,1.0
18,2025-12-22 12:16:24,1,0.5842013488940259,0.018055555555555554,5.0,32.0,32.0,69.0,-0.06975647374412572,-0.9975640502598242,0.0,1.0
18,2025-12-22 12:44:09,0,0.7358766738771143,0.4625,6.0,32.0,33.0,69.0,-0.19080899537654472,-0.981627183447664,0.0,1.0
18,2026-01-08 09:53:28,0,0.4070628777046831,24.0,1.0,0.0,1.0,0.0,0.5262139236518698,-0.8503522249955627,0.43388373911755823,-0.900968867902419
18,2026-01-09 09:25:30,0,0.4025682563490044,23.53388888888889,1.0,36.0,2.0,36.0,0.6259234721840592,-0.7798844830928817,-0.433883739117558,-0.9009688679024191
18,2026-01-10 06:42:59,0,0.4158531620689077,21.29138888888889,1.0,33.0,2.0,69.0,0.9832549075639546,-0.18223552549214753,-0.9749279121818236,-0.2225209339563146
18,2026-01-10 09:08:24,1,0.49143931784315575,2.423611111111111,2.0,35.0,3.0,71.0,0.6819983600624986,-0.7313537016191705,-0.9749279121818236,-0.2225209339563146
18,2026-01-10 09:43:03,1,0.598253055966407,0.5775,3.0,36.0,3.0,36.0,0.5628049276950684,-0.8265897491271887,-0.9749279121818236,-0.2225209339563146
18,2026-01-10 09:53:53,1,0.62553657816721,0.18055555555555555,4.0,37.0,4.0,37.0,0.5262139236518698,-0.8503522249955627,-0.9749279121818236,-0.2225209339563146
18,2026-01-10 11:09:28,0,0.5605741443170497,1.2597222222222222,5.0,89.0,5.0,89.0,0.22069743502150113,-0.9753423205085127,-0.9749279121818236,-0.2225209339563146
18,2026-01-11 00:27:46,0,0.39131916245332027,13.305,1.0,3.0,6.0,92.0,0.11753739745783764,0.9930684569549263,-0.7818314824680299,0.6234898018587334
18,2026-01-11 11:10:52,0,0.39639805594640415,10.718333333333334,1.0,1.0,2.0,4.0,0.21643961393810318,-0.9762960071199333,-0.7818314824680299,0.6234898018587334
18,2026-01-11 13:31:46,0,0.4710117609659031,2.348333333333333,2.0,4.0,3.0,7.0,-0.38671096163682106,-0.9222009716704517,-0.7818314824680299,0.6234898018587334
19,2025-12-07 05:27:28,1,0.4846853551771939,0.0,1.0,0.0,1.0,0.0,0.9896513868196702,0.1434926219911793,-0.7818314824680299,0.6234898018587334
19,2025-12-07 05:27:53,1,0.5154298183803087,0.006944444444444444,2.0,1.0,2.0,1.0,0.9896513868196702,0.1434926219911793,-0.7818314824680299,0.6234898018587334
19,2025-12-07 05:28:47,0,0.4807090532010122,0.015,3.0,2.0,3.0,2.0,0.9902680687415704,0.13917310096006547,-0.7818314824680299,0.6234898018587334
19,2025-12-08 19:09:42,0,0.2843104176908751,24.0,1.0,2.0,1.0,2.0,-0.955019944457187,0.2965415749755698,0.0,1.0
19,2025-12-10 01:40:21,0,0.3246592192272606,24.0,1.0,21.0,1.0,21.0,0.4226182617406994,0.9063077870366499,0.9749279121818236,-0.22252093395631434
19,2025-12-10 08:58:35,0,0.3414792740355329,7.303888888888889,1.0,5.0,2.0,26.0,0.7132504491541816,-0.7009092642998509,0.9749279121818236,-0.22252093395631434
19,2025-12-11 00:11:21,1,0.4802011415267968,15.212777777777777,1.0,15.0,3.0,41.0,0.047978128521343935,0.9988483864849507,0.43388373911755823,-0.900968867902419
19,2025-12-11 02:09:47,0,0.4249365763912806,1.9738888888888888,2.0,29.0,3.0,34.0,0.5336145159156115,0.8457278217039733,0.43388373911755823,-0.900968867902419
19,2025-12-12 17:24:57,1,0.4601008075876421,24.0,1.0,6.0,1.0,6.0,-0.9876883405951377,-0.15643446504023104,-0.433883739117558,-0.9009688679024191
19,2025-12-12 18:19:10,0,0.4149950506174969,0.9036111111111111,2.0,6.0,2.0,6.0,-0.9965655024977614,0.08280820751220433,-0.433883739117558,-0.9009688679024191
19,2025-12-13 11:24:36,0,0.4840631291788824,17.090555555555557,1.0,2.0,3.0,8.0,0.15643446504023054,-0.9876883405951378,-0.9749279121818236,-0.2225209339563146
19,2025-12-13 20:53:03,0,0.5501213790511497,9.474166666666667,1.0,0.0,2.0,2.0,-0.7283709698824009,0.6851829903263584,-0.9749279121818236,-0.2225209339563146
19,2025-12-14 02:02:24,0,0.402982492179057,5.155833333333334,2.0,4.0,3.0,6.0,0.5075383629607041,0.8616291604415258,-0.7818314824680299,0.6234898018587334
19,2025-12-14 17:23:07,0,0.33115752621260147,15.345277777777778,1.0,1.0,3.0,5.0,-0.9869963665602318,-0.16074256560382688,-0.7818314824680299,0.6234898018587334
19,2025-12-14 22:55:00,0,0.37442253475129533,5.5313888888888885,2.0,2.0,3.0,6.0,-0.2798290140309924,0.9600498543859286,-0.7818314824680299,0.6234898018587334
19,2025-12-17 04:02:29,0,0.3190824441818558,24.0,1.0,1.0,1.0,1.0,0.8703556959398996,0.49242356010346733,0.9749279121818236,-0.22252093395631434
19,2025-12-17 14:03:02,0,0.3112646475670299,10.009166666666667,1.0,4.0,2.0,5.0,-0.5112930860770519,-0.8594064115014528,0.9749279121818236,-0.22252093395631434
19,2025-12-18 00:21:47,0,0.3478824093586674,10.3125,1.0,2.0,3.0,7.0,0.09150161866340238,0.9958049275746618,0.43388373911755823,-0.900968867902419
19,2025-12-18 05:30:27,1,0.39618927760466266,5.144444444444445,2.0,2.0,3.0,6.0,0.9914448613738104,0.1305261922200517,0.43388373911755823,-0.900968867902419
19,2025-12-18 05:30:52,1,0.4578303216661573,0.006944444444444444,3.0,3.0,4.0,7.0,0.9914448613738104,0.1305261922200517,0.43388373911755823,-0.900968867902419
19,2025-12-18 05:31:56,1,0.5153014502970797,0.017777777777777778,4.0,3.0,5.0,7.0,0.992004949679715,0.12619896913582995,0.43388373911755823,-0.900968867902419
19,2025-12-18 07:10:29,1,0.5561616476042323,1.6425,4.0,3.0,6.0,9.0,0.9537169507482269,-0.30070579950427295,0.43388373911755823,-0.900968867902419
19,2025-12-18 07:13:08,1,0.6180080825256845,0.04416666666666667,5.0,4.0,7.0,10.0,0.949699126201877,-0.3131638064837494,0.43388373911755823,-0.900968867902419
19,2025-12-18 07:15:36,1,0.8573331323585472,0.04111111111111111,6.0,6.0,8.0,12.0,0.9469301294951057,-0.3214394653031616,0.43388373911755823,-0.900968867902419
19,2025-12-18 07:18:06,1,0.8648642498546408,0.041666666666666664,7.0,6.0,9.0,12.0,0.9426414910921784,-0.3338068592337708,0.43388373911755823,-0.900968867902419
19,2025-12-18 07:20:11,1,0.8717910242264496,0.034722222222222224,8.0,6.0,10.0,12.0,0.9396926207859084,-0.3420201433256685,0.43388373911755823,-0.900968867902419
19,2025-12-18 07:21:57,1,0.8838647343212994,0.029444444444444443,9.0,7.0,11.0,13.0,0.9381913359224842,-0.3461170570774929,0.43388373911755823,-0.900968867902419
19,2025-12-18 07:24:09,1,0.9020957180144472,0.03666666666666667,10.0,7.0,12.0,13.0,0.9335804264972017,-0.35836794954530027,0.43388373911755823,-0.900968867902419
19,2025-12-18 07:25:35,1,0.9203421191632153,0.02388888888888889,11.0,7.0,13.0,13.0,0.9320078692827986,-0.3624380382837016,0.43388373911755823,-0.900968867902419
19,2025-12-18 07:25:59,1,0.9223590353197376,0.006666666666666667,12.0,7.0,14.0,13.0,0.9320078692827986,-0.3624380382837016,0.43388373911755823,-0.900968867902419
19,2025-12-18 07:27:26,1,0.9267349850533431,0.024166666666666666,13.0,7.0,15.0,13.0,0.9288095528719242,-0.3705574375098363,0.43388373911755823,-0.900968867902419
19,2025-12-18 07:29:06,1,0.9286596873939236,0.027777777777777776,14.0,8.0,16.0,14.0,0.9255405040175664,-0.37864861735243294,0.43388373911755823,-0.900968867902419
19,2025-12-18 07:34:46,1,0.8985880847282272,0.09444444444444444,15.0,9.0,17.0,15.0,0.917060074385124,-0.39874906892524614,0.43388373911755823,-0.900968867902419
19,2025-12-18 07:35:17,1,0.9256384593597287,0.008611111111111111,16.0,9.0,18.0,15.0,0.9153114791194472,-0.40274668985873713,0.43388373911755823,-0.900968867902419
19,2025-12-18 07:35:32,0,0.7280310005659867,0.004166666666666667,17.0,59.0,19.0,65.0,0.9153114791194472,-0.40274668985873713,0.43388373911755823,-0.900968867902419
19,2025-12-18 10:19:33,0,0.4393828742123015,2.733611111111111,18.0,61.0,20.0,67.0,0.42656873990145855,-0.9044551454543679,0.43388373911755823,-0.900968867902419
19,2025-12-18 15:29:34,0,0.29417607943908747,5.166944444444445,2.0,3.0,20.0,64.0,-0.7906895737438433,-0.6122172800344493,0.43388373911755823,-0.900968867902419
19,2025-12-18 19:34:39,0,0.3290778718840731,4.084722222222222,2.0,3.0,21.0,66.0,-0.917060074385124,0.39874906892524625,0.43388373911755823,-0.900968867902419
19,2025-12-19 01:24:10,1,0.3981952517182683,5.825277777777778,2.0,3.0,21.0,65.0,0.35836794954530027,0.9335804264972017,-0.433883739117558,-0.9009688679024191
19,2025-12-19 01:25:40,0,0.4429428161020622,0.025,3.0,4.0,22.0,66.0,0.36243803828370164,0.9320078692827986,-0.433883739117558,-0.9009688679024191
19,2026-01-08 11:24:08,1,0.4491871439242403,24.0,1.0,0.0,1.0,0.0,0.15643446504023054,-0.9876883405951378,0.43388373911755823,-0.900968867902419
19,2026-01-08 11:26:14,1,0.5569307367860997,0.035,2.0,0.0,2.0,0.0,0.14780941112961038,-0.9890158633619168,0.43388373911755823,-0.900968867902419
19,2026-01-08 11:26:33,1,0.530835048223907,0.005277777777777778,3.0,0.0,3.0,0.0,0.14780941112961038,-0.9890158633619168,0.43388373911755823,-0.900968867902419
19,2026-01-08 11:27:24,1,0.5477604669226026,0.014166666666666666,4.0,0.0,4.0,0.0,0.1434926219911798,-0.9896513868196701,0.43388373911755823,-0.900968867902419
19,2026-01-08 11:28:05,1,0.5465451627226634,0.01138888888888889,5.0,0.0,5.0,0.0,0.13917310096006574,-0.9902680687415703,0.43388373911755823,-0.900968867902419
19,2026-01-08 11:28:17,0,0.7085893641887039,0.0033333333333333335,6.0,1.0,6.0,1.0,0.13917310096006574,-0.9902680687415703,0.43388373911755823,-0.900968867902419
19,2026-01-10 06:13:36,1,0.49279969003868146,24.0,1.0,1.0,1.0,1.0,0.9983916705573488,-0.05669278756337747,-0.9749279121818236,-0.2225209339563146
19,2026-01-10 06:13:36,1,0.5048738110247531,24.0,1.0,1.0,2.0,2.0,0.9983916705573488,-0.05669278756337747,-0.9749279121818236,-0.2225209339563146
19,2026-01-10 06:13:36,1,0.5244987723753066,24.0,2.0,2.0,1.0,1.0,0.9983916705573488,-0.05669278756337747,-0.9749279121818236,-0.2225209339563146
19,2026-01-10 06:13:36,1,0.5365728933613783,24.0,2.0,2.0,2.0,2.0,0.9983916705573488,-0.05669278756337747,-0.9749279121818236,-0.2225209339563146
19,2026-01-10 06:13:36,1,0.44242259053628014,0.0,1.0,1.0,1.0,1.0,0.9983916705573488,-0.05669278756337747,-0.9749279121818236,-0.2225209339563146
19,2026-01-10 06:13:36,1,0.4833015000229469,0.0,1.0,1.0,2.0,2.0,0.9983916705573488,-0.05669278756337747,-0.9749279121818236,-0.2225209339563146
19,2026-01-10 06:13:36,1,0.49898782235301486,0.0,2.0,2.0,1.0,1.0,0.9983916705573488,-0.05669278756337747,-0.9749279121818236,-0.2225209339563146
19,2026-01-10 06:13:36,1,0.5348667318396817,0.0,2.0,2.0,2.0,2.0,0.9983916705573488,-0.05669278756337747,-0.9749279121818236,-0.2225209339563146
20,2025-12-07 03:00:55,0,0.3416057760924199,0.0,1.0,3.0,1.0,3.0,0.7071067811865475,0.7071067811865476,-0.7818314824680299,0.6234898018587334
20,2025-12-07 13:12:23,1,0.43765634342012627,10.19111111111111,1.0,0.0,2.0,3.0,-0.3090169943749473,-0.9510565162951536,-0.7818314824680299,0.6234898018587334
20,2025-12-07 13:13:02,0,0.48855555869368955,0.010833333333333334,2.0,0.0,3.0,3.0,-0.3131638064837496,-0.949699126201877,-0.7818314824680299,0.6234898018587334
20,2025-12-08 02:09:34,1,0.4067655253853962,12.942222222222222,1.0,0.0,4.0,3.0,0.5336145159156115,0.8457278217039733,0.0,1.0
20,2025-12-08 02:10:22,1,0.4752596368291946,0.013333333333333334,2.0,0.0,5.0,3.0,0.5372996083468238,0.8433914458128857,0.0,1.0
20,2025-12-08 02:10:59,0,0.4317550598642812,0.010277777777777778,3.0,1.0,6.0,4.0,0.5372996083468238,0.8433914458128857,0.0,1.0
20,2025-12-08 11:02:55,1,0.4523469816825708,8.865555555555556,1.0,3.0,6.0,4.0,0.2503800040544418,-0.9681476403781076,0.0,1.0
20,2025-12-08 11:05:07,1,0.5959137820341754,0.03666666666666667,2.0,5.0,7.0,6.0,0.23768589232617293,-0.9713420698132614,0.0,1.0
20,2025-12-08 11:07:12,1,0.5994032700129658,0.034722222222222224,3.0,5.0,8.0,6.0,0.22920039092241454,-0.9733792584604484,0.0,1.0
20,2025-12-08 11:07:56,1,0.7123120893268361,0.012222222222222223,4.0,7.0,9.0,8.0,0.22920039092241454,-0.9733792584604484,0.0,1.0
20,2025-12-08 11:09:13,1,0.7160035177891886,0.021388888888888888,5.0,7.0,10.0,8.0,0.22069743502150113,-0.9753423205085127,0.0,1.0
20,2025-12-08 11:09:42,1,0.8628568991526474,0.008055555555555555,6.0,7.0,11.0,8.0,0.22069743502150113,-0.9753423205085127,0.0,1.0
20,2025-12-08 11:09:59,1,0.8598229249301386,0.004722222222222222,7.0,8.0,12.0,9.0,0.22069743502150113,-0.9753423205085127,0.0,1.0
20,2025-12-08 11:10:07,0,0.4398409437873226,0.0022222222222222222,8.0,1486.0,13.0,1487.0,0.21643961393810318,-0.9762960071199333,0.0,1.0
20,2025-12-09 13:07:20,1,0.5119773980379382,24.0,1.0,7.0,1.0,7.0,-0.2881962681340892,-0.9575713608048144,0.7818314824680298,0.6234898018587336
20,2025-12-09 13:14:48,1,0.5772141945141275,0.12444444444444444,2.0,11.0,2.0,11.0,-0.3173046564050919,-0.9483236552061994,0.7818314824680298,0.6234898018587336
20,2025-12-09 13:18:16,1,0.5743700097010971,0.057777777777777775,3.0,11.0,3.0,11.0,-0.33380685923377096,-0.9426414910921784,0.7818314824680298,0.6234898018587336
20,2025-12-09 13:18:19,1,0.6411551110314184,0.0008333333333333334,4.0,11.0,4.0,11.0,-0.33380685923377096,-0.9426414910921784,0.7818314824680298,0.6234898018587336
20,2025-12-09 13:18:22,1,0.6768387104342654,0.0008333333333333334,5.0,11.0,5.0,11.0,-0.33380685923377096,-0.9426414910921784,0.7818314824680298,0.6234898018587336
20,2025-12-09 13:18:39,1,0.8739612964815564,0.004722222222222222,6.0,11.0,6.0,11.0,-0.33380685923377096,-0.9426414910921784,0.7818314824680298,0.6234898018587336
20,2025-12-09 13:18:42,1,0.8926090477314554,0.0008333333333333334,7.0,11.0,7.0,11.0,-0.33380685923377096,-0.9426414910921784,0.7818314824680298,0.6234898018587336
20,2025-12-09 13:18:46,1,0.9132532707246921,0.0011111111111111111,8.0,11.0,8.0,11.0,-0.33380685923377096,-0.9426414910921784,0.7818314824680298,0.6234898018587336
20,2025-12-09 13:18:48,1,0.9140545409473682,0.0005555555555555556,9.0,11.0,9.0,11.0,-0.33380685923377096,-0.9426414910921784,0.7818314824680298,0.6234898018587336
20,2025-12-09 13:18:57,1,0.9263135386918807,0.0025,10.0,12.0,10.0,12.0,-0.33380685923377096,-0.9426414910921784,0.7818314824680298,0.6234898018587336
20,2025-12-09 13:19:21,1,0.9291608193739407,0.006666666666666667,11.0,12.0,11.0,12.0,-0.3379167180033272,-0.9411760152563705,0.7818314824680298,0.6234898018587336
20,2025-12-09 13:19:22,1,0.9362063657300527,0.0002777777777777778,12.0,12.0,12.0,12.0,-0.3379167180033272,-0.9411760152563705,0.7818314824680298,0.6234898018587336
20,2025-12-09 13:19:26,1,0.9437763940268283,0.0011111111111111111,13.0,12.0,13.0,12.0,-0.3379167180033272,-0.9411760152563705,0.7818314824680298,0.6234898018587336
20,2025-12-09 13:19:27,1,0.941325056203291,0.0002777777777777778,14.0,12.0,14.0,12.0,-0.3379167180033272,-0.9411760152563705,0.7818314824680298,0.6234898018587336
20,2025-12-09 13:19:30,1,0.950387121678135,0.0008333333333333334,15.0,12.0,15.0,12.0,-0.3379167180033272,-0.9411760152563705,0.7818314824680298,0.6234898018587336
20,2025-12-09 13:19:33,1,0.9532954123173089,0.0008333333333333334,16.0,13.0,16.0,13.0,-0.3379167180033272,-0.9411760152563705,0.7818314824680298,0.6234898018587336
20,2025-12-09 13:20:56,1,0.9423992857817111,0.023055555555555555,17.0,13.0,17.0,13.0,-0.34202014332566866,-0.9396926207859084,0.7818314824680298,0.6234898018587336
20,2025-12-09 13:21:00,1,0.9525088562792794,0.0011111111111111111,18.0,14.0,18.0,14.0,-0.34611705707749263,-0.9381913359224843,0.7818314824680298,0.6234898018587336
20,2025-12-09 13:22:10,1,0.9335600258101688,0.019444444444444445,19.0,14.0,19.0,14.0,-0.3502073812594677,-0.9366721892483976,0.7818314824680298,0.6234898018587336
20,2025-12-09 13:22:13,1,0.955293297091431,0.0008333333333333334,20.0,14.0,20.0,14.0,-0.3502073812594677,-0.9366721892483976,0.7818314824680298,0.6234898018587336
20,2025-12-09 13:22:15,1,0.9559032931559724,0.0005555555555555556,21.0,14.0,21.0,14.0,-0.3502073812594677,-0.9366721892483976,0.7818314824680298,0.6234898018587336
20,2025-12-09 13:22:19,1,0.9464711203331824,0.0011111111111111111,22.0,16.0,22.0,16.0,-0.3502073812594677,-0.9366721892483976,0.7818314824680298,0.6234898018587336
20,2025-12-09 13:24:58,1,0.9194308661630398,0.04416666666666667,23.0,19.0,23.0,19.0,-0.35836794954530043,-0.9335804264972016,0.7818314824680298,0.6234898018587336
20,2025-12-09 14:26:22,1,0.8659352089113115,1.0233333333333334,24.0,19.0,24.0,19.0,-0.5948227867513411,-0.8038568606172175,0.7818314824680298,0.6234898018587336
20,2025-12-09 14:26:37,1,0.9150989516398262,0.004166666666666667,25.0,21.0,25.0,21.0,-0.5948227867513411,-0.8038568606172175,0.7818314824680298,0.6234898018587336
20,2025-12-09 14:43:22,1,0.8895853373121811,0.2791666666666667,26.0,24.0,26.0,24.0,-0.6527597524627221,-0.7575649843840498,0.7818314824680298,0.6234898018587336
20,2025-12-09 14:48:52,1,0.8692303509455634,0.09166666666666666,27.0,28.0,27.0,28.0,-0.6691306063588582,-0.7431448254773942,0.7818314824680298,0.6234898018587336
20,2025-12-09 15:15:32,1,0.8241925641219526,0.4444444444444444,28.0,31.0,28.0,31.0,-0.7518398074789773,-0.6593458151000691,0.7818314824680298,0.6234898018587336
20,2025-12-09 16:48:35,0,0.40382274766756054,1.5508333333333333,29.0,32.0,29.0,32.0,-0.9510565162951535,-0.30901699437494756,0.7818314824680298,0.6234898018587336
20,2025-12-09 22:29:23,1,0.5815762550106887,5.68,2.0,7.0,30.0,38.0,-0.38671096163682017,0.922200971670452,0.7818314824680298,0.6234898018587336
20,2025-12-09 22:35:31,1,0.6916510455071238,0.10222222222222223,3.0,7.0,31.0,38.0,-0.36243803828370186,0.9320078692827984,0.7818314824680298,0.6234898018587336
20,2025-12-09 22:35:31,1,0.6947215933138753,0.10222222222222223,3.0,7.0,32.0,38.0,-0.36243803828370186,0.9320078692827984,0.7818314824680298,0.6234898018587336
20,2025-12-09 22:35:31,1,0.7162953463586337,0.10222222222222223,4.0,7.0,31.0,38.0,-0.36243803828370186,0.9320078692827984,0.7818314824680298,0.6234898018587336
20,2025-12-09 22:35:31,1,0.7162953463586337,0.10222222222222223,4.0,7.0,32.0,38.0,-0.36243803828370186,0.9320078692827984,0.7818314824680298,0.6234898018587336
20,2025-12-09 22:35:31,1,0.7752527206167553,0.0,3.0,7.0,31.0,38.0,-0.36243803828370186,0.9320078692827984,0.7818314824680298,0.6234898018587336
20,2025-12-09 22:35:31,1,0.7800170648790505,0.0,3.0,7.0,32.0,38.0,-0.36243803828370186,0.9320078692827984,0.7818314824680298,0.6234898018587336
20,2025-12-09 22:35:31,1,0.8077926968579487,0.0,4.0,7.0,31.0,38.0,-0.36243803828370186,0.9320078692827984,0.7818314824680298,0.6234898018587336
20,2025-12-09 22:35:31,1,0.8077926968579487,0.0,4.0,7.0,32.0,38.0,-0.36243803828370186,0.9320078692827984,0.7818314824680298,0.6234898018587336
20,2025-12-09 22:47:37,0,0.603367028591594,0.20166666666666666,5.0,7.0,33.0,38.0,-0.31316380648374953,0.949699126201877,0.7818314824680298,0.6234898018587336
20,2025-12-10 04:33:18,0,0.3293174333865164,5.761388888888889,4.0,3.0,34.0,41.0,0.9288095528719241,0.3705574375098364,0.9749279121818236,-0.22252093395631434
20,2025-12-10 19:36:37,0,0.28991131723835595,15.055277777777778,1.0,1.0,6.0,10.0,-0.9135454576426008,0.40673664307580054,0.9749279121818236,-0.22252093395631434
20,2025-12-11 01:23:10,0,0.399021490463545,5.775833333333333,2.0,15.0,3.0,18.0,0.3542910379977158,0.9351352096860117,0.43388373911755823,-0.900968867902419
20,2025-12-11 03:32:38,1,0.43682440896925817,2.1577777777777776,2.0,15.0,4.0,19.0,0.7986355100472927,0.6018150231520484,0.43388373911755823,-0.900968867902419
20,2025-12-11 05:12:27,1,0.455482377668914,1.6636111111111112,3.0,17.0,4.0,18.0,0.9781476007338056,0.20791169081775945,0.43388373911755823,-0.900968867902419
20,2025-12-11 05:16:53,0,0.48307591665913097,0.07388888888888889,4.0,18.0,5.0,19.0,0.981627183447664,0.1908089953765447,0.43388373911755823,-0.900968867902419
20,2025-12-11 10:20:25,1,0.5404561033109165,5.058888888888889,3.0,5.0,6.0,21.0,0.4226182617406995,-0.9063077870366499,0.43388373911755823,-0.900968867902419
20,2025-12-11 10:36:48,1,0.653905367045114,0.27305555555555555,4.0,8.0,7.0,24.0,0.35836794954530066,-0.9335804264972016,0.43388373911755823,-0.900968867902419
20,2025-12-11 11:49:55,0,0.4748476517527356,1.218611111111111,3.0,9.0,8.0,28.0,0.04797812852134419,-0.9988483864849507,0.43388373911755823,-0.900968867902419
20,2025-12-11 14:12:55,0,0.5759587274514942,2.3833333333333333,4.0,13.0,9.0,32.0,-0.5446390350150268,-0.8386705679454243,0.43388373911755823,-0.900968867902419
20,2025-12-11 23:03:41,1,0.46716008657264096,8.846111111111112,1.0,6.0,9.0,37.0,-0.24615329302899291,0.9692309097067544,0.43388373911755823,-0.900968867902419
20,2025-12-12 00:40:45,1,0.5592539916115775,1.6177777777777778,2.0,9.0,10.0,40.0,0.17364817766693033,0.984807753012208,-0.433883739117558,-0.9009688679024191
20,2025-12-12 00:43:57,1,0.5899017629040213,0.05333333333333334,3.0,11.0,11.0,42.0,0.1865240360087346,0.9824503977255098,-0.433883739117558,-0.9009688679024191
20,2025-12-12 01:32:26,1,0.5810266681100209,0.8080555555555555,4.0,12.0,11.0,29.0,0.3907311284892737,0.9205048534524404,-0.433883739117558,-0.9009688679024191
20,2025-12-12 02:16:25,1,0.5742294285810029,0.7330555555555556,5.0,12.0,12.0,29.0,0.5591929034707468,0.8290375725550417,-0.433883739117558,-0.9009688679024191
20,2025-12-12 02:25:14,1,0.7281807769994293,0.14694444444444443,6.0,13.0,13.0,30.0,0.5913096483635824,0.8064446042674827,-0.433883739117558,-0.9009688679024191
20,2025-12-12 03:06:40,1,0.685493437067872,0.6905555555555556,7.0,13.0,14.0,30.0,0.7253743710122876,0.6883545756937539,-0.433883739117558,-0.9009688679024191
20,2025-12-12 03:07:24,1,0.767195289136581,0.012222222222222223,8.0,13.0,15.0,30.0,0.7283709698824002,0.6851829903263592,-0.433883739117558,-0.9009688679024191
20,2025-12-12 05:02:06,0,0.3619075088022675,1.9116666666666666,9.0,13.0,15.0,29.0,0.9681476403781077,0.2503800040544415,-0.433883739117558,-0.9009688679024191
20,2025-12-12 22:36:28,1,0.4167990034922734,17.572777777777777,1.0,1.0,10.0,14.0,-0.35836794954529994,0.9335804264972019,-0.433883739117558,-0.9009688679024191
20,2025-12-12 22:39:42,1,0.514267493118758,0.05388888888888889,2.0,2.0,11.0,15.0,-0.3461170570774934,0.9381913359224839,-0.433883739117558,-0.9009688679024191
20,2025-12-13 00:34:51,1,0.597544710705439,1.9191666666666667,3.0,3.0,11.0,10.0,0.1478094111296106,0.9890158633619168,-0.9749279121818236,-0.2225209339563146
20,2025-12-13 01:59:39,0,0.4572917727249583,1.4133333333333333,4.0,4.0,9.0,5.0,0.4962165036752082,0.8681988144891423,-0.9749279121818236,-0.2225209339563146
20,2025-12-13 20:01:47,1,0.7148094469799899,18.035555555555554,1.0,1.0,5.0,5.0,-0.8638355052043958,0.5037739770455262,-0.9749279121818236,-0.2225209339563146
20,2025-12-13 20:05:31,0,0.4821812705361668,0.06222222222222222,2.0,2.0,6.0,6.0,-0.8549118706729468,0.5187732581605211,-0.9749279121818236,-0.2225209339563146
20,2025-12-14 00:38:26,1,0.5489611114085411,4.548611111111111,3.0,10.0,4.0,11.0,0.16504760586067763,0.9862856015372314,-0.7818314824680299,0.6234898018587334
20,2025-12-14 00:47:09,0,0.5059091365116114,0.14527777777777778,4.0,10.0,5.0,11.0,0.2036417511401775,0.9790454724845838,-0.7818314824680299,0.6234898018587334
20,2025-12-14 03:59:36,0,0.4232897369389002,3.2075,3.0,8.0,5.0,10.0,0.8638355052043957,0.5037739770455263,-0.7818314824680299,0.6234898018587334
20,2025-12-14 06:16:21,1,0.5336516160439632,2.279166666666667,4.0,8.0,6.0,10.0,0.9975640502598242,-0.06975647374412533,-0.7818314824680299,0.6234898018587334
20,2025-12-14 07:35:06,0,0.4554012474798091,1.3125,3.0,2.0,7.0,12.0,0.9153114791194472,-0.40274668985873713,-0.7818314824680299,0.6234898018587334
20,2025-12-15 06:52:58,0,0.30712095453462646,23.297777777777778,1.0,0.0,2.0,2.0,0.9743700647852352,-0.22495105434386503,0.0,1.0
20,2025-12-16 23:44:21,1,0.40870859194866666,24.0,1.0,0.0,1.0,0.0,-0.06975647374412476,0.9975640502598243,0.7818314824680298,0.6234898018587336
20,2025-12-16 23:44:51,1,0.5091044508544399,0.008333333333333333,2.0,1.0,2.0,1.0,-0.06975647374412476,0.9975640502598243,0.7818314824680298,0.6234898018587336
20,2025-12-17 00:37:19,0,0.40999802409996566,0.8744444444444445,3.0,1.0,3.0,1.0,0.1607425656038261,0.9869963665602319,0.9749279121818236,-0.22252093395631434
20,2025-12-17 11:20:28,1,0.5003464749447484,10.719166666666666,1.0,0.0,4.0,1.0,0.17364817766693028,-0.984807753012208,0.9749279121818236,-0.22252093395631434
20,2025-12-17 11:21:07,0,0.4413446087153957,0.010833333333333334,2.0,0.0,5.0,1.0,0.16934950384902525,-0.9855560590580776,0.9749279121818236,-0.22252093395631434
20,2025-12-17 19:06:01,0,0.27824725568589065,7.748333333333333,1.0,1.0,6.0,2.0,-0.9588197348681929,0.28401534470392314,0.9749279121818236,-0.22252093395631434
20,2025-12-18 00:31:34,0,0.3755312469660213,5.425833333333333,2.0,1.0,5.0,1.0,0.134850930273723,0.9908658973868822,0.43388373911755823,-0.900968867902419
20,2025-12-18 05:36:51,0,0.3782890606376892,5.088055555555556,2.0,2.0,5.0,3.0,0.9945218953682733,0.10452846326765346,0.43388373911755823,-0.900968867902419
20,2025-12-18 15:55:55,0,0.3844014901899521,10.317777777777778,1.0,8.0,4.0,11.0,-0.8549118706729466,-0.5187732581605214,0.43388373911755823,-0.900968867902419
20,2026-01-09 13:37:47,0,0.39245244921075767,24.0,1.0,0.0,1.0,0.0,-0.410718852613477,-0.9117620435770887,-0.433883739117558,-0.9009688679024191
20,2026-01-11 15:05:12,0,0.3606849367417821,24.0,1.0,0.0,1.0,0.0,-0.7223639620597557,-0.6915130557822692,-0.7818314824680299,0.6234898018587334
20,2026-01-11 18:14:14,1,0.38943374114836765,3.1505555555555556,2.0,0.0,2.0,0.0,-0.9981347984218669,0.061048539534857324,-0.7818314824680299,0.6234898018587334
22,2025-12-07 10:12:12,0,0.4142722934422225,0.0,1.0,6.0,1.0,6.0,0.4539904997395473,-0.8910065241883676,-0.7818314824680299,0.6234898018587334
22,2025-12-08 05:48:19,0,0.3188284204942078,19.601944444444445,1.0,13.0,2.0,19.0,0.9986295347545738,0.052335956242943966,0.0,1.0
22,2025-12-08 08:35:27,0,0.40234582217678133,2.7855555555555553,2.0,15.0,3.0,21.0,0.7798844830928817,-0.6259234721840591,0.0,1.0
22,2025-12-08 12:39:53,1,0.5106130417602999,4.073888888888889,2.0,4.0,3.0,17.0,-0.169349503849025,-0.9855560590580776,0.0,1.0
22,2025-12-08 12:54:40,1,0.6853496653575294,0.24638888888888888,4.0,36.0,4.0,36.0,-0.23344536385590528,-0.9723699203976767,0.0,1.0
22,2025-12-08 12:54:40,1,0.6804712093964084,0.24638888888888888,4.0,36.0,5.0,67.0,-0.23344536385590528,-0.9723699203976767,0.0,1.0
22,2025-12-08 12:54:40,1,0.6909463615806907,0.24638888888888888,4.0,36.0,4.0,18.0,-0.23344536385590528,-0.9723699203976767,0.0,1.0
22,2025-12-08 12:54:40,1,0.6896082864076066,0.24638888888888888,4.0,36.0,5.0,19.0,-0.23344536385590528,-0.9723699203976767,0.0,1.0
22,2025-12-08 12:54:40,1,0.6888915347394443,0.24638888888888888,5.0,67.0,4.0,36.0,-0.23344536385590528,-0.9723699203976767,0.0,1.0
22,2025-12-08 12:54:40,1,0.6835868975218413,0.24638888888888888,5.0,67.0,5.0,67.0,-0.23344536385590528,-0.9723699203976767,0.0,1.0
22,2025-12-08 12:54:40,1,0.701483897758469,0.24638888888888888,5.0,67.0,4.0,18.0,-0.23344536385590528,-0.9723699203976767,0.0,1.0
22,2025-12-08 12:54:40,1,0.7015526463137164,0.24638888888888888,5.0,67.0,5.0,19.0,-0.23344536385590528,-0.9723699203976767,0.0,1.0
22,2025-12-08 12:54:40,1,0.5995834998501237,0.24638888888888888,3.0,5.0,4.0,36.0,-0.23344536385590528,-0.9723699203976767,0.0,1.0
22,2025-12-08 12:54:40,1,0.5975529541177801,0.24638888888888888,3.0,5.0,5.0,67.0,-0.23344536385590528,-0.9723699203976767,0.0,1.0
22,2025-12-08 12:54:40,1,0.596640724307524,0.24638888888888888,3.0,5.0,4.0,18.0,-0.23344536385590528,-0.9723699203976767,0.0,1.0
22,2025-12-08 12:54:40,1,0.5953026491344401,0.24638888888888888,3.0,5.0,5.0,19.0,-0.23344536385590528,-0.9723699203976767,0.0,1.0
22,2025-12-08 12:54:40,1,0.6665592234933189,0.24638888888888888,4.0,6.0,4.0,36.0,-0.23344536385590528,-0.9723699203976767,0.0,1.0
22,2025-12-08 12:54:40,1,0.666818726339422,0.24638888888888888,4.0,6.0,5.0,67.0,-0.23344536385590528,-0.9723699203976767,0.0,1.0
22,2025-12-08 12:54:40,1,0.6649236771695202,0.24638888888888888,4.0,6.0,4.0,18.0,-0.23344536385590528,-0.9723699203976767,0.0,1.0
22,2025-12-08 12:54:40,1,0.6635856019964362,0.24638888888888888,4.0,6.0,5.0,19.0,-0.23344536385590528,-0.9723699203976767,0.0,1.0
22,2025-12-08 12:54:40,0,0.21749938963948512,0.0,4.0,36.0,4.0,36.0,-0.23344536385590528,-0.9723699203976767,0.0,1.0
22,2025-12-08 12:54:40,0,0.20888352030244015,0.0,4.0,36.0,5.0,67.0,-0.23344536385590528,-0.9723699203976767,0.0,1.0
22,2025-12-08 12:54:40,0,0.21687408461602112,0.0,4.0,36.0,4.0,18.0,-0.23344536385590528,-0.9723699203976767,0.0,1.0
22,2025-12-08 12:54:40,0,0.21639491794935445,0.0,4.0,36.0,5.0,19.0,-0.23344536385590528,-0.9723699203976767,0.0,1.0
22,2025-12-08 12:54:40,0,0.19925628000984905,0.0,5.0,67.0,4.0,36.0,-0.23344536385590528,-0.9723699203976767,0.0,1.0
22,2025-12-08 12:54:40,0,0.2002142294163224,0.0,5.0,67.0,5.0,67.0,-0.23344536385590528,-0.9723699203976767,0.0,1.0
22,2025-12-08 12:54:40,0,0.19993664063559113,0.0,5.0,67.0,4.0,18.0,-0.23344536385590528,-0.9723699203976767,0.0,1.0
22,2025-12-08 12:54:40,0,0.2058642976972557,0.0,5.0,67.0,5.0,19.0,-0.23344536385590528,-0.9723699203976767,0.0,1.0
22,2025-12-08 12:54:40,0,0.22233524224648335,0.0,3.0,5.0,4.0,36.0,-0.23344536385590528,-0.9723699203976767,0.0,1.0
22,2025-12-08 12:54:40,0,0.20435767872677854,0.0,3.0,5.0,5.0,67.0,-0.23344536385590528,-0.9723699203976767,0.0,1.0
22,2025-12-08 12:54:40,0,0.21794543191408933,0.0,3.0,5.0,4.0,18.0,-0.23344536385590528,-0.9723699203976767,0.0,1.0
22,2025-12-08 12:54:40,0,0.21746626524742269,0.0,3.0,5.0,5.0,19.0,-0.23344536385590528,-0.9723699203976767,0.0,1.0
22,2025-12-08 12:54:40,0,0.19859102241713672,0.0,4.0,6.0,4.0,36.0,-0.23344536385590528,-0.9723699203976767,0.0,1.0
22,2025-12-08 12:54:40,0,0.189749694354852,0.0,4.0,6.0,5.0,67.0,-0.23344536385590528,-0.9723699203976767,0.0,1.0
22,2025-12-08 12:54:40,0,0.19531126085495498,0.0,4.0,6.0,4.0,18.0,-0.23344536385590528,-0.9723699203976767,0.0,1.0
22,2025-12-08 12:54:40,0,0.1948320941882883,0.0,4.0,6.0,5.0,19.0,-0.23344536385590528,-0.9723699203976767,0.0,1.0
22,2025-12-09 11:18:59,0,0.38390452528341457,22.405277777777776,1.0,3.0,4.0,7.0,0.18223552549214728,-0.9832549075639546,0.7818314824680298,0.6234898018587336
22,2025-12-09 16:55:03,1,0.33312936987567254,5.601111111111111,2.0,3.0,2.0,3.0,-0.9600498543859286,-0.27982901403099236,0.7818314824680298,0.6234898018587336
22,2025-12-09 16:55:40,0,0.3593042062909618,0.010277777777777778,3.0,3.0,3.0,3.0,-0.9600498543859286,-0.27982901403099236,0.7818314824680298,0.6234898018587336
22,2025-12-10 09:03:00,0,0.2260167209758189,16.122222222222224,1.0,262.0,4.0,265.0,0.6977904598416802,-0.7163019434246543,0.9749279121818236,-0.22252093395631434
22,2025-12-10 19:52:50,0,0.2596608870587481,10.830555555555556,1.0,2.0,2.0,264.0,-0.8829475928589268,0.4694715627858912,0.9749279121818236,-0.22252093395631434
22,2025-12-11 16:32:49,1,0.3937313660141632,20.66638888888889,1.0,5.0,2.0,7.0,-0.9271838545667873,-0.3746065934159123,0.43388373911755823,-0.900968867902419
22,2025-12-11 16:37:42,0,0.4215786328759713,0.08138888888888889,2.0,6.0,3.0,8.0,-0.9351352096860117,-0.3542910379977157,0.43388373911755823,-0.900968867902419
22,2025-12-12 21:02:10,1,0.36717279604632663,24.0,1.0,0.0,1.0,0.0,-0.7009092642998508,0.7132504491541817,-0.433883739117558,-0.9009688679024191
22,2025-12-12 21:03:27,1,0.5127795986445404,0.021388888888888888,2.0,0.0,2.0,0.0,-0.6977904598416802,0.7163019434246541,-0.433883739117558,-0.9009688679024191
22,2025-12-12 21:03:57,0,0.45010926428894016,0.008333333333333333,3.0,1.0,3.0,1.0,-0.6977904598416802,0.7163019434246541,-0.433883739117558,-0.9009688679024191
22,2025-12-13 19:11:43,0,0.1999002644501591,22.129444444444445,1.0,939.0,4.0,940.0,-0.9523957996432784,0.3048642990280109,-0.9749279121818236,-0.2225209339563146
22,2025-12-14 12:24:31,1,0.4198228913258958,17.213333333333335,1.0,1.0,2.0,940.0,-0.1045284632676535,-0.9945218953682733,-0.7818314824680299,0.6234898018587334
22,2025-12-14 13:06:05,0,0.34406055243329214,0.6927777777777778,2.0,1.0,3.0,940.0,-0.28401534470392237,-0.9588197348681932,-0.7818314824680299,0.6234898018587334
22,2025-12-14 21:09:23,0,0.23528254907918897,8.055,1.0,3.0,8.0,25.0,-0.6788007455329418,0.7343225094356856,-0.7818314824680299,0.6234898018587334
22,2025-12-14 21:09:23,0,0.28063867488026656,8.055,1.0,3.0,3.0,4.0,-0.6788007455329418,0.7343225094356856,-0.7818314824680299,0.6234898018587334
22,2025-12-14 21:09:23,0,0.23528254907918897,8.055,1.0,3.0,8.0,25.0,-0.6788007455329418,0.7343225094356856,-0.7818314824680299,0.6234898018587334
22,2025-12-14 21:09:23,0,0.28063867488026656,8.055,1.0,3.0,3.0,4.0,-0.6788007455329418,0.7343225094356856,-0.7818314824680299,0.6234898018587334
22,2025-12-16 14:48:30,0,0.2375350966408307,24.0,1.0,3.0,1.0,3.0,-0.6691306063588582,-0.7431448254773942,0.7818314824680298,0.6234898018587336
22,2025-12-16 19:47:25,1,0.440622442577457,4.981944444444444,2.0,6.0,2.0,6.0,-0.8929789434111369,0.45009844103743507,0.7818314824680298,0.6234898018587336
22,2025-12-16 19:50:59,1,0.48070327483278213,0.059444444444444446,3.0,7.0,3.0,7.0,-0.887010833178222,0.46174861323503325,0.7818314824680298,0.6234898018587336
22,2025-12-16 19:52:50,1,0.5440598264451755,0.030833333333333334,4.0,7.0,4.0,7.0,-0.8829475928589268,0.4694715627858912,0.7818314824680298,0.6234898018587336
22,2025-12-16 19:53:23,1,0.5630652660078023,0.009166666666666667,5.0,7.0,5.0,7.0,-0.8808907382053859,0.4733196671848428,0.7818314824680298,0.6234898018587336
22,2025-12-16 19:54:17,1,0.7257115067123565,0.015,6.0,7.0,6.0,7.0,-0.8788171126619654,0.47715876025960835,0.7818314824680298,0.6234898018587336
22,2025-12-16 19:54:20,0,0.6351413321706985,0.0008333333333333334,7.0,8.0,7.0,8.0,-0.8788171126619654,0.47715876025960835,0.7818314824680298,0.6234898018587336
22,2025-12-17 11:41:04,1,0.5866147767617167,15.778888888888888,1.0,11.0,8.0,19.0,0.08280820751220419,-0.9965655024977614,0.9749279121818236,-0.22252093395631434
22,2025-12-17 12:19:10,0,0.4391682697980043,0.635,2.0,14.0,9.0,22.0,-0.08280820751220395,-0.9965655024977614,0.9749279121818236,-0.22252093395631434
22,2025-12-18 11:26:04,0,0.42027075962914623,23.115,1.0,5.0,3.0,19.0,0.14780941112961038,-0.9890158633619168,0.43388373911755823,-0.900968867902419
22,2025-12-18 14:09:58,1,0.5361660166585894,2.7316666666666665,2.0,12.0,2.0,12.0,-0.5336145159156115,-0.8457278217039733,0.43388373911755823,-0.900968867902419
22,2025-12-18 15:45:36,1,0.5091508491309392,1.593888888888889,3.0,14.0,3.0,14.0,-0.8314696123025452,-0.5555702330196022,0.43388373911755823,-0.900968867902419
22,2025-12-18 15:50:03,1,0.6216636900963155,0.07416666666666667,4.0,14.0,4.0,14.0,-0.8433914458128859,-0.5372996083468234,0.43388373911755823,-0.900968867902419
22,2025-12-18 16:19:26,1,0.645041687364418,0.4897222222222222,5.0,14.0,5.0,14.0,-0.9044551454543679,-0.4265687399014586,0.43388373911755823,-0.900968867902419
22,2025-12-18 16:21:54,1,0.8575327023223964,0.04111111111111111,6.0,16.0,6.0,16.0,-0.9081431738250814,-0.418659737537428,0.43388373911755823,-0.900968867902419
22,2025-12-18 16:23:47,1,0.8341489066810155,0.03138888888888889,7.0,22.0,7.0,22.0,-0.9117620435770883,-0.41071885261347774,0.43388373911755823,-0.900968867902419
22,2025-12-18 16:31:58,1,0.8270218802085516,0.1363888888888889,8.0,23.0,8.0,23.0,-0.925540504017566,-0.3786486173524338,0.43388373911755823,-0.900968867902419
22,2025-12-18 16:33:53,1,0.8520021159384318,0.03194444444444444,9.0,24.0,9.0,24.0,-0.9288095528719243,-0.3705574375098359,0.43388373911755823,-0.900968867902419
22,2025-12-18 16:34:45,1,0.8594512956464163,0.014444444444444444,10.0,24.0,10.0,24.0,-0.9304175679820242,-0.366501226724298,0.43388373911755823,-0.900968867902419
22,2025-12-18 16:34:47,1,0.8711585867114036,0.0005555555555555556,11.0,25.0,11.0,25.0,-0.9304175679820242,-0.366501226724298,0.43388373911755823,-0.900968867902419
22,2025-12-18 16:35:23,1,0.8616172658707971,0.01,12.0,25.0,12.0,25.0,-0.9320078692827984,-0.3624380382837018,0.43388373911755823,-0.900968867902419
22,2025-12-18 16:56:43,1,0.654545769602463,0.35555555555555557,13.0,28.0,13.0,28.0,-0.961261695938319,-0.2756373558169989,0.43388373911755823,-0.900968867902419
22,2025-12-18 16:59:37,0,0.5208879399602488,0.04833333333333333,14.0,30.0,14.0,30.0,-0.964787323828813,-0.2630312144579744,0.43388373911755823,-0.900968867902419
22,2025-12-18 21:40:16,0,0.3198339371908993,4.6775,13.0,20.0,15.0,32.0,-0.5735764363510465,0.8191520442889916,0.43388373911755823,-0.900968867902419
22,2025-12-19 05:04:14,0,0.3281372547800347,7.399444444444445,1.0,1.0,16.0,33.0,0.9702957262759965,0.2419218955996679,-0.433883739117558,-0.9009688679024191
22,2026-01-08 10:57:14,0,0.39681948756490704,24.0,1.0,5.0,1.0,5.0,0.2714404498650746,-0.9624552364536472,0.43388373911755823,-0.900968867902419
22,2026-01-08 14:31:54,0,0.4590855482980625,3.577777777777778,2.0,8.0,2.0,8.0,-0.6122172800344494,-0.7906895737438432,0.43388373911755823,-0.900968867902419
22,2026-01-09 06:19:02,1,0.3335095507915846,15.785555555555556,1.0,0.0,3.0,8.0,0.9965655024977614,-0.08280820751220423,-0.433883739117558,-0.9009688679024191
22,2026-01-09 06:47:40,0,0.3620937085695918,0.4772222222222222,2.0,120.0,4.0,128.0,0.9790454724845838,-0.20364175114017732,-0.433883739117558,-0.9009688679024191
22,2026-01-09 09:09:10,1,0.3890853399288584,2.3583333333333334,3.0,123.0,5.0,131.0,0.6788007455329417,-0.7343225094356856,-0.433883739117558,-0.9009688679024191
22,2026-01-09 09:13:31,0,0.5704290532525775,0.0725,4.0,123.0,6.0,131.0,0.6658816660008343,-0.7460573750616994,-0.433883739117558,-0.9009688679024191
22,2026-01-10 06:12:16,1,0.5142825326531525,20.979166666666668,1.0,0.0,5.0,123.0,0.9986295347545738,-0.05233595624294384,-0.9749279121818236,-0.2225209339563146
22,2026-01-10 06:12:16,1,0.5142892810164735,20.979166666666668,1.0,0.0,6.0,123.0,0.9986295347545738,-0.05233595624294384,-0.9749279121818236,-0.2225209339563146
22,2026-01-10 06:12:16,1,0.5185426646979914,20.979166666666668,2.0,0.0,5.0,123.0,0.9986295347545738,-0.05233595624294384,-0.9749279121818236,-0.2225209339563146
22,2026-01-10 06:12:16,1,0.5209699269111719,20.979166666666668,2.0,0.0,6.0,123.0,0.9986295347545738,-0.05233595624294384,-0.9749279121818236,-0.2225209339563146
22,2026-01-10 06:12:16,1,0.4874406955506273,0.0,1.0,0.0,5.0,123.0,0.9986295347545738,-0.05233595624294384,-0.9749279121818236,-0.2225209339563146
22,2026-01-10 06:12:16,1,0.5635793813670165,0.0,1.0,0.0,6.0,123.0,0.9986295347545738,-0.05233595624294384,-0.9749279121818236,-0.2225209339563146
22,2026-01-10 06:12:16,1,0.502447592849449,0.0,2.0,0.0,5.0,123.0,0.9986295347545738,-0.05233595624294384,-0.9749279121818236,-0.2225209339563146
22,2026-01-10 06:12:16,1,0.5822754205453962,0.0,2.0,0.0,6.0,123.0,0.9986295347545738,-0.05233595624294384,-0.9749279121818236,-0.2225209339563146
22,2026-01-10 06:13:02,0,0.5194696841427805,0.012777777777777779,3.0,1.0,7.0,124.0,0.9983916705573488,-0.05669278756337747,-0.9749279121818236,-0.2225209339563146
22,2026-01-10 16:24:04,0,0.66055601407911,10.18388888888889,1.0,9.0,4.0,10.0,-0.9135454576426005,-0.40673664307580093,-0.9749279121818236,-0.2225209339563146
22,2026-01-11 13:12:03,1,0.39163680915790616,20.799722222222222,1.0,3.0,2.0,12.0,-0.3090169943749473,-0.9510565162951536,-0.7818314824680299,0.6234898018587334
22,2026-01-11 14:30:01,0,0.45760198798787505,1.2994444444444444,2.0,3.0,3.0,12.0,-0.6087614290087207,-0.7933533402912352,-0.7818314824680299,0.6234898018587334
23,2025-12-08 21:00:25,1,0.39834590754943133,0.0,1.0,1.0,1.0,1.0,-0.7071067811865477,0.7071067811865474,0.0,1.0
23,2025-12-08 21:59:29,0,0.39577450177464174,0.9844444444444445,2.0,4.0,2.0,4.0,-0.5037739770455265,0.8638355052043956,0.0,1.0
23,2025-12-09 07:27:17,0,0.29322860821616875,9.463333333333333,1.0,0.0,3.0,4.0,0.9288095528719242,-0.3705574375098363,0.7818314824680298,0.6234898018587336
23,2025-12-09 21:43:54,0,0.3727317797268443,14.276944444444444,1.0,15.0,3.0,18.0,-0.5628049276950688,0.8265897491271884,0.7818314824680298,0.6234898018587336
23,2025-12-11 11:35:17,1,0.4744081779564497,24.0,1.0,0.0,1.0,0.0,0.10886687485196457,-0.9940563382223196,0.43388373911755823,-0.900968867902419
23,2025-12-11 11:35:52,1,0.5603070507766686,0.009722222222222222,2.0,1.0,2.0,1.0,0.10886687485196457,-0.9940563382223196,0.43388373911755823,-0.900968867902419
23,2025-12-11 11:38:34,1,0.5376671484759123,0.045,3.0,2.0,3.0,2.0,0.09584575252022391,-0.9953961983671789,0.43388373911755823,-0.900968867902419
23,2025-12-11 11:39:27,0,0.5136907371914505,0.014722222222222222,4.0,3.0,4.0,3.0,0.09150161866340258,-0.9958049275746617,0.43388373911755823,-0.900968867902419
23,2025-12-11 17:47:02,0,0.34267463494588246,6.126388888888889,1.0,1.0,5.0,4.0,-0.9983916705573488,-0.056692787563377714,0.43388373911755823,-0.900968867902419
23,2025-12-11 20:09:22,1,0.3928427797760659,2.3722222222222222,2.0,2.0,6.0,5.0,-0.8457278217039735,0.533614515915611,0.43388373911755823,-0.900968867902419
23,2025-12-11 20:10:44,0,0.45714451998042294,0.02277777777777778,3.0,6.0,7.0,9.0,-0.8433914458128857,0.5372996083468239,0.43388373911755823,-0.900968867902419
23,2025-12-12 18:28:04,1,0.4044992619537214,22.288888888888888,1.0,0.0,3.0,5.0,-0.9925461516413221,0.12186934340514681,-0.433883739117558,-0.9009688679024191
23,2025-12-12 18:30:30,0,0.3929457564073722,0.04055555555555555,2.0,0.0,4.0,5.0,-0.9914448613738105,0.13052619222005127,-0.433883739117558,-0.9009688679024191
23,2025-12-13 00:37:09,1,0.6736308517538377,6.110833333333333,1.0,0.0,3.0,0.0,0.1607425656038261,0.9869963665602319,-0.9749279121818236,-0.2225209339563146
23,2025-12-13 00:38:42,0,0.4776008263952273,0.025833333333333333,2.0,1.0,4.0,1.0,0.16504760586067763,0.9862856015372314,-0.9749279121818236,-0.2225209339563146
23,2025-12-13 20:06:59,1,0.7187636940952415,19.47138888888889,1.0,1.0,3.0,2.0,-0.8526401643540921,0.522498564715949,-0.9749279121818236,-0.2225209339563146
23,2025-12-13 20:47:27,0,0.1321056772632942,0.6744444444444444,2.0,847.0,4.0,848.0,-0.746057375061699,0.6658816660008348,-0.9749279121818236,-0.2225209339563146
23,2025-12-14 11:02:11,1,0.5301650484819153,14.245555555555555,1.0,7.0,3.0,854.0,0.2503800040544418,-0.9681476403781076,-0.7818314824680299,0.6234898018587334
23,2025-12-14 12:13:09,0,0.3338357935504574,1.1827777777777777,2.0,8.0,4.0,855.0,-0.05669278756337785,-0.9983916705573488,-0.7818314824680299,0.6234898018587334
23,2025-12-15 17:18:09,0,0.30095787181321754,24.0,1.0,1.0,1.0,1.0,-0.9832549075639545,-0.18223552549214778,0.0,1.0
23,2025-12-16 03:33:11,0,0.3071268129795964,10.250555555555556,1.0,1.0,2.0,2.0,0.8012538126910606,0.5983246005706592,0.7818314824680298,0.6234898018587336
23,2025-12-16 14:53:57,0,0.2698086305840394,11.346111111111112,1.0,4.0,3.0,6.0,-0.6851829903263591,-0.7283709698824002,0.7818314824680298,0.6234898018587336
23,2025-12-16 22:00:55,1,0.41192368530310297,7.1161111111111115,1.0,5.0,3.0,10.0,-0.5000000000000004,0.8660254037844384,0.7818314824680298,0.6234898018587336
23,2025-12-16 23:29:46,0,0.4228540435362753,1.4808333333333332,2.0,8.0,4.0,13.0,-0.13485093027372372,0.9908658973868821,0.7818314824680298,0.6234898018587336
23,2025-12-17 19:14:43,0,0.279311336489892,19.749166666666667,1.0,3.0,3.0,11.0,-0.9483236552061993,0.31730465640509226,0.9749279121818236,-0.22252093395631434
23,2025-12-18 01:50:07,0,0.35433392072985265,6.59,1.0,0.0,2.0,3.0,0.46174861323503397,0.8870108331782217,0.43388373911755823,-0.900968867902419
23,2025-12-18 13:16:07,0,0.34951706583949915,11.433333333333334,1.0,2.0,3.0,5.0,-0.32556815445715676,-0.9455185755993167,0.43388373911755823,-0.900968867902419
23,2025-12-18 15:59:19,0,0.35789372098654687,2.72,2.0,3.0,4.0,6.0,-0.8638355052043956,-0.5037739770455264,0.43388373911755823,-0.900968867902419
23,2025-12-19 14:34:25,1,0.31318257775194375,22.585,1.0,3.0,2.0,4.0,-0.6225146366376191,-0.7826081568524144,-0.433883739117558,-0.9009688679024191
23,2025-12-19 16:05:13,0,0.4061469858835548,1.5133333333333334,2.0,4.0,2.0,4.0,-0.8767267557075072,-0.48098876891938847,-0.433883739117558,-0.9009688679024191
23,2025-12-20 10:47:25,1,0.5538776698667355,18.703333333333333,1.0,1.0,3.0,5.0,0.3131638064837498,-0.9496991262018769,-0.9749279121818236,-0.2225209339563146
23,2025-12-20 10:56:02,0,0.5739124625405722,0.1436111111111111,2.0,1.0,4.0,5.0,0.2756373558169992,-0.9612616959383189,-0.9749279121818236,-0.2225209339563146
23,2025-12-21 04:29:27,1,0.3630324900229529,17.556944444444444,1.0,0.0,3.0,1.0,0.9222009716704518,0.3867109616368206,-0.7818314824680299,0.6234898018587334
23,2025-12-21 04:52:02,1,0.48702822683688474,0.3763888888888889,2.0,0.0,4.0,1.0,0.9563047559630354,0.29237170472273677,-0.7818314824680299,0.6234898018587334
23,2025-12-21 05:02:36,1,0.4995673252283085,0.1761111111111111,3.0,1.0,5.0,2.0,0.9681476403781077,0.2503800040544415,-0.7818314824680299,0.6234898018587334
23,2025-12-21 05:14:40,0,0.5288006748607131,0.2011111111111111,4.0,2.0,6.0,3.0,0.9799247046208296,0.1993679344171972,-0.7818314824680299,0.6234898018587334
23,2025-12-21 11:54:30,1,0.40303173625768374,6.663888888888889,1.0,1.0,5.0,3.0,0.026176948307873423,-0.9996573249755573,-0.7818314824680299,0.6234898018587334
23,2025-12-21 13:47:44,1,0.5487275359674044,1.8872222222222221,2.0,30.0,6.0,32.0,-0.45009844103743474,-0.8929789434111371,-0.7818314824680299,0.6234898018587334
23,2025-12-21 15:25:45,1,0.5142215723712649,1.6336111111111111,3.0,31.0,7.0,33.0,-0.7798844830928814,-0.6259234721840596,-0.7818314824680299,0.6234898018587334
23,2025-12-21 16:57:13,0,0.4765806482078821,1.5244444444444445,4.0,31.0,8.0,33.0,-0.9624552364536471,-0.27144044986507504,-0.7818314824680299,0.6234898018587334
23,2025-12-22 01:09:39,1,0.44967787764439116,8.207222222222223,1.0,1.0,9.0,34.0,0.29654157497557093,0.9550199444571866,0.0,1.0
23,2025-12-22 01:10:13,1,0.43356616323343394,0.009444444444444445,2.0,1.0,10.0,34.0,0.3007057995042732,0.9537169507482269,0.0,1.0
23,2025-12-22 01:10:56,1,0.49014077330574507,0.011944444444444445,3.0,5.0,11.0,38.0,0.3007057995042732,0.9537169507482269,0.0,1.0
23,2025-12-22 01:14:15,1,0.5435613465426362,0.05527777777777778,4.0,5.0,12.0,38.0,0.31730465640509214,0.9483236552061993,0.0,1.0
23,2025-12-22 01:14:45,0,0.5924362695398913,0.008333333333333333,5.0,7.0,13.0,40.0,0.31730465640509214,0.9483236552061993,0.0,1.0
23,2025-12-22 04:56:17,1,0.33932546291128374,3.692222222222222,6.0,8.0,12.0,41.0,0.9612616959383189,0.27563735581699916,0.0,1.0
23,2025-12-22 05:07:37,1,0.617206348542429,0.18888888888888888,7.0,10.0,12.0,42.0,0.9733792584604485,0.22920039092241426,0.0,1.0
23,2025-12-22 05:13:58,0,0.6279994758001801,0.10583333333333333,8.0,11.0,13.0,43.0,0.9790454724845838,0.20364175114017743,0.0,1.0
23,2025-12-22 08:10:14,1,0.4640654819789741,2.937777777777778,4.0,8.0,13.0,46.0,0.8433914458128858,-0.5372996083468236,0.0,1.0
23,2025-12-22 09:25:01,1,0.575671124260436,1.246388888888889,5.0,10.0,14.0,48.0,0.6259234721840592,-0.7798844830928817,0.0,1.0
23,2025-12-22 09:25:01,1,0.5787312422672402,1.246388888888889,5.0,10.0,15.0,50.0,0.6259234721840592,-0.7798844830928817,0.0,1.0
23,2025-12-22 09:25:01,1,0.6433802703727787,1.246388888888889,6.0,12.0,14.0,48.0,0.6259234721840592,-0.7798844830928817,0.0,1.0
23,2025-12-22 09:25:01,1,0.6392806854789571,1.246388888888889,6.0,12.0,15.0,50.0,0.6259234721840592,-0.7798844830928817,0.0,1.0
23,2025-12-22 09:25:01,1,0.6400435613525306,0.0,5.0,10.0,14.0,48.0,0.6259234721840592,-0.7798844830928817,0.0,1.0
23,2025-12-22 09:25:01,1,0.6516995929951664,0.0,5.0,10.0,15.0,50.0,0.6259234721840592,-0.7798844830928817,0.0,1.0
23,2025-12-22 09:25:01,1,0.7910592428742388,0.0,6.0,12.0,14.0,48.0,0.6259234721840592,-0.7798844830928817,0.0,1.0
23,2025-12-22 09:25:01,1,0.8023427443860871,0.0,6.0,12.0,15.0,50.0,0.6259234721840592,-0.7798844830928817,0.0,1.0
23,2025-12-22 10:30:58,0,0.6976291556363186,1.0991666666666666,7.0,13.0,16.0,51.0,0.3826834323650899,-0.9238795325112867,0.0,1.0
23,2026-01-05 09:10:38,1,0.37041031700411187,24.0,1.0,0.0,1.0,0.0,0.6755902076156604,-0.737277336810124,0.0,1.0
23,2026-01-05 09:18:48,1,0.5274881651762272,0.1361111111111111,2.0,1.0,2.0,1.0,0.6494480483301838,-0.7604059656000308,0.0,1.0
23,2026-01-05 09:19:27,1,0.5156414753811273,0.010833333333333334,3.0,1.0,3.0,1.0,0.6461239796429642,-0.7632324697825287,0.0,1.0
23,2026-01-05 09:19:33,1,0.5763441674391451,0.0016666666666666668,4.0,1.0,4.0,1.0,0.6461239796429642,-0.7632324697825287,0.0,1.0
23,2026-01-05 09:22:07,1,0.5583130684029908,0.042777777777777776,5.0,1.0,5.0,1.0,0.6360782202777638,-0.7716245833877201,0.0,1.0
23,2026-01-05 09:22:15,0,0.7379103252988416,0.0022222222222222222,6.0,1.0,6.0,1.0,0.6360782202777638,-0.7716245833877201,0.0,1.0
23,2026-01-08 10:15:29,1,0.40954664654906353,24.0,1.0,0.0,1.0,0.0,0.4422886902190017,-0.8968727415326881,0.43388373911755823,-0.900968867902419
23,2026-01-08 10:15:46,1,0.5393395360538505,0.004722222222222222,2.0,0.0,2.0,0.0,0.4422886902190017,-0.8968727415326881,0.43388373911755823,-0.900968867902419
23,2026-01-08 10:17:09,0,0.5098168091143691,0.023055555555555555,3.0,56.0,3.0,56.0,0.4344452574044172,-0.9006982393225879,0.43388373911755823,-0.900968867902419
23,2026-01-08 14:36:43,1,0.5144145452183474,4.3261111111111115,4.0,63.0,4.0,63.0,-0.6293203910498373,-0.7771459614569711,0.43388373911755823,-0.900968867902419
23,2026-01-08 14:43:22,1,0.5867504298411432,0.11083333333333334,5.0,63.0,5.0,63.0,-0.6527597524627221,-0.7575649843840498,0.43388373911755823,-0.900968867902419
23,2026-01-08 14:43:28,1,0.7354772053597816,0.0016666666666666668,6.0,69.0,6.0,69.0,-0.6527597524627221,-0.7575649843840498,0.43388373911755823,-0.900968867902419
23,2026-01-08 14:49:17,0,0.7047950000023713,0.09694444444444444,7.0,75.0,7.0,75.0,-0.6723668074346678,-0.7402181274868322,0.43388373911755823,-0.900968867902419
23,2026-01-09 06:47:53,0,0.32170765217081376,15.976666666666667,1.0,139.0,8.0,214.0,0.9790454724845838,-0.20364175114017732,-0.433883739117558,-0.9009688679024191
23,2026-01-09 10:24:12,0,0.4671129565204554,3.605277777777778,2.0,140.0,6.0,159.0,0.40673664307580043,-0.9135454576426008,-0.433883739117558,-0.9009688679024191
23,2026-01-09 14:53:27,0,0.4255733222365766,4.4875,2.0,11.0,3.0,150.0,-0.6851829903263591,-0.7283709698824002,-0.433883739117558,-0.9009688679024191
23,2026-01-11 19:53:55,1,0.4003242051144784,24.0,1.0,5.0,1.0,5.0,-0.8808907382053859,0.4733196671848428,-0.7818314824680299,0.6234898018587334
23,2026-01-11 20:46:25,1,0.422138883920023,0.875,2.0,5.0,2.0,5.0,-0.7489557207890021,0.6626200482157375,-0.7818314824680299,0.6234898018587334
24,2025-12-08 17:26:52,0,0.2624108224981214,0.0,1.0,3.0,1.0,3.0,-0.9890158633619168,-0.14780941112961046,0.0,1.0
24,2025-12-08 23:13:43,0,0.36715483092768975,5.780833333333334,2.0,4.0,2.0,4.0,-0.20364175114017827,0.9790454724845837,0.0,1.0
24,2025-12-09 01:28:27,0,0.40222438165769986,2.2455555555555557,2.0,3.0,3.0,6.0,0.37460659341591207,0.9271838545667874,0.7818314824680298,0.6234898018587336
24,2025-12-09 07:21:43,1,0.4542827544491731,5.887777777777778,2.0,7.0,4.0,11.0,0.9381913359224842,-0.3461170570774929,0.7818314824680298,0.6234898018587336
24,2025-12-09 07:45:50,1,0.49701456497861995,0.40194444444444444,2.0,6.0,5.0,12.0,0.8968727415326884,-0.44228869021900113,0.7818314824680298,0.6234898018587336
24,2025-12-09 07:50:42,1,0.5252805444991113,0.0811111111111111,3.0,11.0,6.0,17.0,0.8870108331782218,-0.4617486132350338,0.7818314824680298,0.6234898018587336
24,2025-12-09 09:12:54,1,0.5218994680384885,1.37,4.0,13.0,7.0,19.0,0.6691306063588585,-0.743144825477394,0.7818314824680298,0.6234898018587336
24,2025-12-09 09:48:57,0,0.5765622279217343,0.6008333333333333,5.0,16.0,8.0,22.0,0.544639035015027,-0.8386705679454242,0.7818314824680298,0.6234898018587336
24,2025-12-09 15:23:33,1,0.44936445954034915,5.576666666666667,2.0,8.0,9.0,27.0,-0.7743926440821856,-0.6327053285625162,0.7818314824680298,0.6234898018587336
24,2025-12-09 16:21:01,1,0.4764854965763373,0.9577777777777777,2.0,5.0,10.0,27.0,-0.9081431738250814,-0.418659737537428,0.7818314824680298,0.6234898018587336
24,2025-12-09 16:49:22,1,0.45759648657612123,0.4725,3.0,5.0,11.0,27.0,-0.9523957996432783,-0.3048642990280112,0.7818314824680298,0.6234898018587336
24,2025-12-09 16:52:51,0,0.4604087387971617,0.058055555555555555,4.0,6.0,12.0,28.0,-0.9563047559630353,-0.2923717047227371,0.7818314824680298,0.6234898018587336
24,2025-12-10 08:59:39,0,0.3165250265406275,16.113333333333333,1.0,14.0,7.0,25.0,0.7101853756232855,-0.7040147244559682,0.9749279121818236,-0.22252093395631434
24,2025-12-11 16:05:20,0,0.27413679530420393,24.0,1.0,1.0,1.0,1.0,-0.8767267557075072,-0.48098876891938847,0.43388373911755823,-0.900968867902419
24,2025-12-12 04:28:07,0,0.3464733199168174,12.379722222222222,1.0,0.0,2.0,1.0,0.9205048534524404,0.3907311284892737,-0.433883739117558,-0.9009688679024191
24,2025-12-12 22:59:23,0,0.3262599413577361,18.52111111111111,1.0,1.0,2.0,1.0,-0.26303121445797445,0.964787323828813,-0.433883739117558,-0.9009688679024191
24,2025-12-13 01:18:31,1,0.5676067613714934,2.318888888888889,2.0,42.0,3.0,42.0,0.3338068592337709,0.9426414910921784,-0.9749279121818236,-0.2225209339563146
24,2025-12-13 02:01:10,0,0.42843711732149237,0.7108333333333333,3.0,42.0,4.0,42.0,0.5037739770455262,0.8638355052043958,-0.9749279121818236,-0.2225209339563146
24,2025-12-13 06:47:21,0,0.3017333555488686,4.769722222222223,3.0,81.0,4.0,82.0,0.9790454724845838,-0.20364175114017732,-0.9749279121818236,-0.2225209339563146
24,2025-12-13 19:30:14,1,0.6713579191406309,12.714722222222223,1.0,1.0,5.0,83.0,-0.923879532511287,0.38268343236508917,-0.9749279121818236,-0.2225209339563146
24,2025-12-13 19:41:41,1,0.5971876241868567,0.19083333333333333,2.0,1.0,6.0,83.0,-0.904455145454368,0.42656873990145827,-0.9749279121818236,-0.2225209339563146
24,2025-12-13 19:41:45,0,0.2241378732884322,0.0011111111111111111,3.0,232.0,7.0,314.0,-0.904455145454368,0.42656873990145827,-0.9749279121818236,-0.2225209339563146
24,2025-12-14 05:40:14,0,0.2825938156683597,9.974722222222223,1.0,0.0,5.0,272.0,0.9961946980917455,0.08715574274765814,-0.7818314824680299,0.6234898018587334
24,2025-12-14 10:52:23,0,0.3658630604473586,5.2025,2.0,1.0,5.0,233.0,0.2923717047227366,-0.9563047559630355,-0.7818314824680299,0.6234898018587334
24,2025-12-15 15:37:51,0,0.39768574920317307,24.0,1.0,7.0,1.0,7.0,-0.8115739819650121,-0.5842496656374347,0.0,1.0
24,2025-12-15 19:52:38,1,0.48003279214847916,4.246388888888889,2.0,10.0,2.0,10.0,-0.8829475928589268,0.4694715627858912,0.0,1.0
24,2025-12-15 21:28:09,0,0.45510905985729694,1.5919444444444444,3.0,15.0,3.0,15.0,-0.6156614753256588,0.7880107536067215,0.0,1.0
24,2025-12-16 14:39:32,0,0.2466048749365438,17.189722222222223,1.0,2.0,4.0,17.0,-0.6394390019805849,-0.7688418320734594,0.7818314824680298,0.6234898018587336
24,2025-12-17 12:26:10,0,0.3678892510717821,21.77722222222222,1.0,4.0,2.0,6.0,-0.11320321376790664,-0.9935718556765875,0.9749279121818236,-0.22252093395631434
24,2025-12-17 15:49:13,0,0.38443577689589276,3.3841666666666668,2.0,7.0,2.0,7.0,-0.8410390129643924,-0.540974471367994,0.9749279121818236,-0.22252093395631434
24,2025-12-18 05:30:56,0,0.3019541581548195,13.695277777777777,1.0,1.0,3.0,8.0,0.9914448613738104,0.1305261922200517,0.43388373911755823,-0.900968867902419
24,2025-12-18 12:21:22,0,0.44060985258302005,6.8405555555555555,1.0,9.0,4.0,17.0,-0.09150161866340234,-0.9958049275746618,0.43388373911755823,-0.900968867902419
24,2025-12-19 02:47:40,0,0.30498434289020504,14.438333333333333,1.0,3.0,3.0,13.0,0.6658816660008343,0.7460573750616996,-0.433883739117558,-0.9009688679024191
24,2026-01-10 06:13:05,0,0.5107136501047572,24.0,1.0,0.0,1.0,0.0,0.9983916705573488,-0.05669278756337747,-0.9749279121818236,-0.2225209339563146
24,2026-01-10 09:46:13,0,0.5402605582015468,3.5522222222222224,2.0,2.0,2.0,2.0,0.5519369853120579,-0.8338858220671683,-0.9749279121818236,-0.2225209339563146
24,2026-01-11 11:44:16,0,0.4444040031900814,24.0,1.0,0.0,1.0,0.0,0.06975647374412597,-0.9975640502598242,-0.7818314824680299,0.6234898018587334
24,2026-01-11 17:24:56,1,0.4515025623008064,5.677777777777778,2.0,13.0,2.0,13.0,-0.9876883405951377,-0.15643446504023104,-0.7818314824680299,0.6234898018587334
25,2025-12-08 07:56:14,1,0.43804810862563426,0.0,1.0,1.0,1.0,1.0,0.8746197071393959,-0.484809620246337,0.0,1.0
25,2025-12-08 09:53:06,0,0.46719584629508865,1.9477777777777778,2.0,4.0,2.0,4.0,0.5262139236518698,-0.8503522249955627,0.0,1.0
25,2025-12-08 16:06:59,0,0.33011863486975285,6.231388888888889,1.0,1.0,3.0,5.0,-0.8788171126619653,-0.4771587602596087,0.0,1.0
25,2025-12-08 18:58:22,0,0.3254639300927469,2.856388888888889,2.0,3.0,4.0,7.0,-0.968147640378108,0.2503800040544406,0.0,1.0
25,2025-12-09 07:51:57,0,0.28208765679307307,12.893055555555556,1.0,1.0,5.0,8.0,0.8849876374630421,-0.465614520325111,0.7818314824680298,0.6234898018587336
25,2025-12-09 19:31:22,0,0.2813194281065864,11.656944444444445,1.0,3.0,2.0,4.0,-0.9222009716704518,0.3867109616368206,0.7818314824680298,0.6234898018587336
25,2025-12-10 03:59:08,1,0.35502902835998207,8.462777777777777,1.0,0.0,3.0,4.0,0.8638355052043957,0.5037739770455263,0.9749279121818236,-0.22252093395631434
25,2025-12-10 03:59:20,1,0.4663387814653888,0.0033333333333333335,2.0,0.0,4.0,4.0,0.8638355052043957,0.5037739770455263,0.9749279121818236,-0.22252093395631434
25,2025-12-10 03:59:34,0,0.45020676807958554,0.0038888888888888888,3.0,0.0,5.0,4.0,0.8638355052043957,0.5037739770455263,0.9749279121818236,-0.22252093395631434
25,2025-12-10 20:55:55,0,0.3064812090590437,16.939166666666665,1.0,1.0,4.0,1.0,-0.7223639620597554,0.6915130557822696,0.9749279121818236,-0.22252093395631434
25,2025-12-11 04:14:46,1,0.3539236887805391,7.314166666666667,1.0,2.0,2.0,3.0,0.8949343616020251,0.4461978131098087,0.43388373911755823,-0.900968867902419
25,2025-12-11 04:59:18,1,0.4804554646665648,0.7422222222222222,2.0,7.0,3.0,8.0,0.9647873238288129,0.26303121445797495,0.43388373911755823,-0.900968867902419
25,2025-12-11 05:04:04,0,0.4515035585484746,0.07944444444444444,3.0,7.0,4.0,8.0,0.9702957262759965,0.2419218955996679,0.43388373911755823,-0.900968867902419
25,2025-12-12 12:18:12,0,0.3387287247654153,24.0,1.0,1.0,1.0,1.0,-0.07845909572784526,-0.996917333733128,-0.433883739117558,-0.9009688679024191
25,2025-12-12 15:10:38,0,0.4500148364582258,2.8738888888888887,2.0,10.0,2.0,10.0,-0.7372773368101239,-0.6755902076156604,-0.433883739117558,-0.9009688679024191
25,2025-12-12 18:42:24,0,0.42394142625148157,3.5294444444444446,2.0,10.0,3.0,11.0,-0.9832549075639546,0.18223552549214742,-0.433883739117558,-0.9009688679024191
25,2025-12-13 01:16:34,1,0.6209388744507057,6.569444444444445,1.0,35.0,4.0,46.0,0.32556815445715664,0.9455185755993168,-0.9749279121818236,-0.2225209339563146
25,2025-12-13 01:52:46,1,0.5077723087362362,0.6033333333333334,2.0,35.0,5.0,46.0,0.4694715627858908,0.882947592858927,-0.9749279121818236,-0.2225209339563146
25,2025-12-13 03:31:25,0,0.3925381048152048,1.6441666666666668,3.0,36.0,6.0,47.0,0.796002002534622,0.6052939880428944,-0.9749279121818236,-0.2225209339563146
25,2025-12-13 19:28:43,1,0.7360832959010333,15.955,1.0,4.0,4.0,40.0,-0.9271838545667874,0.37460659341591196,-0.9749279121818236,-0.2225209339563146
25,2025-12-13 19:44:39,1,0.6327660538628642,0.26555555555555554,2.0,4.0,5.0,40.0,-0.898794046299167,0.4383711467890774,-0.9749279121818236,-0.2225209339563146
25,2025-12-13 19:44:43,0,0.21412416052358543,0.0011111111111111111,3.0,230.0,6.0,266.0,-0.898794046299167,0.4383711467890774,-0.9749279121818236,-0.2225209339563146
25,2025-12-15 14:12:05,1,0.4935994654587133,24.0,1.0,9.0,1.0,9.0,-0.5446390350150268,-0.8386705679454243,0.0,1.0
25,2025-12-15 14:21:15,1,0.5236712033536326,0.1527777777777778,2.0,9.0,2.0,9.0,-0.5771451900372334,-0.816641555161679,0.0,1.0
25,2025-12-15 14:21:28,1,0.5768085395984849,0.003611111111111111,3.0,11.0,3.0,11.0,-0.5771451900372334,-0.816641555161679,0.0,1.0
25,2025-12-15 14:23:57,1,0.636191240636737,0.04138888888888889,4.0,11.0,4.0,11.0,-0.5842496656374342,-0.8115739819650125,0.0,1.0
25,2025-12-15 14:54:32,1,0.6598601210131148,0.5097222222222222,5.0,12.0,5.0,12.0,-0.6883545756937541,-0.7253743710122875,0.0,1.0
25,2025-12-15 14:55:21,1,0.86760226420292,0.01361111111111111,6.0,15.0,6.0,15.0,-0.691513055782269,-0.722363962059756,0.0,1.0
25,2025-12-15 14:58:45,1,0.8628697585948424,0.056666666666666664,7.0,15.0,7.0,15.0,-0.7009092642998509,-0.7132504491541817,0.0,1.0
25,2025-12-15 14:59:07,1,0.8805853669825102,0.006111111111111111,8.0,16.0,8.0,16.0,-0.7040147244559681,-0.7101853756232857,0.0,1.0
25,2025-12-15 15:00:54,1,0.8161730631858446,0.029722222222222223,9.0,17.0,9.0,17.0,-0.7071067811865471,-0.7071067811865479,0.0,1.0
25,2025-12-15 15:02:06,0,0.7780719573187036,0.02,10.0,17.0,10.0,17.0,-0.7132504491541815,-0.7009092642998511,0.0,1.0
25,2025-12-15 19:26:57,0,0.33733573877610856,4.414166666666667,11.0,19.0,11.0,19.0,-0.9304175679820244,0.3665012267242977,0.0,1.0
25,2025-12-16 01:57:44,0,0.31429539546174473,6.513055555555556,1.0,2.0,12.0,21.0,0.48862124149695496,0.8724960070727972,0.7818314824680298,0.6234898018587336
25,2025-12-16 04:52:55,0,0.32603785219503223,2.919722222222222,2.0,3.0,13.0,22.0,0.9563047559630354,0.29237170472273677,0.7818314824680298,0.6234898018587336
25,2025-12-16 21:49:55,0,0.36696126382529776,16.95,1.0,13.0,3.0,16.0,-0.540974471367994,0.8410390129643923,0.7818314824680298,0.6234898018587336
25,2025-12-17 02:14:43,1,0.407711720078563,4.413333333333333,2.0,18.0,3.0,19.0,0.5519369853120581,0.8338858220671682,0.9749279121818236,-0.22252093395631434
25,2025-12-17 02:20:49,0,0.4435766928006407,0.10166666666666667,3.0,21.0,4.0,22.0,0.5735764363510462,0.8191520442889918,0.9749279121818236,-0.22252093395631434
25,2025-12-18 05:07:05,1,0.33850841368290085,24.0,1.0,1.0,1.0,1.0,0.9733792584604485,0.22920039092241426,0.43388373911755823,-0.900968867902419
25,2025-12-18 05:34:02,0,0.46087513693788934,0.44916666666666666,2.0,2.0,2.0,2.0,0.9935718556765875,0.11320321376790683,0.43388373911755823,-0.900968867902419
25,2025-12-18 10:04:43,0,0.4448231387250315,4.511388888888889,3.0,5.0,3.0,5.0,0.48480962024633717,-0.8746197071393957,0.43388373911755823,-0.900968867902419
25,2025-12-18 13:30:47,0,0.45610852509139815,3.4344444444444444,2.0,5.0,4.0,7.0,-0.38268343236508967,-0.9238795325112868,0.43388373911755823,-0.900968867902419
25,2025-12-18 15:42:27,1,0.4598463939384187,2.1944444444444446,3.0,6.0,5.0,8.0,-0.8241261886220151,-0.5664062369248336,0.43388373911755823,-0.900968867902419
25,2025-12-18 15:45:15,1,0.6345315859008607,0.04666666666666667,4.0,7.0,6.0,9.0,-0.8314696123025452,-0.5555702330196022,0.43388373911755823,-0.900968867902419
25,2025-12-18 15:48:54,1,0.6519632700620551,0.060833333333333336,5.0,8.0,7.0,10.0,-0.8386705679454242,-0.544639035015027,0.43388373911755823,-0.900968867902419
25,2025-12-18 16:59:06,0,0.4282645629690968,1.17,5.0,5.0,8.0,10.0,-0.964787323828813,-0.2630312144579744,0.43388373911755823,-0.900968867902419
25,2025-12-19 00:04:56,0,0.3379783774406358,7.097222222222222,1.0,2.0,9.0,12.0,0.01745240643728351,0.9998476951563913,-0.433883739117558,-0.9009688679024191
25,2025-12-19 05:16:10,0,0.40271596078290167,5.187222222222222,2.0,5.0,9.0,14.0,0.981627183447664,0.1908089953765447,-0.433883739117558,-0.9009688679024191
25,2026-01-08 11:14:15,0,0.44117498582441234,24.0,1.0,0.0,1.0,0.0,0.19936793441719725,-0.9799247046208296,0.43388373911755823,-0.900968867902419
25,2026-01-09 09:24:12,1,0.4142205376575488,22.16583333333333,1.0,0.0,2.0,0.0,0.6293203910498374,-0.7771459614569709,-0.433883739117558,-0.9009688679024191
25,2026-01-09 09:24:30,0,0.5184044216340995,0.005,2.0,4.0,3.0,4.0,0.6293203910498374,-0.7771459614569709,-0.433883739117558,-0.9009688679024191
25,2026-01-10 20:20:09,1,0.5411038002339241,24.0,1.0,21.0,1.0,21.0,-0.8191520442889918,0.573576436351046,-0.9749279121818236,-0.2225209339563146
25,2026-01-10 20:42:27,1,0.48030784928282266,0.37166666666666665,2.0,21.0,2.0,21.0,-0.7604059656000314,0.6494480483301832,-0.9749279121818236,-0.2225209339563146
25,2026-01-10 20:44:04,1,0.4597795154145499,0.026944444444444444,3.0,21.0,3.0,21.0,-0.7547095802227722,0.656059028990507,-0.9749279121818236,-0.2225209339563146
25,2026-01-10 20:45:13,1,0.5144164572671853,0.019166666666666665,4.0,21.0,4.0,21.0,-0.7518398074789772,0.6593458151000691,-0.9749279121818236,-0.2225209339563146
25,2026-01-10 20:46:03,1,0.5580159244726586,0.013888888888888888,5.0,21.0,5.0,21.0,-0.7489557207890021,0.6626200482157375,-0.9749279121818236,-0.2225209339563146
25,2026-01-10 20:46:07,1,0.69930975628858,0.0011111111111111111,6.0,24.0,6.0,24.0,-0.7489557207890021,0.6626200482157375,-0.9749279121818236,-0.2225209339563146
25,2026-01-10 21:34:32,1,0.6834424695732172,0.8069444444444445,7.0,26.0,7.0,26.0,-0.5948227867513417,0.8038568606172171,-0.9749279121818236,-0.2225209339563146
25,2026-01-10 21:36:28,1,0.6723201946874462,0.03222222222222222,8.0,27.0,8.0,27.0,-0.5877852522924734,0.8090169943749473,-0.9749279121818236,-0.2225209339563146
25,2026-01-10 21:40:27,0,0.6167957432142928,0.06638888888888889,9.0,28.0,9.0,28.0,-0.5735764363510465,0.8191520442889916,-0.9749279121818236,-0.2225209339563146
26,2025-12-07 21:45:38,0,0.34142981778551534,0.0,1.0,10.0,1.0,10.0,-0.555570233019603,0.8314696123025448,-0.7818314824680299,0.6234898018587334
26,2025-12-08 05:17:50,0,0.27959155859423634,7.536666666666667,1.0,4.0,2.0,14.0,0.9824503977255097,0.1865240360087348,0.0,1.0
26,2025-12-08 08:13:09,0,0.406392427957357,2.9219444444444442,2.0,8.0,3.0,18.0,0.8362861558477597,-0.5482932295199137,0.0,1.0
26,2025-12-08 14:21:24,1,0.4797671425059806,6.1375,1.0,53.0,4.0,71.0,-0.5771451900372334,-0.816641555161679,0.0,1.0
26,2025-12-08 15:16:18,0,0.3871427285104992,0.915,2.0,54.0,5.0,72.0,-0.754709580222772,-0.6560590289905073,0.0,1.0
26,2025-12-09 04:40:15,0,0.26854108115327074,13.399166666666666,1.0,3.0,5.0,65.0,0.9396926207859084,0.3420201433256686,0.7818314824680298,0.6234898018587336
26,2025-12-09 09:18:41,0,0.3547960840330919,4.640555555555555,2.0,4.0,4.0,58.0,0.6494480483301838,-0.7604059656000308,0.7818314824680298,0.6234898018587336
26,2025-12-09 18:43:19,0,0.2993166489975671,9.410555555555556,1.0,2.0,3.0,6.0,-0.98245039772551,0.18652403600873346,0.7818314824680298,0.6234898018587336
26,2025-12-09 23:11:53,1,0.43305433699425344,4.476111111111111,2.0,5.0,4.0,9.0,-0.21217767215644567,0.977231106462679,0.7818314824680298,0.6234898018587336
26,2025-12-09 23:14:49,0,0.3858902681410249,0.04888888888888889,3.0,6.0,5.0,10.0,-0.19936793441719736,0.9799247046208296,0.7818314824680298,0.6234898018587336
26,2025-12-10 02:34:16,0,0.41061794681675956,3.3241666666666667,3.0,6.0,6.0,12.0,0.6225146366376195,0.7826081568524139,0.9749279121818236,-0.22252093395631434
26,2025-12-10 06:40:51,0,0.38283608413914033,4.1097222222222225,2.0,5.0,6.0,12.0,0.984807753012208,-0.1736481776669303,0.9749279121818236,-0.22252093395631434
26,2025-12-10 12:43:14,0,0.4000053878062571,6.039722222222222,1.0,0.0,6.0,11.0,-0.18652403600873438,-0.9824503977255098,0.9749279121818236,-0.22252093395631434
26,2025-12-10 19:52:58,0,0.2788929964573772,7.162222222222222,1.0,4.0,6.0,13.0,-0.8829475928589268,0.4694715627858912,0.9749279121818236,-0.22252093395631434
26,2025-12-11 00:39:12,0,0.430282786039418,4.770555555555555,2.0,13.0,5.0,18.0,0.1693495038490246,0.9855560590580777,0.43388373911755823,-0.900968867902419
26,2025-12-11 03:28:40,1,0.44432807376006067,2.8244444444444445,2.0,10.0,5.0,17.0,0.788010753606722,0.6156614753256583,0.43388373911755823,-0.900968867902419
26,2025-12-11 04:27:25,1,0.47795561192572533,0.9791666666666666,3.0,10.0,6.0,17.0,0.9187912101488983,0.3947438563842672,0.43388373911755823,-0.900968867902419
26,2025-12-11 04:34:31,0,0.49795072245791083,0.11833333333333333,4.0,11.0,7.0,18.0,0.9304175679820246,0.3665012267242973,0.43388373911755823,-0.900968867902419
26,2025-12-11 10:38:58,1,0.467898619157046,6.074166666666667,1.0,2.0,7.0,17.0,0.35020738125946793,-0.9366721892483975,0.43388373911755823,-0.900968867902419
26,2025-12-11 10:40:53,1,0.5638817392229949,0.03194444444444444,2.0,4.0,8.0,19.0,0.3420201433256689,-0.9396926207859083,0.43388373911755823,-0.900968867902419
26,2025-12-11 12:32:43,1,0.5424565560831686,1.863888888888889,3.0,5.0,9.0,20.0,-0.13917310096006552,-0.9902680687415703,0.43388373911755823,-0.900968867902419
26,2025-12-11 12:33:38,1,0.6850365882250595,0.015277777777777777,4.0,6.0,10.0,21.0,-0.14349262199117954,-0.9896513868196701,0.43388373911755823,-0.900968867902419
26,2025-12-11 12:35:09,1,0.6858225998195269,0.025277777777777777,5.0,6.0,11.0,21.0,-0.15212338618991683,-0.9883615104677607,0.43388373911755823,-0.900968867902419
26,2025-12-11 12:35:35,0,0.7106899433402163,0.007222222222222222,6.0,7.0,12.0,22.0,-0.15212338618991683,-0.9883615104677607,0.43388373911755823,-0.900968867902419
26,2025-12-11 22:29:59,0,0.2719326910778967,9.906666666666666,1.0,2.0,11.0,20.0,-0.38671096163682017,0.922200971670452,0.43388373911755823,-0.900968867902419
26,2025-12-12 01:06:09,1,0.5582301830432108,2.602777777777778,2.0,8.0,11.0,17.0,0.28401534470392265,0.958819734868193,-0.433883739117558,-0.9009688679024191
26,2025-12-12 02:26:51,1,0.5432821868259703,1.345,3.0,9.0,12.0,18.0,0.5948227867513413,0.8038568606172173,-0.433883739117558,-0.9009688679024191
26,2025-12-12 02:31:03,1,0.6132389628257745,0.07,4.0,10.0,13.0,19.0,0.6122172800344493,0.7906895737438434,-0.433883739117558,-0.9009688679024191
26,2025-12-12 02:52:03,0,0.5456800118113277,0.35,5.0,13.0,14.0,22.0,0.6819983600624985,0.7313537016191706,-0.433883739117558,-0.9009688679024191
26,2025-12-12 06:16:30,0,0.4249633646922523,3.4075,5.0,14.0,12.0,23.0,0.9975640502598242,-0.06975647374412533,-0.433883739117558,-0.9009688679024191
26,2025-12-12 10:53:45,1,0.5664201253997879,4.620833333333334,2.0,5.0,11.0,21.0,0.28819626813408944,-0.9575713608048144,-0.433883739117558,-0.9009688679024191
26,2025-12-12 10:55:43,0,0.5718759259249243,0.03277777777777778,3.0,7.0,12.0,23.0,0.2798290140309927,-0.9600498543859285,-0.433883739117558,-0.9009688679024191
26,2025-12-12 14:25:02,1,0.5330135809862248,3.488611111111111,3.0,10.0,9.0,26.0,-0.5913096483635824,-0.8064446042674825,-0.433883739117558,-0.9009688679024191
26,2025-12-12 14:31:38,0,0.6568688338444792,0.11,4.0,13.0,10.0,29.0,-0.6122172800344494,-0.7906895737438432,-0.433883739117558,-0.9009688679024191
26,2025-12-12 18:13:01,1,0.5120890310431577,3.689722222222222,3.0,11.0,11.0,31.0,-0.9983916705573488,0.056692787563377346,-0.433883739117558,-0.9009688679024191
26,2025-12-12 18:43:48,0,0.464428811392909,0.5130555555555556,4.0,12.0,12.0,32.0,-0.98245039772551,0.18652403600873346,-0.433883739117558,-0.9009688679024191
26,2025-12-13 01:16:37,0,0.4463627634696081,6.546944444444445,1.0,40.0,11.0,64.0,0.32556815445715664,0.9455185755993168,-0.9749279121818236,-0.2225209339563146
26,2025-12-13 09:42:19,0,0.41470032568826504,8.428333333333333,1.0,4.0,8.0,60.0,0.5664062369248332,-0.8241261886220155,-0.9749279121818236,-0.2225209339563146
26,2025-12-13 18:46:51,1,0.6859235477931267,9.075555555555555,1.0,6.0,3.0,50.0,-0.9799247046208297,0.19936793441719694,-0.9749279121818236,-0.2225209339563146
26,2025-12-13 19:33:46,1,0.6090342180200412,0.7819444444444444,2.0,7.0,4.0,51.0,-0.9187912101488985,0.39474385638426673,-0.9749279121818236,-0.2225209339563146
26,2025-12-13 19:39:59,0,0.18179550973329092,0.10361111111111111,3.0,243.0,5.0,287.0,-0.9081431738250815,0.4186597375374277,-0.9749279121818236,-0.2225209339563146
26,2025-12-14 03:04:29,1,0.37458404141112484,7.408333333333333,1.0,47.0,5.0,294.0,0.7193398003386512,0.6946583704589973,-0.7818314824680299,0.6234898018587334
26,2025-12-14 03:51:36,0,0.3430187652809053,0.7852777777777777,2.0,49.0,6.0,296.0,0.8457278217039733,0.5336145159156114,-0.7818314824680299,0.6234898018587334
26,2025-12-14 06:13:56,1,0.521016006390774,2.3722222222222222,3.0,49.0,7.0,296.0,0.9983916705573488,-0.05669278756337747,-0.7818314824680299,0.6234898018587334
26,2025-12-14 06:13:59,1,0.676178144331929,0.0008333333333333334,4.0,50.0,8.0,297.0,0.9983916705573488,-0.05669278756337747,-0.7818314824680299,0.6234898018587334
26,2025-12-14 06:14:17,1,0.6795455522845085,0.005,5.0,51.0,9.0,298.0,0.998134798421867,-0.06104853953485678,-0.7818314824680299,0.6234898018587334
26,2025-12-14 07:37:56,1,0.6722315005019521,1.3941666666666668,6.0,52.0,10.0,299.0,0.9117620435770886,-0.4107188526134773,-0.7818314824680299,0.6234898018587334
26,2025-12-14 09:07:54,1,0.6810437246788106,1.4994444444444444,6.0,5.0,11.0,299.0,0.685182990326359,-0.7283709698824005,-0.7818314824680299,0.6234898018587334
26,2025-12-14 09:07:57,1,0.827826445251455,0.0008333333333333334,7.0,8.0,12.0,302.0,0.685182990326359,-0.7283709698824005,-0.7818314824680299,0.6234898018587334
26,2025-12-14 09:17:52,1,0.8191550272823949,0.16527777777777777,8.0,9.0,13.0,303.0,0.6527597524627227,-0.7575649843840494,-0.7818314824680299,0.6234898018587334
26,2025-12-14 09:18:43,1,0.8470519120965563,0.014166666666666666,9.0,13.0,14.0,307.0,0.6494480483301838,-0.7604059656000308,-0.7818314824680299,0.6234898018587334
26,2025-12-14 09:59:11,1,0.8004918404141225,0.6744444444444444,9.0,15.0,14.0,307.0,0.5037739770455267,-0.8638355052043954,-0.7818314824680299,0.6234898018587334
26,2025-12-14 10:48:09,1,0.7435632864636617,0.8161111111111111,10.0,22.0,15.0,314.0,0.3090169943749475,-0.9510565162951535,-0.7818314824680299,0.6234898018587334
26,2025-12-14 12:15:19,0,0.35908898810754813,1.4527777777777777,8.0,21.0,16.0,315.0,-0.06540312923014287,-0.9978589232386035,-0.7818314824680299,0.6234898018587334
26,2025-12-15 03:34:01,1,0.418879596980943,15.311666666666667,1.0,2.0,13.0,27.0,0.8038568606172173,0.5948227867513414,0.0,1.0
26,2025-12-15 03:48:40,0,0.4243503459824267,0.24416666666666667,2.0,5.0,14.0,30.0,0.8386705679454239,0.5446390350150271,0.0,1.0
26,2025-12-15 16:57:44,1,0.3509385758795473,13.151111111111112,1.0,3.0,3.0,8.0,-0.9624552364536471,-0.27144044986507504,0.0,1.0
26,2025-12-15 17:15:16,0,0.37265120895999126,0.2922222222222222,2.0,4.0,4.0,9.0,-0.9807852804032303,-0.19509032201612866,0.0,1.0
26,2025-12-17 00:37:24,1,0.3604644745619231,24.0,1.0,2.0,1.0,2.0,0.1607425656038261,0.9869963665602319,0.9749279121818236,-0.22252093395631434
26,2025-12-17 00:39:40,1,0.5015111996697211,0.03777777777777778,2.0,3.0,2.0,3.0,0.1693495038490246,0.9855560590580777,0.9749279121818236,-0.22252093395631434
26,2025-12-17 01:07:53,1,0.4561930313166934,0.4702777777777778,3.0,4.0,3.0,4.0,0.28819626813408933,0.9575713608048144,0.9749279121818236,-0.22252093395631434
26,2025-12-17 01:08:16,0,0.4797646268931798,0.006388888888888889,4.0,4.0,4.0,4.0,0.2923717047227367,0.9563047559630355,0.9749279121818236,-0.22252093395631434
26,2025-12-17 11:31:56,1,0.554548560513832,10.394444444444444,1.0,7.0,5.0,11.0,0.12619896913582956,-0.992004949679715,0.9749279121818236,-0.22252093395631434
26,2025-12-17 11:58:37,0,0.4340179289008244,0.44472222222222224,2.0,20.0,6.0,24.0,0.008726535498373959,-0.9999619230641713,0.9749279121818236,-0.22252093395631434
26,2025-12-17 17:17:00,1,0.46843886954491004,5.306388888888889,3.0,30.0,7.0,34.0,-0.9824503977255099,-0.18652403600873382,0.9749279121818236,-0.22252093395631434
26,2025-12-17 18:10:03,0,0.38036745705342795,0.8841666666666667,2.0,23.0,8.0,47.0,-0.9990482215818578,0.043619387365335764,0.9749279121818236,-0.22252093395631434
26,2025-12-18 04:27:53,0,0.3268710109657529,10.297222222222222,1.0,5.0,5.0,48.0,0.9187912101488983,0.3947438563842672,0.43388373911755823,-0.900968867902419
26,2025-12-18 09:59:05,1,0.4942315462940219,5.52,2.0,5.0,6.0,48.0,0.5037739770455267,-0.8638355052043954,0.43388373911755823,-0.900968867902419
26,2025-12-18 10:05:24,0,0.4942681844609211,0.10527777777777778,3.0,5.0,7.0,48.0,0.48098876891938763,-0.8767267557075077,0.43388373911755823,-0.900968867902419
26,2025-12-18 14:24:43,1,0.43650131643832224,4.321944444444444,3.0,3.0,6.0,31.0,-0.587785252292473,-0.8090169943749475,0.43388373911755823,-0.900968867902419
26,2025-12-18 14:48:58,1,0.6219127081098139,0.4041666666666667,4.0,6.0,7.0,34.0,-0.6691306063588582,-0.7431448254773942,0.43388373911755823,-0.900968867902419
26,2025-12-18 15:41:09,1,0.6102707794435307,0.8697222222222222,5.0,7.0,8.0,35.0,-0.8216469379421638,-0.5699967625963028,0.43388373911755823,-0.900968867902419
26,2025-12-18 16:24:41,1,0.6337809434076623,0.7255555555555555,4.0,20.0,9.0,48.0,-0.9135454576426005,-0.40673664307580093,0.43388373911755823,-0.900968867902419
26,2025-12-18 17:10:10,0,0.4603961861733202,0.7580555555555556,5.0,21.0,10.0,49.0,-0.9762960071199334,-0.21643961393810282,0.43388373911755823,-0.900968867902419
26,2025-12-19 02:31:09,1,0.37107789651871026,9.349722222222223,1.0,1.0,9.0,27.0,0.6122172800344493,0.7906895737438434,-0.433883739117558,-0.9009688679024191
26,2025-12-19 02:32:31,1,0.4614129481119047,0.02277777777777778,2.0,1.0,10.0,27.0,0.6156614753256582,0.788010753606722,-0.433883739117558,-0.9009688679024191
26,2025-12-19 02:32:54,0,0.44977226728692876,0.006388888888888889,3.0,3.0,11.0,29.0,0.6156614753256582,0.788010753606722,-0.433883739117558,-0.9009688679024191
26,2025-12-19 04:40:39,0,0.4109415431976593,2.129166666666667,4.0,5.0,11.0,26.0,0.9396926207859084,0.3420201433256686,-0.433883739117558,-0.9009688679024191
26,2025-12-19 07:22:58,0,0.4363173423661195,2.705277777777778,5.0,7.0,12.0,28.0,0.9366721892483977,-0.3502073812594673,-0.433883739117558,-0.9009688679024191
26,2025-12-19 09:33:02,1,0.5883047149323003,2.167777777777778,3.0,8.0,13.0,32.0,0.5983246005706588,-0.8012538126910608,-0.433883739117558,-0.9009688679024191
26,2025-12-19 10:51:12,1,0.6211951763572465,1.3027777777777778,3.0,9.0,12.0,35.0,0.296541574975571,-0.9550199444571866,-0.433883739117558,-0.9009688679024191
26,2025-12-19 11:15:31,1,0.7158458949369166,0.4052777777777778,4.0,10.0,13.0,36.0,0.19509032201612816,-0.9807852804032304,-0.433883739117558,-0.9009688679024191
26,2025-12-19 11:17:46,1,0.7460178023841455,0.0375,5.0,12.0,14.0,38.0,0.18652403600873463,-0.9824503977255097,-0.433883739117558,-0.9009688679024191
26,2025-12-19 11:23:45,1,0.7946014012692131,0.09972222222222223,6.0,22.0,15.0,48.0,0.16074256560382638,-0.9869963665602318,-0.433883739117558,-0.9009688679024191
26,2025-12-19 11:33:29,1,0.80808341348334,0.1622222222222222,7.0,26.0,16.0,52.0,0.11753739745783798,-0.9930684569549263,-0.433883739117558,-0.9009688679024191
26,2025-12-19 12:37:14,0,0.6205877176325019,1.0625,8.0,26.0,17.0,52.0,-0.16074256560382613,-0.9869963665602319,-0.433883739117558,-0.9009688679024191
26,2025-12-19 15:59:54,1,0.5661445498117329,3.3777777777777778,7.0,20.0,15.0,45.0,-0.8638355052043956,-0.5037739770455264,-0.433883739117558,-0.9009688679024191
26,2025-12-19 15:59:57,1,0.8694050358961397,0.0008333333333333334,8.0,21.0,16.0,46.0,-0.8638355052043956,-0.5037739770455264,-0.433883739117558,-0.9009688679024191
26,2025-12-19 16:00:40,1,0.8584163257884082,0.011944444444444445,9.0,22.0,17.0,47.0,-0.8660254037844384,-0.5000000000000004,-0.433883739117558,-0.9009688679024191
26,2025-12-19 16:06:05,1,0.84421947162697,0.09027777777777778,10.0,22.0,18.0,47.0,-0.8788171126619653,-0.4771587602596087,-0.433883739117558,-0.9009688679024191
26,2025-12-19 17:26:06,0,0.34130490281594594,1.333611111111111,7.0,17.0,17.0,44.0,-0.9890158633619168,-0.14780941112961046,-0.433883739117558,-0.9009688679024191
26,2025-12-19 19:27:43,0,0.3405130024371496,2.0269444444444447,6.0,15.0,18.0,46.0,-0.9288095528719245,0.37055743750983555,-0.433883739117558,-0.9009688679024191
26,2025-12-19 22:23:33,0,0.4156517543407684,2.9305555555555554,3.0,14.0,19.0,47.0,-0.4107188526134778,0.9117620435770883,-0.433883739117558,-0.9009688679024191
26,2025-12-20 00:48:28,1,0.5123287957027117,2.415277777777778,3.0,3.0,20.0,47.0,0.20791169081775931,0.9781476007338057,-0.9749279121818236,-0.2225209339563146
26,2025-12-20 00:53:21,1,0.5183268760589003,0.08138888888888889,4.0,3.0,21.0,47.0,0.22920039092241412,0.9733792584604485,-0.9749279121818236,-0.2225209339563146
26,2025-12-20 00:53:25,1,0.5957719620389559,0.0011111111111111111,5.0,5.0,22.0,49.0,0.22920039092241412,0.9733792584604485,-0.9749279121818236,-0.2225209339563146
26,2025-12-20 00:55:23,0,0.6585484997216469,0.03277777777777778,6.0,5.0,23.0,49.0,0.23768589232617307,0.9713420698132614,-0.9749279121818236,-0.2225209339563146
26,2025-12-20 05:23:44,1,0.36865210128591663,4.4725,5.0,22.0,20.0,64.0,0.9869963665602319,0.1607425656038261,-0.9749279121818236,-0.2225209339563146
26,2025-12-20 05:44:02,1,0.6224894693855192,0.3383333333333333,6.0,22.0,21.0,64.0,0.9975640502598242,0.06975647374412546,-0.9749279121818236,-0.2225209339563146
26,2025-12-20 06:18:01,1,0.6150880384882208,0.5663888888888889,7.0,37.0,22.0,79.0,0.996917333733128,-0.07845909572784467,-0.9749279121818236,-0.2225209339563146
26,2025-12-20 07:23:56,1,0.5314170863483825,1.0986111111111112,4.0,36.0,22.0,78.0,0.9351352096860117,-0.35429103799771566,-0.9749279121818236,-0.2225209339563146
26,2025-12-20 07:25:00,1,0.6444820775027869,0.017777777777777778,5.0,36.0,23.0,78.0,0.9320078692827986,-0.3624380382837016,-0.9749279121818236,-0.2225209339563146
26,2025-12-20 09:05:59,1,0.6007603365038254,1.6830555555555555,6.0,37.0,24.0,79.0,0.6915130557822695,-0.7223639620597555,-0.9749279121818236,-0.2225209339563146
26,2025-12-20 09:06:12,1,0.7544084441476897,0.003611111111111111,7.0,38.0,25.0,80.0,0.6883545756937542,-0.7253743710122874,-0.9749279121818236,-0.2225209339563146
26,2025-12-20 09:08:14,1,0.7532563126903922,0.03388888888888889,8.0,38.0,26.0,80.0,0.6819983600624986,-0.7313537016191705,-0.9749279121818236,-0.2225209339563146
26,2025-12-20 10:13:24,1,0.6492146330955546,1.086111111111111,9.0,39.0,26.0,77.0,0.45009844103743496,-0.892978943411137,-0.9749279121818236,-0.2225209339563146
26,2025-12-20 10:48:59,1,0.7436549761540128,0.5930555555555556,10.0,40.0,27.0,78.0,0.3090169943749475,-0.9510565162951535,-0.9749279121818236,-0.2225209339563146
26,2025-12-20 10:49:04,1,0.732282809878623,0.001388888888888889,11.0,40.0,28.0,78.0,0.30486429902801077,-0.9523957996432784,-0.9749279121818236,-0.2225209339563146
26,2025-12-20 10:57:22,1,0.7371036794986222,0.13833333333333334,12.0,41.0,28.0,76.0,0.2714404498650746,-0.9624552364536472,-0.9749279121818236,-0.2225209339563146
26,2025-12-20 12:09:29,1,0.5473542823920738,1.2019444444444445,11.0,37.0,25.0,75.0,-0.03925981575906871,-0.9992290362407229,-0.9749279121818236,-0.2225209339563146
26,2025-12-20 12:25:26,0,0.7406225187654221,0.2658333333333333,11.0,26.0,26.0,79.0,-0.10886687485196432,-0.9940563382223196,-0.9749279121818236,-0.2225209339563146
26,2025-12-20 14:28:03,1,0.5819208425683766,2.0436111111111113,10.0,26.0,26.0,80.0,-0.6018150231520484,-0.7986355100472928,-0.9749279121818236,-0.2225209339563146
26,2025-12-20 16:08:05,0,0.6032658768296993,1.6672222222222222,8.0,24.0,23.0,78.0,-0.8829475928589265,-0.4694715627858915,-0.9749279121818236,-0.2225209339563146
26,2025-12-20 20:19:58,0,0.4076084708120643,4.198055555555555,3.0,4.0,22.0,68.0,-0.821646937942164,0.5699967625963025,-0.9749279121818236,-0.2225209339563146
26,2025-12-20 23:36:00,0,0.4685205119290622,3.2672222222222222,2.0,3.0,22.0,67.0,-0.10452846326765342,0.9945218953682733,-0.9749279121818236,-0.2225209339563146
26,2025-12-21 05:00:10,0,0.31696972925273587,5.402777777777778,2.0,0.0,19.0,65.0,0.9659258262890683,0.25881904510252074,-0.7818314824680299,0.6234898018587334
26,2025-12-21 07:46:59,1,0.41404605399177724,2.7802777777777776,2.0,2.0,15.0,31.0,0.894934361602025,-0.4461978131098088,-0.7818314824680299,0.6234898018587334
26,2025-12-21 08:04:30,1,0.4968028956209111,0.29194444444444445,3.0,2.0,16.0,31.0,0.8571673007021124,-0.5150380749100538,-0.7818314824680299,0.6234898018587334
26,2025-12-21 08:04:55,0,0.6775592093926655,0.006944444444444444,4.0,6.0,17.0,35.0,0.8571673007021124,-0.5150380749100538,-0.7818314824680299,0.6234898018587334
26,2025-12-21 10:34:49,1,0.5705274624905059,2.4983333333333335,5.0,6.0,14.0,32.0,0.3665012267242976,-0.9304175679820245,-0.7818314824680299,0.6234898018587334
26,2025-12-21 11:05:04,1,0.6635213565359683,0.5041666666666667,5.0,11.0,12.0,35.0,0.23768589232617293,-0.9713420698132614,-0.7818314824680299,0.6234898018587334
26,2025-12-21 11:34:14,1,0.7340793064065635,0.4861111111111111,6.0,13.0,13.0,37.0,0.11320321376790689,-0.9935718556765875,-0.7818314824680299,0.6234898018587334
26,2025-12-21 12:48:59,1,0.6045750084954071,1.2458333333333333,7.0,15.0,12.0,19.0,-0.20791169081775907,-0.9781476007338057,-0.7818314824680299,0.6234898018587334
26,2025-12-21 12:51:09,1,0.8239642238767173,0.03611111111111111,8.0,15.0,13.0,19.0,-0.22069743502150088,-0.9753423205085128,-0.7818314824680299,0.6234898018587334
26,2025-12-21 13:24:50,1,0.7869266489181469,0.5613888888888889,9.0,17.0,14.0,21.0,-0.35836794954530043,-0.9335804264972016,-0.7818314824680299,0.6234898018587334
26,2025-12-21 13:53:03,1,0.7974777500791467,0.4702777777777778,9.0,15.0,15.0,21.0,-0.47331966718484325,-0.8808907382053857,-0.7818314824680299,0.6234898018587334
26,2025-12-21 13:53:12,1,0.8988490527476687,0.0025,10.0,15.0,16.0,21.0,-0.47331966718484325,-0.8808907382053857,-0.7818314824680299,0.6234898018587334
26,2025-12-21 14:13:12,0,0.7994137145793185,0.3333333333333333,9.0,11.0,17.0,21.0,-0.548293229519914,-0.8362861558477594,-0.7818314824680299,0.6234898018587334
26,2025-12-21 20:44:43,0,0.2775748475347837,6.525277777777778,1.0,2.0,15.0,19.0,-0.7547095802227722,0.656059028990507,-0.7818314824680299,0.6234898018587334
26,2025-12-21 23:28:25,1,0.43510319402101383,2.7283333333333335,2.0,2.0,16.0,19.0,-0.13917310096006677,0.9902680687415701,-0.7818314824680299,0.6234898018587334
26,2025-12-21 23:28:29,1,0.5614577722373175,0.0011111111111111111,3.0,3.0,17.0,20.0,-0.13917310096006677,0.9902680687415701,-0.7818314824680299,0.6234898018587334
26,2025-12-21 23:29:05,0,0.5632907891587924,0.01,4.0,3.0,18.0,20.0,-0.13485093027372372,0.9908658973868821,-0.7818314824680299,0.6234898018587334
26,2025-12-22 02:15:22,1,0.45289167843775036,2.7713888888888887,5.0,6.0,18.0,23.0,0.5555702330196022,0.8314696123025452,0.0,1.0
26,2025-12-22 03:12:10,1,0.4874098271854941,0.9466666666666667,5.0,7.0,19.0,26.0,0.7431448254773942,0.6691306063588582,0.0,1.0
26,2025-12-22 03:21:50,1,0.7158117116829602,0.16111111111111112,6.0,8.0,20.0,27.0,0.7688418320734596,0.6394390019805847,0.0,1.0
26,2025-12-22 05:01:01,0,0.3954218863208648,1.6530555555555555,7.0,8.0,20.0,27.0,0.9670459389139431,0.2546019482055276,0.0,1.0
26,2025-12-22 08:09:46,1,0.47591026745076676,3.1458333333333335,5.0,11.0,18.0,25.0,0.8457278217039732,-0.5336145159156115,0.0,1.0
26,2025-12-22 08:33:49,0,0.6222551688073373,0.4008333333333333,5.0,12.0,19.0,29.0,0.7853169308807448,-0.6190939493098341,0.0,1.0
26,2025-12-22 11:58:44,1,0.49057814763641844,3.415277777777778,3.0,21.0,17.0,35.0,0.008726535498373959,-0.9999619230641713,0.0,1.0
26,2025-12-22 12:12:11,1,0.6193618842956137,0.22416666666666665,4.0,22.0,18.0,36.0,-0.052335956242943564,-0.9986295347545738,0.0,1.0
26,2025-12-22 12:45:40,0,0.6389022922615526,0.5580555555555555,5.0,23.0,19.0,37.0,-0.19509032201612792,-0.9807852804032305,0.0,1.0
26,2026-01-05 09:05:26,1,0.3646795526130939,24.0,1.0,6.0,1.0,6.0,0.6915130557822695,-0.7223639620597555,0.0,1.0
26,2026-01-05 09:19:37,1,0.5202992887230744,0.2363888888888889,2.0,10.0,2.0,10.0,0.6461239796429642,-0.7632324697825287,0.0,1.0
26,2026-01-05 09:23:50,1,0.54304564399696,0.07027777777777777,3.0,12.0,3.0,12.0,0.6327053285625162,-0.7743926440821856,0.0,1.0
26,2026-01-05 09:23:50,1,0.5398809480539761,0.07027777777777777,3.0,12.0,4.0,12.0,0.6327053285625162,-0.7743926440821856,0.0,1.0
26,2026-01-05 09:23:50,1,0.6021284416868042,0.07027777777777777,4.0,12.0,3.0,12.0,0.6327053285625162,-0.7743926440821856,0.0,1.0
26,2026-01-05 09:23:50,1,0.5997157971318398,0.07027777777777777,4.0,12.0,4.0,12.0,0.6327053285625162,-0.7743926440821856,0.0,1.0
26,2026-01-05 09:23:50,0,0.4511253064792028,0.0,3.0,12.0,3.0,12.0,0.6327053285625162,-0.7743926440821856,0.0,1.0
26,2026-01-05 09:23:50,0,0.446371294039451,0.0,3.0,12.0,4.0,12.0,0.6327053285625162,-0.7743926440821856,0.0,1.0
26,2026-01-05 09:23:50,0,0.4522992463193614,0.0,4.0,12.0,3.0,12.0,0.6327053285625162,-0.7743926440821856,0.0,1.0
26,2026-01-05 09:23:50,0,0.4501681202343088,0.0,4.0,12.0,4.0,12.0,0.6327053285625162,-0.7743926440821856,0.0,1.0
26,2026-01-08 10:12:18,0,0.3281526467890306,24.0,1.0,1.0,1.0,1.0,0.4539904997395473,-0.8910065241883676,0.43388373911755823,-0.900968867902419
26,2026-01-10 06:12:19,1,0.5005076383218523,24.0,1.0,1.0,1.0,1.0,0.9986295347545738,-0.05233595624294384,-0.9749279121818236,-0.2225209339563146
26,2026-01-10 06:51:23,1,0.5292216281720237,0.6511111111111111,2.0,1.0,2.0,1.0,0.9753423205085128,-0.22069743502150074,-0.9749279121818236,-0.2225209339563146
26,2026-01-10 07:02:19,0,0.5260992299214987,0.18222222222222223,3.0,1.0,3.0,1.0,0.963630453208623,-0.26723837607825685,-0.9749279121818236,-0.2225209339563146
26,2026-01-10 17:07:43,0,0.6915599993635944,10.09,1.0,6.0,4.0,7.0,-0.9733792584604485,-0.22920039092241418,-0.9749279121818236,-0.2225209339563146
26,2026-01-11 04:21:11,0,0.3485970724170584,11.224444444444444,1.0,3.0,5.0,10.0,0.9081431738250813,0.41865973753742813,-0.7818314824680299,0.6234898018587334
26,2026-01-11 17:08:20,1,0.3465559298910899,12.785833333333333,1.0,4.0,2.0,7.0,-0.9743700647852351,-0.22495105434386525,-0.7818314824680299,0.6234898018587334
26,2026-01-11 18:50:25,0,0.43998555647035237,1.7013888888888888,2.0,8.0,3.0,11.0,-0.9762960071199335,0.21643961393810246,-0.7818314824680299,0.6234898018587334
26,2026-01-12 17:19:55,1,0.3121920350348983,22.491666666666667,1.0,1.0,2.0,5.0,-0.9840406976462909,-0.17794354547384147,0.0,1.0
26,2026-01-12 18:04:42,1,0.4104572372571749,0.7463888888888889,2.0,6.0,3.0,10.0,-0.9998476951563913,0.01745240643728313,0.0,1.0
27,2025-12-07 16:47:32,0,0.3092906571349306,0.0,1.0,1.0,1.0,1.0,-0.949699126201877,-0.3131638064837495,-0.7818314824680299,0.6234898018587334
27,2025-12-08 19:52:14,1,0.4300305083403931,24.0,1.0,6.0,1.0,6.0,-0.8829475928589268,0.4694715627858912,0.0,1.0
27,2025-12-08 20:02:55,1,0.4743671166282396,0.17805555555555555,2.0,8.0,2.0,8.0,-0.8616291604415255,0.5075383629607045,0.0,1.0
27,2025-12-08 20:05:10,1,0.46580077565841776,0.0375,3.0,8.0,3.0,8.0,-0.8549118706729468,0.5187732581605211,0.0,1.0
27,2025-12-08 20:05:13,0,0.45115411241755454,0.0008333333333333334,4.0,8.0,4.0,8.0,-0.8549118706729468,0.5187732581605211,0.0,1.0
27,2025-12-09 18:32:00,1,0.3337566073601336,22.44638888888889,1.0,1.0,5.0,9.0,-0.9902680687415704,0.13917310096006547,0.7818314824680298,0.6234898018587336
27,2025-12-09 18:51:15,0,0.36902862652781593,0.32083333333333336,2.0,2.0,6.0,10.0,-0.9753423205085127,0.22069743502150127,0.7818314824680298,0.6234898018587336
27,2025-12-10 04:41:27,0,0.30523867046919717,9.836666666666666,1.0,3.0,3.0,5.0,0.9411760152563706,0.3379167180033269,0.9749279121818236,-0.22252093395631434
27,2025-12-10 07:46:17,1,0.4140073962215968,3.0805555555555557,2.0,4.0,4.0,6.0,0.894934361602025,-0.4461978131098088,0.9749279121818236,-0.22252093395631434
27,2025-12-10 07:56:58,0,0.4215149943554299,0.17805555555555555,3.0,6.0,5.0,8.0,0.8746197071393959,-0.484809620246337,0.9749279121818236,-0.22252093395631434
27,2025-12-11 05:10:09,0,0.3127250257961464,21.219722222222224,1.0,0.0,3.0,3.0,0.9762960071199334,0.2164396139381029,0.43388373911755823,-0.900968867902419
27,2025-12-11 07:32:01,1,0.4601687256516418,2.3644444444444446,2.0,4.0,4.0,7.0,0.9205048534524404,-0.3907311284892736,0.43388373911755823,-0.900968867902419
27,2025-12-11 07:58:51,0,0.4497256209941956,0.44722222222222224,3.0,5.0,3.0,5.0,0.8703556959398997,-0.492423560103467,0.43388373911755823,-0.900968867902419
27,2025-12-11 13:39:33,1,0.44049170464106574,5.678333333333334,2.0,4.0,4.0,8.0,-0.41865973753742813,-0.9081431738250813,0.43388373911755823,-0.900968867902419
27,2025-12-11 15:38:49,1,0.48353094541973063,1.9877777777777779,2.0,7.0,5.0,12.0,-0.8141155183563193,-0.5807029557109396,0.43388373911755823,-0.900968867902419
27,2025-12-11 16:28:27,1,0.5377975517639839,0.8272222222222222,3.0,8.0,6.0,13.0,-0.9205048534524399,-0.39073112848927466,0.43388373911755823,-0.900968867902419
27,2025-12-11 17:16:49,1,0.5299376181779609,0.8061111111111111,4.0,11.0,7.0,16.0,-0.9816271834476639,-0.19080899537654547,0.43388373911755823,-0.900968867902419
27,2025-12-11 17:33:44,0,0.4588516191491701,0.28194444444444444,5.0,13.0,8.0,18.0,-0.9930684569549263,-0.1175373974578376,0.43388373911755823,-0.900968867902419
27,2025-12-11 21:31:32,1,0.4823618642356759,3.9633333333333334,5.0,15.0,9.0,23.0,-0.6052939880428949,0.7960020025346217,0.43388373911755823,-0.900968867902419
27,2025-12-11 22:34:21,0,0.5039300028358222,1.0469444444444445,4.0,13.0,10.0,26.0,-0.36650122672429725,0.9304175679820246,0.43388373911755823,-0.900968867902419
27,2025-12-12 06:52:52,1,0.4773337400468665,8.30861111111111,1.0,7.0,10.0,33.0,0.9743700647852352,-0.22495105434386503,-0.433883739117558,-0.9009688679024191
27,2025-12-12 07:38:14,0,0.5052805544673954,0.7561111111111111,2.0,7.0,10.0,29.0,0.9099612708765433,-0.4146932426562388,-0.433883739117558,-0.9009688679024191
27,2025-12-12 10:05:18,1,0.6183919315077593,2.451111111111111,3.0,10.0,10.0,31.0,0.48098876891938763,-0.8767267557075077,-0.433883739117558,-0.9009688679024191
27,2025-12-12 11:09:50,0,0.6395260873623309,1.0755555555555556,4.0,17.0,11.0,38.0,0.22069743502150113,-0.9753423205085127,-0.433883739117558,-0.9009688679024191
27,2025-12-12 20:48:25,0,0.28335482081291635,9.643055555555556,1.0,0.0,7.0,25.0,-0.7431448254773946,0.6691306063588578,-0.433883739117558,-0.9009688679024191
27,2025-12-12 23:26:17,1,0.43789935586514184,2.631111111111111,2.0,3.0,6.0,20.0,-0.14780941112961052,0.9890158633619168,-0.433883739117558,-0.9009688679024191
27,2025-12-13 00:36:18,1,0.5857125732427954,1.1669444444444443,3.0,3.0,7.0,20.0,0.15643446504023087,0.9876883405951378,-0.9749279121818236,-0.2225209339563146
27,2025-12-13 01:17:59,1,0.5940712501641296,0.6947222222222222,4.0,17.0,8.0,34.0,0.32969064526278724,0.9440890203927842,-0.9749279121818236,-0.2225209339563146
27,2025-12-13 01:33:19,0,0.559641778052672,0.25555555555555554,5.0,17.0,9.0,34.0,0.39474385638426723,0.9187912101488983,-0.9749279121818236,-0.2225209339563146
27,2025-12-14 02:25:32,0,0.3840454356509123,24.0,1.0,0.0,1.0,0.0,0.5913096483635824,0.8064446042674827,-0.7818314824680299,0.6234898018587334
27,2025-12-14 06:16:44,0,0.41027728959777154,3.8533333333333335,2.0,0.0,2.0,0.0,0.9975640502598242,-0.06975647374412533,-0.7818314824680299,0.6234898018587334
27,2025-12-14 11:12:24,0,0.46601773248191536,4.927777777777778,2.0,0.0,3.0,0.0,0.20791169081775931,-0.9781476007338057,-0.7818314824680299,0.6234898018587334
27,2025-12-15 06:46:04,0,0.2653893690095133,19.56111111111111,1.0,4.0,2.0,4.0,0.9799247046208296,-0.19936793441719708,0.0,1.0
27,2025-12-15 17:07:01,1,0.3308823912830594,10.349166666666667,1.0,1.0,2.0,5.0,-0.9733792584604485,-0.22920039092241418,0.0,1.0
27,2025-12-15 17:35:06,1,0.423590727460183,0.46805555555555556,2.0,1.0,3.0,5.0,-0.9940563382223195,-0.10886687485196507,0.0,1.0
27,2025-12-15 17:45:42,1,0.4094724264311683,0.17666666666666667,3.0,3.0,4.0,7.0,-0.9978589232386035,-0.06540312923014273,0.0,1.0
27,2025-12-15 19:18:14,1,0.467102128060071,1.5422222222222222,4.0,4.0,5.0,8.0,-0.9426414910921784,0.3338068592337709,0.0,1.0
27,2025-12-15 19:49:04,1,0.5823838350426799,0.5138888888888888,5.0,7.0,6.0,11.0,-0.8890171414857366,0.45787391511695635,0.0,1.0
27,2025-12-15 20:42:57,1,0.7237743880861887,0.8980555555555556,6.0,8.0,7.0,12.0,-0.7604059656000314,0.6494480483301832,0.0,1.0
27,2025-12-15 20:52:15,1,0.7716485237431435,0.155,7.0,10.0,8.0,14.0,-0.7313537016191703,0.6819983600624987,0.0,1.0
27,2025-12-15 21:31:54,1,0.7573134769683161,0.6608333333333334,8.0,14.0,9.0,18.0,-0.6052939880428949,0.7960020025346217,0.0,1.0
27,2025-12-15 22:33:14,1,0.6995607383815493,1.0222222222222221,9.0,16.0,10.0,20.0,-0.3705574375098368,0.928809552871924,0.0,1.0
27,2025-12-15 22:41:40,1,0.7433367348630188,0.14055555555555554,10.0,18.0,11.0,22.0,-0.3379167180033271,0.9411760152563706,0.0,1.0
27,2025-12-16 00:00:47,0,0.32630743712461935,1.3186111111111112,8.0,18.0,12.0,25.0,0.0,1.0,0.7818314824680298,0.6234898018587336
27,2025-12-16 08:01:47,0,0.2641166938240495,8.016666666666667,1.0,2.0,12.0,23.0,0.8638355052043956,-0.5037739770455266,0.7818314824680298,0.6234898018587336
27,2025-12-16 10:33:05,1,0.47992373078181394,2.5216666666666665,2.0,2.0,13.0,23.0,0.3705574375098363,-0.9288095528719242,0.7818314824680298,0.6234898018587336
27,2025-12-16 12:00:57,0,0.3958958600083111,1.4644444444444444,3.0,3.0,14.0,24.0,1.2246467991473532e-16,-1.0,0.7818314824680298,0.6234898018587336
27,2025-12-16 14:31:22,1,0.40481489765014944,2.5069444444444446,3.0,2.0,15.0,25.0,-0.6122172800344494,-0.7906895737438432,0.7818314824680298,0.6234898018587336
27,2025-12-16 14:45:38,1,0.6690534038606719,0.23777777777777778,4.0,5.0,16.0,28.0,-0.6593458151000688,-0.7518398074789775,0.7818314824680298,0.6234898018587336
27,2025-12-16 15:00:59,1,0.7235896837839887,0.25583333333333336,5.0,19.0,17.0,42.0,-0.7071067811865471,-0.7071067811865479,0.7818314824680298,0.6234898018587336
27,2025-12-16 15:29:10,1,0.8279556890116508,0.4697222222222222,6.0,22.0,18.0,45.0,-0.7906895737438433,-0.6122172800344493,0.7818314824680298,0.6234898018587336
27,2025-12-16 16:29:07,1,0.7852257099721212,0.9991666666666666,7.0,25.0,19.0,48.0,-0.9222009716704517,-0.38671096163682095,0.7818314824680298,0.6234898018587336
27,2025-12-16 16:36:53,1,0.845420811753543,0.12944444444444445,7.0,30.0,20.0,53.0,-0.9335804264972019,-0.3583679495452999,0.7818314824680298,0.6234898018587336
27,2025-12-16 16:46:03,1,0.8271429492197423,0.1527777777777778,8.0,33.0,21.0,56.0,-0.9483236552061992,-0.31730465640509264,0.7818314824680298,0.6234898018587336
27,2025-12-16 17:36:02,1,0.778982019396334,0.8330555555555555,9.0,37.0,20.0,59.0,-0.9945218953682734,-0.10452846326765336,0.7818314824680298,0.6234898018587336
27,2025-12-16 18:03:15,1,0.8018569858948693,0.45361111111111113,9.0,36.0,20.0,57.0,-0.999914327574007,0.01308959557134433,0.7818314824680298,0.6234898018587336
27,2025-12-16 18:18:36,1,0.8352886544837186,0.25583333333333336,10.0,39.0,21.0,60.0,-0.996917333733128,0.07845909572784521,0.7818314824680298,0.6234898018587336
27,2025-12-16 18:26:24,1,0.8449455307299008,0.13,11.0,46.0,22.0,67.0,-0.9935718556765876,0.11320321376790658,0.7818314824680298,0.6234898018587336
27,2025-12-16 18:38:27,1,0.8524637262510427,0.20083333333333334,12.0,48.0,23.0,69.0,-0.9862856015372315,0.16504760586067693,0.7818314824680298,0.6234898018587336
27,2025-12-16 19:16:28,1,0.8314861540455784,0.6336111111111111,13.0,58.0,24.0,79.0,-0.945518575599317,0.3255681544571563,0.7818314824680298,0.6234898018587336
27,2025-12-16 19:33:48,1,0.8685606971543963,0.28888888888888886,14.0,66.0,24.0,86.0,-0.9187912101488985,0.39474385638426673,0.7818314824680298,0.6234898018587336
27,2025-12-16 19:44:54,1,0.8576045254577288,0.185,15.0,84.0,25.0,104.0,-0.898794046299167,0.4383711467890774,0.7818314824680298,0.6234898018587336
27,2025-12-16 20:11:02,1,0.8334316131268538,0.43555555555555553,16.0,86.0,25.0,103.0,-0.8410390129643925,0.5409744713679937,0.7818314824680298,0.6234898018587336
27,2025-12-16 20:23:39,1,0.8721872685262833,0.21027777777777779,17.0,91.0,26.0,108.0,-0.8115739819650122,0.5842496656374345,0.7818314824680298,0.6234898018587336
27,2025-12-16 20:36:34,1,0.8704863004291349,0.2152777777777778,17.0,91.0,27.0,109.0,-0.7771459614569702,0.6293203910498383,0.7818314824680298,0.6234898018587336
27,2025-12-16 21:02:56,1,0.8652600601931971,0.43944444444444447,16.0,75.0,26.0,107.0,-0.7009092642998508,0.7132504491541817,0.7818314824680298,0.6234898018587336
27,2025-12-16 21:11:33,1,0.8791097886596441,0.1436111111111111,17.0,78.0,27.0,110.0,-0.6723668074346685,0.7402181274868317,0.7818314824680298,0.6234898018587336
27,2025-12-16 21:19:30,1,0.8575935881811608,0.1325,18.0,83.0,28.0,115.0,-0.6461239796429639,0.7632324697825288,0.7818314824680298,0.6234898018587336
27,2025-12-16 21:33:26,1,0.8718105539469851,0.23222222222222222,18.0,81.0,28.0,112.0,-0.5983246005706586,0.801253812691061,0.7818314824680298,0.6234898018587336
27,2025-12-16 21:38:16,1,0.8663958595557263,0.08055555555555556,19.0,82.0,29.0,113.0,-0.5807029557109397,0.8141155183563192,0.7818314824680298,0.6234898018587336
27,2025-12-16 21:58:00,0,0.6200589602015011,0.3288888888888889,20.0,86.0,30.0,117.0,-0.5075383629607049,0.8616291604415253,0.7818314824680298,0.6234898018587336
27,2025-12-17 05:48:05,1,0.49289914458087536,7.834722222222222,1.0,2.0,28.0,112.0,0.9986295347545738,0.052335956242943966,0.9749279121818236,-0.22252093395631434
27,2025-12-17 06:00:52,1,0.5707336345192966,0.21305555555555555,2.0,5.0,29.0,115.0,1.0,6.123233995736766e-17,0.9749279121818236,-0.22252093395631434
27,2025-12-17 06:25:24,0,0.45656483869056996,0.4088888888888889,3.0,7.0,30.0,117.0,0.9940563382223196,-0.10886687485196461,0.9749279121818236,-0.22252093395631434
27,2025-12-17 09:20:48,1,0.6013060083632006,2.9233333333333333,4.0,12.0,30.0,120.0,0.6427876096865391,-0.7660444431189781,0.9749279121818236,-0.22252093395631434
27,2025-12-17 09:34:19,1,0.7244169926151036,0.22527777777777777,5.0,13.0,31.0,121.0,0.5948227867513413,-0.8038568606172173,0.9749279121818236,-0.22252093395631434
27,2025-12-17 10:33:58,1,0.8146787743744645,0.9941666666666666,6.0,15.0,31.0,123.0,0.3705574375098363,-0.9288095528719242,0.9749279121818236,-0.22252093395631434
27,2025-12-17 11:17:21,1,0.8184889309108702,0.7230555555555556,7.0,28.0,32.0,136.0,0.18652403600873463,-0.9824503977255097,0.9749279121818236,-0.22252093395631434
27,2025-12-17 12:33:43,0,0.46132539583768833,1.2727777777777778,5.0,25.0,32.0,139.0,-0.14349262199117954,-0.9896513868196701,0.9749279121818236,-0.22252093395631434
27,2026-01-09 09:24:41,1,0.4129735367017484,24.0,1.0,0.0,1.0,0.0,0.6293203910498374,-0.7771459614569709,-0.433883739117558,-0.9009688679024191
27,2026-01-09 09:27:59,1,0.5246084949450713,0.055,2.0,1.0,2.0,1.0,0.6190939493098342,-0.7853169308807447,-0.433883739117558,-0.9009688679024191
27,2026-01-09 09:31:43,0,0.5185495018934693,0.06222222222222222,3.0,3.0,3.0,3.0,0.6052939880428945,-0.7960020025346219,-0.433883739117558,-0.9009688679024191
27,2026-01-10 06:12:48,1,0.5693546521477795,20.684722222222224,1.0,1.0,4.0,4.0,0.9986295347545738,-0.05233595624294384,-0.9749279121818236,-0.2225209339563146
27,2026-01-10 07:52:33,0,0.5645617600103868,1.6625,2.0,3.0,5.0,6.0,0.8829475928589269,-0.4694715627858909,-0.9749279121818236,-0.2225209339563146
